contract_id|validity|title|text|clean_text|abaixo|abono|acertar|acima|acordo|adicional|administração|ajuda|alimentação|alimentaçãor|alínea|ambito|ano|anotar|antecedente|anteceder|antecedência|antecipadamente|antecipação|anterior|anual|aplicar|aposentador|aposentadoria|apresentação|aquele|artigo|assegurar|assiduidade|assistência|atendimento|atestar|atingir|atualmente|auferida|aumento|ausencia|autorizar|bancário|base|benefício|bônu|bônus|caber|caixa|caixer|calcular|caput|carga|cargo|carnaval|carteira|cartão|casamento|caso|categoria|celebrar|cem|centavo|certidão|cinquenta|cinqüentar|cláusula|coletiva|comerciário|comissão|compensar|completar|completo|compravada|comprometar|comprovante|comprovantes|comum|comunicar|comércio|conceder|concessão|concorde|condicionar|conferência|conforme|considerar|consigar|consistir|constituir|conta|conter|continuidade|contrato|contínuo|convencionam|convenção|converter|correspondente|creditar|critério|crédito|ctps|cubico|cumprir|cumulativamente|cunho|custo|cópia|dar|data|de|deduzer|definir|deixar|dependente|depositar|depósito|descanso|descontar|desconto|desligar|destinar|dever|devidamente|devido|dezembro|dia|diferença|direito|disponivel|dobro|documentos|domingo|durante|efeito|ela|elegibilidade|empregada|empregado|empregador|empregadora|empregar|empresa|encargo|entrega|entregar|equiparação|equivalente|escrito|espontaneamente|espontâneo|estar|estender|estornar|eventual|excepcionalmente|exercer|extensivo|facultar|falta|faltar|fechar|feira|feriado|fevereiro|fica|ficar|fim|fixado|folga|folha|fornecer|fornecir|freqüência|funcionar|funcionário|função|férias|garantido|garantir|gozo|gratificação|habitualidade|havendo|haver|havir|hora|horária|horário|hábil|igual|impedimento|importância|incidencia|incidir|incidência|incorporar|indenização|independente|informar|iniciar|ininterruptamente|inss|instrumento|integrar|intermunicipal|intervalo|intregal|ir|isento|itararé|janeiro|junho|juntamente|jus|justificar|justo|lanche|legal|lei|licença|liderança|lista|maio|maternidade|matéria|mediante|medicamento|mencionado|mencionar|mensal|mensalmente|mercadorias|mes|mesmo|meta|metro|minuto|mo|modelo|motivo|movimentador|mão|médico|mínimo|nascimento|natureza|negociar|nenhum|nome|nominal|normativo|noventa|noventar|novento|obedecer|obra|obrigatoriamente|ocasião|ocorrer|odontológico|oitenta|operador|operadora|operadores|outubro|pactuar|pagamento|pagar|paradigma|paragrafo|parte|parágrafo|passado|patronal|perceber|permitir|pertencer|período|plr|plus|po|poder|política|pontualidade|porta|prazo|prejuizo|premiar|premio|presente|presença|prestar|prever|previdenciario|previdência|preço|principio|produtividade|produção|promoção|proporcional|proporcionalidade|proporção|providencia|prêmio|pts|publicitário|quadro|qualquer|quarenta|quatorzir|quebra|quinquênio|qüinqüênio|reajuste|real|realizar|receber|recebimento|receita|recibo|recomendar|refeição|referir|registrar|registro|remunerar|remuneração|remédio|renumeração|repouso|respectivo|respeitar|responsabilidade|retirar|salarial|salario|salário|secretaria|seguinte|seguro|ser|serrar|serviço|sessenta|setembro|sindicato|sistemática|social|subseqüente|sujeitas|superior|tambem|tampouco|ter|titlulo|tiver|tolerância|tomar|trabalhador|trabalhadores|trabalhar|trabalhista|trabalho|transcurso|transporte|trinto|turno|término|ultimo|unidade|vale|valer|valor|vantangem|vendedor|vida|vier|vigente|vigência|único
2012_002993|semvalorlegal|Other Bonuses| Fica assegurada a concessão de um abono aposentadoria da seguinte forma:  Aos empregados com (5) cinco anos ou mais de serviços contínuos na mesma empresa e que dela se desligarem espontaneamente, por motivo de aposentadoria, será pago abono equivalente ao seu ultimo salário nominal.  Aos empregados com (10) dez anos ou mais de serviços contínuos na mesma empresa, na forma das alíneas anteriores, será pago um abono equivalente a dois salários nominais. |fica assegurar concessão abono aposentador seguinte empregado ano serviço contínuo mesmo empresa de ela desligar espontaneamente motivo aposentadoria ser pagar abono equivalente ultimo salário nominal empregado ano serviço contínuo mesmo empresa alínea anterior ser pagar abono equivalente salário nominal|0.0|0.44447701154090535|0.0|0.0|0.0|0.0|0.0|0.0|0.0|0.0|0.14815900384696845|0.0|0.2366517423604757|0.0|0.0|0.0|0.0|0.0|0.0|0.14815900384696845|0.0|0.0|0.14815900384696845|0.14815900384696845|0.0|0.0|0.0|0.13070773995789173|0.0|0.0|0.0|0.0|0.0|0.0|0.0|0.0|0.0|0.0|0.0|0.0|0.0|0.0|0.0|0.0|0.0|0.0|0.0|0.0|0.0|0.0|0.0|0.0|0.0|0.0|0.0|0.0|0.0|0.0|0.0|0.0|0.0|0.0|0.0|0.0|0.0|0.0|0.0|0.0|0.0|0.0|0.0|0.0|0.0|0.0|0.0|0.0|0.0|0.14815900384696845|0.0|0.0|0.0|0.0|0.0|0.0|0.0|0.0|0.0|0.0|0.0|0.0|0.2963180076939369|0.0|0.0|0.0|0.0|0.0|0.0|0.0|0.0|0.0|0.0|0.0|0.0|0.0|0.0|0.0|0.0|0.14815900384696845|0.0|0.0|0.0|0.0|0.0|0.0|0.0|0.0|0.0|0.14815900384696845|0.0|0.0|0.0|0.0|0.0|0.0|0.0|0.0|0.0|0.0|0.0|0.0|0.0|0.0|0.14815900384696845|0.0|0.0|0.12881362402924956|0.0|0.0|0.0|0.12287470212101594|0.0|0.0|0.0|0.0|0.2963180076939369|0.0|0.14815900384696845|0.0|0.0|0.0|0.0|0.0|0.0|0.0|0.0|0.0|0.0|0.0|0.0|0.0|0.0|0.0|0.14815900384696845|0.0|0.0|0.0|0.0|0.0|0.0|0.0|0.0|0.0|0.0|0.0|0.0|0.0|0.0|0.0|0.0|0.0|0.0|0.0|0.0|0.0|0.0|0.0|0.0|0.0|0.0|0.0|0.0|0.0|0.0|0.0|0.0|0.0|0.0|0.0|0.0|0.0|0.0|0.0|0.0|0.0|0.0|0.0|0.0|0.0|0.0|0.0|0.0|0.0|0.0|0.0|0.0|0.0|0.0|0.0|0.0|0.0|0.0|0.0|0.0|0.0|0.0|0.0|0.0|0.0|0.0|0.0|0.0|0.2017492145823222|0.0|0.0|0.0|0.0|0.0|0.14815900384696845|0.0|0.0|0.0|0.0|0.0|0.0|0.0|0.0|0.0|0.2963180076939369|0.0|0.0|0.0|0.0|0.0|0.0|0.0|0.0|0.0|0.0|0.0|0.0|0.0|0.0|0.0|0.0|0.0|0.15777722989916942|0.0|0.0|0.0|0.0|0.0|0.0|0.0|0.0|0.0|0.0|0.0|0.0|0.0|0.0|0.0|0.0|0.0|0.0|0.0|0.0|0.0|0.0|0.0|0.0|0.0|0.0|0.0|0.0|0.0|0.0|0.0|0.0|0.0|0.0|0.0|0.0|0.0|0.0|0.0|0.0|0.0|0.0|0.0|0.0|0.0|0.0|0.0|0.0|0.0|0.0|0.0|0.0|0.0|0.0|0.0|0.0|0.0|0.0|0.0|0.0|0.0|0.0|0.0|0.0|0.0|0.0|0.0|0.0|0.0|0.1884798893627108|0.0|0.11832587118023785|0.0|0.14208294924886097|0.0|0.1884798893627108|0.0|0.0|0.0|0.0|0.0|0.0|0.0|0.0|0.0|0.0|0.0|0.0|0.0|0.0|0.0|0.0|0.0|0.0|0.0|0.0|0.0|0.0|0.0|0.0|0.0|0.14815900384696845|0.0|0.0|0.0|0.0|0.0|0.0|0.0|0.0|0.0|0.0|0.0
2012_002993|semvalorlegal|Other Bonuses|O Empregador fornecerá ao empregado, pelo preço de custo, remédios ou medicamentos mediante apresentação de receita, estendendo esse direito a todos os dependentes legais, com desconto em folha de pagamento. |empregador fornecer empregado preço custo remédio medicamento mediante apresentação receita estender direito dependente legal desconto folha pagamento|0.0|0.0|0.0|0.0|0.0|0.0|0.0|0.0|0.0|0.0|0.0|0.0|0.0|0.0|0.0|0.0|0.0|0.0|0.0|0.0|0.0|0.0|0.0|0.0|0.26615786365067057|0.0|0.0|0.0|0.0|0.0|0.0|0.0|0.0|0.0|0.0|0.0|0.0|0.0|0.0|0.0|0.0|0.0|0.0|0.0|0.0|0.0|0.0|0.0|0.0|0.0|0.0|0.0|0.0|0.0|0.0|0.0|0.0|0.0|0.0|0.0|0.0|0.0|0.0|0.0|0.0|0.0|0.0|0.0|0.0|0.0|0.0|0.0|0.0|0.0|0.0|0.0|0.0|0.0|0.0|0.0|0.0|0.0|0.0|0.0|0.0|0.0|0.0|0.0|0.0|0.0|0.0|0.0|0.0|0.0|0.0|0.0|0.0|0.0|0.0|0.0|0.0|0.0|0.0|0.2348078208310097|0.0|0.0|0.0|0.0|0.0|0.0|0.0|0.2348078208310097|0.0|0.0|0.0|0.0|0.26615786365067057|0.0|0.0|0.0|0.0|0.0|0.0|0.0|0.0|0.2125646114661087|0.0|0.0|0.0|0.0|0.0|0.0|0.0|0.0|0.0|0.11570258334126637|0.2348078208310097|0.0|0.0|0.0|0.0|0.0|0.0|0.0|0.0|0.0|0.0|0.0|0.0|0.26615786365067057|0.0|0.0|0.0|0.0|0.0|0.0|0.0|0.0|0.0|0.0|0.0|0.0|0.0|0.0|0.0|0.0|0.0|0.2348078208310097|0.2125646114661087|0.0|0.0|0.0|0.0|0.0|0.0|0.0|0.0|0.0|0.0|0.0|0.0|0.0|0.0|0.0|0.0|0.0|0.0|0.0|0.0|0.0|0.0|0.0|0.0|0.0|0.0|0.0|0.0|0.0|0.0|0.0|0.0|0.0|0.0|0.0|0.0|0.0|0.0|0.0|0.0|0.0|0.0|0.0|0.0|0.0|0.0|0.26615786365067057|0.0|0.0|0.0|0.0|0.0|0.0|0.0|0.26615786365067057|0.26615786365067057|0.0|0.0|0.0|0.0|0.0|0.0|0.0|0.0|0.0|0.0|0.0|0.0|0.0|0.0|0.0|0.0|0.0|0.0|0.0|0.0|0.0|0.0|0.0|0.0|0.0|0.0|0.0|0.0|0.0|0.0|0.0|0.0|0.0|0.0|0.0|0.0|0.0|0.0|0.0|0.19531143789151473|0.0|0.0|0.0|0.0|0.0|0.0|0.0|0.0|0.0|0.0|0.0|0.0|0.0|0.0|0.0|0.0|0.0|0.0|0.0|0.0|0.0|0.0|0.0|0.0|0.0|0.0|0.0|0.0|0.26615786365067057|0.0|0.0|0.0|0.0|0.0|0.0|0.0|0.0|0.0|0.0|0.0|0.0|0.0|0.0|0.0|0.0|0.0|0.0|0.0|0.0|0.0|0.0|0.0|0.26615786365067057|0.0|0.0|0.0|0.0|0.0|0.0|0.0|0.0|0.26615786365067057|0.0|0.0|0.0|0.0|0.0|0.0|0.0|0.0|0.0|0.0|0.0|0.0|0.0|0.0|0.0|0.0|0.0|0.0|0.0|0.0|0.0|0.0|0.0|0.0|0.0|0.0|0.0|0.0|0.0|0.0|0.0|0.0|0.0|0.0|0.0|0.0|0.0|0.0|0.0|0.0|0.0|0.0|0.0|0.0|0.0|0.0|0.0|0.0|0.0|0.0|0.0|0.0
2017_084809|carimbo|Awards|As empresas serão autorizadas a usar mão de obra de trabalhadores nos seguintes domingos de dezembro: 03, 10 e 17 e 24 de dezembro de 2017. Com carga horária autorizada de até 5 horas, em turno único, sem intervalo de descanso, apenas com intervalo para lanche. PARAGRAFO ÚNICO: Excepcionalmente para o domingo dia 24 de dezembro de 2017 as empresas deverão cumprir a seguinte carga horária: das 09h as 14h em turno único, sem intervalo de descanso, apenas com intervalo para lanche. REMUNERAÇÃO Será pago um bônus de R$120,00 (cento e vinte reais) por domingo trabalhado a cada trabalhador(a). Sendo que o bônus deve ser depositado antecipadamente em sua conta bancária no nome do trabalhador, ou a empresa deverá deixar na secretaria do sindicato onde o valor ficará disponivel para o trabalhador retirar até a sexta-feira meio dia que antecede o domingo trabalhado. O trabalhador que não vier retirar não poderá trabalhar no domingo referido ao bônus. Lista de trabalhadores e Comprovantes de Depósito: Entrega da lista de trabalhadores: a empresa fornecerá ao sindicato dos comerciários até as 12h (meio dia) da sexta-feira que antecede o domingo trabalhado a relação de todos os empregados que irão trabalhar domingo. As empresas também deverão informar ao Sindicato qual o horário que será realizado. Comprovante de pagamento de bônus: A empresa fornecerá ao sindicato dos comerciários até as 12h (meio dia) da sexta feira antecedente ao domingo trabalhado a cópia do depósito. As empresas deverão conter registro de ponto independente do número de trabalhadores. As empresas deverão fechar suas portas com 30 (trinta) minutos de antecedência ao término do horário para dar continuidade aos atendimentos iniciados de porta fechada. Operadores de Caixa: Caso o operador de caixa não consiga fechar seu caixa no tempo hábil a empresa pagará adicional de 100% (cem por cento) para as operadoras de caixa sendo permitido no máximo 30 (trinta) minutos de tolerância. As empresas deverão informar quem é caixa quando entregarem a lista de trabalhadores. FOLGA: As empresas deverão fornecer folga proporcional ao tempo trabalhado nos domingos aos seus empregados. As folgas deverão obrigatoriamente serem dadas nos meses de janeiro e fevereiro de 2018. Os empregados que trabalharem em um ou mais domingos, terão garantido o descanso na 2ª e 3ª de carnaval. Caso ocorra a falta do trabalhador o valor do bônus deverá ser estornado na próxima folha de pagamento.  |empresa ser autorizar mão obra trabalhador seguinte domingo dezembro dezembro carga horária autorizar hora turno único intervalo descanso intervalo lanche paragrafo único excepcionalmente domingo dia dezembro empresa dever cumprir seguinte carga horária turno único intervalo descanso intervalo lanche remuneração ser pagar bônu real domingo trabalhar ser bônu depositar antecipadamente conta bancário nome trabalhador empresa deixar secretaria sindicato ficar disponivel trabalhador retirar dia anteceder domingo trabalhar trabalhador vier retirar trabalhar domingo referir bônu lista trabalhador comprovantes depósito entrega lista trabalhador empresa fornecer sindicato comerciário dia anteceder domingo trabalhar empregado ir trabalhar domingo empresa dever informar sindicato horário ser realizar comprovante pagamento bônu empresa fornecer sindicato comerciário dia feira antecedente domingo trabalhar cópia depósito empresa dever conter registro independente trabalhador empresa dever fechar porta trinto minuto antecedência término horário continuidade atendimento iniciar porta fechar operadores caixa caso operador caixa consigar fechar caixa hábil empresa pagar adicional cem operadora caixa ser permitir trinto minuto tolerância empresa dever informar caixer entregar lista trabalhador folga empresa dever fornecer folga proporcional trabalhar domingo empregado folga dever obrigatoriamente ser dar janeiro fevereiro empregado trabalhar domingo ter garantir descanso carnaval caso ocorrer trabalhador bônus estornar folha pagamento|0.0|0.0|0.0|0.0|0.0|0.03601103859522052|0.0|0.0|0.0|0.0|0.0|0.0|0.0|0.0|0.04509038938437742|0.09018077876875484|0.04509038938437742|0.04509038938437742|0.0|0.0|0.0|0.0|0.0|0.0|0.0|0.0|0.0|0.0|0.0|0.0|0.04509038938437742|0.0|0.0|0.0|0.0|0.0|0.0|0.09018077876875484|0.04509038938437742|0.0|0.0|0.18036155753750968|0.04509038938437742|0.0|0.15911723856731042|0.04509038938437742|0.0|0.0|0.09018077876875484|0.0|0.04509038938437742|0.0|0.0|0.0|0.07202207719044104|0.0|0.0|0.04509038938437742|0.0|0.0|0.0|0.0|0.0|0.0|0.07955861928365521|0.0|0.0|0.0|0.0|0.0|0.0|0.04509038938437742|0.04509038938437742|0.0|0.0|0.0|0.0|0.0|0.0|0.0|0.0|0.0|0.0|0.04509038938437742|0.0|0.0|0.04509038938437742|0.04509038938437742|0.04509038938437742|0.0|0.0|0.0|0.0|0.0|0.0|0.0|0.0|0.0|0.0|0.0|0.039779309641827604|0.0|0.0|0.0|0.04509038938437742|0.04509038938437742|0.0|0.0|0.0|0.0|0.04509038938437742|0.0|0.04509038938437742|0.09018077876875484|0.1193379289254828|0.0|0.0|0.0|0.0|0.315632725690642|0.0|0.0|0.13527116815313225|0.13235256197141268|0.0|0.0|0.04509038938437742|0.0|0.0|0.39779309641827604|0.0|0.0|0.0|0.0|0.0|0.05880428777205063|0.0|0.0|0.0|0.20567480957261097|0.0|0.04509038938437742|0.04509038938437742|0.0|0.0|0.0|0.0|0.0|0.0|0.0|0.04509038938437742|0.0|0.04509038938437742|0.0|0.0|0.0|0.0|0.0|0.13527116815313225|0.04509038938437742|0.0|0.04509038938437742|0.0|0.028680780046507107|0.0|0.0|0.13527116815313225|0.039779309641827604|0.10803311578566156|0.0|0.0|0.0|0.0|0.0|0.0|0.0|0.03601103859522052|0.0|0.0|0.0|0.0|0.0|0.0|0.03601103859522052|0.09018077876875484|0.09018077876875484|0.04509038938437742|0.0|0.0|0.0|0.0|0.0|0.0|0.0|0.0|0.04509038938437742|0.09018077876875484|0.04509038938437742|0.0|0.0|0.0|0.0|0.0|0.15911723856731042|0.0|0.04509038938437742|0.0|0.0|0.04509038938437742|0.0|0.0|0.0|0.0|0.0|0.09018077876875484|0.0|0.0|0.0|0.0|0.13527116815313225|0.0|0.0|0.0|0.0|0.0|0.0|0.0|0.0|0.0|0.0|0.0|0.0|0.0|0.0|0.09018077876875484|0.0|0.0|0.0|0.0|0.04509038938437742|0.0|0.0|0.0|0.0|0.0|0.0|0.039779309641827604|0.0|0.0|0.0|0.0|0.0|0.0|0.04509038938437742|0.039779309641827604|0.0|0.039779309641827604|0.0|0.0|0.039779309641827604|0.04509038938437742|0.04509038938437742|0.0|0.0|0.06617628098570634|0.04801757940739254|0.0|0.03601103859522052|0.0|0.0|0.0|0.0|0.0|0.04509038938437742|0.0|0.0|0.0|0.0|0.0|0.0|0.0|0.0|0.09018077876875484|0.0|0.0|0.0|0.0|0.0|0.0|0.0|0.0|0.0|0.0|0.0|0.0|0.0|0.0|0.0|0.04509038938437742|0.0|0.0|0.0|0.0|0.0|0.0|0.0|0.0|0.0|0.0|0.0|0.0|0.0|0.0|0.02693168780606362|0.03601103859522052|0.0|0.0|0.0|0.0|0.0|0.0|0.04509038938437742|0.0|0.04509038938437742|0.0|0.03601103859522052|0.0|0.0|0.0|0.0|0.0|0.0|0.09018077876875484|0.0|0.0|0.0|0.04509038938437742|0.07202207719044104|0.0|0.1297236483810828|0.0|0.0|0.0|0.0|0.15911723856731042|0.0|0.0|0.0|0.0|0.0|0.0|0.0|0.03308814049285317|0.0|0.0|0.04509038938437742|0.0|0.3240993473569847|0.0|0.31823447713462083|0.0|0.0|0.0|0.0|0.09018077876875484|0.09018077876875484|0.04509038938437742|0.0|0.0|0.0|0.0|0.0|0.0|0.0|0.0|0.04509038938437742|0.0|0.0|0.10803311578566156
2012_002943|semvalorlegal|Awards|Sobre os salarios dos empregados terão uma gratificação de assiduidade/pontualidade, de 3%(Três po cento), mensalmente condicionada a freqüência intregal do mês e a pontualidade não podendo descontar as faltas justificadas em lei. PARÁGRAFO ÚNICO- A empresa que tem em seu quadro de funcionários cargo de vendedor fica justo e acertado, que em caso de renumeração através de comissão sobre Cláusula da assiduidade não terá efeito. |salario empregado ter gratificação assiduidade pontualidade po mensalmente condicionar freqüência intregal pontualidade poder descontar falta justificar lei parágrafo empresa quadro funcionário cargo vendedor ficar justo acertar caso renumeração comissão cláusula assiduidade ter efeito|0.0|0.0|0.179718314036633|0.0|0.0|0.0|0.0|0.0|0.0|0.0|0.0|0.0|0.0|0.0|0.0|0.0|0.0|0.0|0.0|0.0|0.0|0.0|0.0|0.0|0.0|0.0|0.0|0.0|0.28706086735562625|0.0|0.0|0.0|0.0|0.0|0.0|0.0|0.0|0.0|0.0|0.0|0.0|0.0|0.0|0.0|0.0|0.0|0.0|0.0|0.0|0.179718314036633|0.0|0.0|0.0|0.0|0.14353043367781312|0.0|0.0|0.0|0.0|0.0|0.0|0.0|0.15854976104613971|0.0|0.0|0.179718314036633|0.0|0.0|0.0|0.0|0.0|0.0|0.0|0.0|0.0|0.0|0.0|0.0|0.0|0.179718314036633|0.0|0.0|0.0|0.0|0.0|0.0|0.0|0.0|0.0|0.0|0.0|0.0|0.0|0.0|0.0|0.0|0.0|0.0|0.0|0.0|0.0|0.0|0.0|0.0|0.0|0.0|0.0|0.0|0.0|0.0|0.0|0.0|0.0|0.0|0.0|0.15854976104613971|0.0|0.0|0.0|0.0|0.0|0.0|0.0|0.0|0.0|0.0|0.0|0.0|0.0|0.0|0.0|0.15854976104613971|0.0|0.0|0.0|0.07812608999246837|0.0|0.0|0.0|0.07452410494657333|0.0|0.0|0.0|0.0|0.0|0.0|0.0|0.0|0.0|0.0|0.0|0.0|0.0|0.0|0.0|0.0|0.179718314036633|0.0|0.0|0.0|0.0|0.0|0.0|0.11431397035128822|0.0|0.0|0.0|0.0|0.0|0.0|0.179718314036633|0.0|0.14353043367781312|0.0|0.0|0.0|0.0|0.0|0.179718314036633|0.0|0.0|0.0|0.0|0.0|0.0|0.0|0.0|0.0|0.0|0.0|0.0|0.0|0.0|0.0|0.0|0.0|0.0|0.0|0.0|0.0|0.0|0.0|0.0|0.0|0.179718314036633|0.0|0.0|0.0|0.0|0.0|0.0|0.0|0.179718314036633|0.179718314036633|0.0|0.0|0.15854976104613971|0.0|0.0|0.0|0.0|0.0|0.0|0.0|0.0|0.0|0.0|0.0|0.179718314036633|0.0|0.0|0.0|0.0|0.0|0.0|0.0|0.0|0.0|0.0|0.0|0.0|0.0|0.0|0.0|0.0|0.0|0.0|0.0|0.0|0.0|0.0|0.0|0.0|0.0|0.0|0.0|0.0|0.0|0.0|0.0|0.0|0.0|0.0|0.0|0.0|0.0|0.0|0.0|0.0|0.12236188068731986|0.0|0.0|0.0|0.0|0.0|0.0|0.0|0.0|0.179718314036633|0.179718314036633|0.0|0.359436628073266|0.0|0.0|0.0|0.0|0.0|0.0|0.0|0.0|0.0|0.0|0.0|0.0|0.0|0.0|0.0|0.0|0.0|0.0|0.0|0.0|0.0|0.0|0.0|0.14353043367781312|0.0|0.0|0.0|0.0|0.0|0.0|0.0|0.0|0.0|0.0|0.0|0.0|0.0|0.0|0.0|0.0|0.0|0.0|0.0|0.0|0.0|0.179718314036633|0.0|0.0|0.0|0.0|0.0|0.0|0.179718314036633|0.0|0.0|0.0|0.0|0.0|0.0|0.0|0.0|0.0|0.0|0.0|0.0|0.0|0.0|0.0|0.0|0.0|0.2637610765917729|0.0|0.0|0.0|0.0|0.0|0.0|0.0|0.0|0.0|0.0|0.0|0.0|0.0|0.0|0.0|0.0|0.0|0.0|0.0|0.0|0.179718314036633|0.0|0.0|0.0|0.0|0.0
2014_009174|carimbo|Other Bonuses|Convencionam as partes que para o  feriado trabalhado, sem prejuizo das demais vantangens prevista no presente acordo, fará jus o trabalhador uma ajuda de custo no valor de R$ 42,00 (quarenta e dois reais) , para alimentação e transporte, a ser pago no dia, bem como intervalo de 02 (duas) horas para repouso e alimentação. |convencionam parte feriado trabalhar prejuizo vantangem prever presente acordo jus trabalhador ajuda custo quarenta real alimentação transporte pagar dia intervalo hora repouso alimentação|0.0|0.0|0.0|0.0|0.17398859384805354|0.0|0.0|0.2371004634347326|0.3787163542504732|0.0|0.0|0.0|0.0|0.0|0.0|0.0|0.0|0.0|0.0|0.0|0.0|0.0|0.0|0.0|0.0|0.0|0.0|0.0|0.0|0.0|0.0|0.0|0.0|0.0|0.0|0.0|0.0|0.0|0.0|0.0|0.0|0.0|0.0|0.0|0.0|0.0|0.0|0.0|0.0|0.0|0.0|0.0|0.0|0.0|0.0|0.0|0.0|0.0|0.0|0.0|0.0|0.0|0.0|0.0|0.0|0.0|0.0|0.0|0.0|0.0|0.0|0.0|0.0|0.0|0.0|0.0|0.0|0.0|0.0|0.0|0.0|0.0|0.0|0.0|0.0|0.0|0.0|0.0|0.0|0.0|0.0|0.2371004634347326|0.0|0.0|0.0|0.0|0.0|0.0|0.0|0.0|0.0|0.0|0.0|0.2091730162449844|0.0|0.0|0.0|0.0|0.0|0.0|0.0|0.0|0.0|0.0|0.0|0.0|0.0|0.0|0.0|0.0|0.0|0.0|0.0|0.17398859384805354|0.0|0.0|0.0|0.0|0.0|0.0|0.0|0.0|0.0|0.0|0.0|0.0|0.0|0.0|0.0|0.0|0.0|0.0|0.0|0.0|0.0|0.0|0.0|0.0|0.0|0.0|0.0|0.0|0.0|0.0|0.0|0.0|0.0|0.0|0.0|0.0|0.2091730162449844|0.0|0.0|0.0|0.0|0.0|0.0|0.0|0.0|0.0|0.0|0.0|0.0|0.0|0.0|0.0|0.0|0.0|0.0|0.0|0.0|0.0|0.0|0.1893581771252366|0.0|0.0|0.0|0.0|0.0|0.0|0.0|0.0|0.0|0.0|0.0|0.0|0.0|0.0|0.0|0.0|0.0|0.0|0.0|0.2091730162449844|0.0|0.0|0.0|0.0|0.0|0.0|0.0|0.1893581771252366|0.0|0.0|0.0|0.0|0.0|0.0|0.0|0.0|0.0|0.0|0.0|0.0|0.0|0.0|0.0|0.0|0.0|0.0|0.0|0.0|0.0|0.0|0.0|0.0|0.0|0.0|0.0|0.0|0.0|0.0|0.0|0.0|0.0|0.0|0.0|0.0|0.0|0.0|0.0|0.0|0.0|0.0|0.0|0.0|0.0|0.0|0.0|0.0|0.0|0.0|0.0|0.0|0.0|0.12624630753855753|0.0|0.0|0.17398859384805354|0.0|0.0|0.0|0.0|0.0|0.0|0.0|0.0|0.0|0.0|0.0|0.0|0.0|0.0|0.0|0.2371004634347326|0.0|0.0|0.17398859384805354|0.0|0.0|0.1893581771252366|0.0|0.0|0.0|0.0|0.0|0.0|0.0|0.0|0.0|0.0|0.0|0.0|0.0|0.0|0.0|0.0|0.2371004634347326|0.0|0.0|0.0|0.0|0.0|0.14161589081574058|0.0|0.0|0.0|0.0|0.0|0.0|0.0|0.0|0.0|0.0|0.0|0.0|0.0|0.0|0.2371004634347326|0.0|0.0|0.0|0.0|0.0|0.0|0.0|0.0|0.0|0.0|0.0|0.0|0.0|0.0|0.0|0.0|0.0|0.0|0.0|0.0|0.0|0.0|0.0|0.0|0.0|0.0|0.0|0.0|0.1893581771252366|0.0|0.2091730162449844|0.0|0.0|0.0|0.2091730162449844|0.0|0.0|0.0|0.0|0.0|0.0|0.0|0.0|0.2371004634347326|0.0|0.0|0.0|0.0|0.0|0.0
2012_003082|semvalorlegal|Awards|A empresa fornecerá a todos seus empregados refeição, o empregado pagará apenas a importância de 1,14(Um real e quatorze centavos), por refeição fornecida. |empresa fornecer empregado refeição empregado pagar importância real quatorzir centavo refeição fornecir|0.0|0.0|0.0|0.0|0.0|0.0|0.0|0.0|0.0|0.0|0.0|0.0|0.0|0.0|0.0|0.0|0.0|0.0|0.0|0.0|0.0|0.0|0.0|0.0|0.0|0.0|0.0|0.0|0.0|0.0|0.0|0.0|0.0|0.0|0.0|0.0|0.0|0.0|0.0|0.0|0.0|0.0|0.0|0.0|0.0|0.0|0.0|0.0|0.0|0.0|0.0|0.0|0.0|0.0|0.0|0.0|0.0|0.0|0.3275759904559159|0.0|0.0|0.0|0.0|0.0|0.0|0.0|0.0|0.0|0.0|0.0|0.0|0.0|0.0|0.0|0.0|0.0|0.0|0.0|0.0|0.0|0.0|0.0|0.0|0.0|0.0|0.0|0.0|0.0|0.0|0.0|0.0|0.0|0.0|0.0|0.0|0.0|0.0|0.0|0.0|0.0|0.0|0.0|0.0|0.0|0.0|0.0|0.0|0.0|0.0|0.0|0.0|0.0|0.0|0.0|0.0|0.0|0.0|0.0|0.0|0.0|0.0|0.0|0.0|0.0|0.0|0.0|0.0|0.0|0.0|0.0|0.0|0.0|0.0|0.0|0.0|0.28480382143485095|0.0|0.0|0.0|0.1358365040400851|0.0|0.0|0.0|0.0|0.0|0.0|0.0|0.0|0.0|0.0|0.0|0.0|0.0|0.0|0.0|0.0|0.0|0.0|0.0|0.0|0.0|0.0|0.0|0.0|0.0|0.0|0.0|0.0|0.2616156523869516|0.3275759904559159|0.0|0.0|0.0|0.0|0.0|0.0|0.0|0.0|0.0|0.0|0.0|0.0|0.0|0.0|0.0|0.0|0.0|0.0|0.0|0.3275759904559159|0.0|0.0|0.0|0.0|0.0|0.0|0.0|0.0|0.0|0.0|0.0|0.0|0.0|0.0|0.0|0.0|0.0|0.0|0.0|0.0|0.0|0.0|0.0|0.0|0.0|0.0|0.0|0.0|0.0|0.0|0.0|0.0|0.0|0.0|0.0|0.0|0.0|0.0|0.0|0.0|0.0|0.0|0.0|0.0|0.0|0.0|0.0|0.0|0.0|0.0|0.0|0.0|0.0|0.0|0.0|0.0|0.0|0.0|0.0|0.0|0.0|0.0|0.0|0.0|0.0|0.0|0.0|0.0|0.0|0.0|0.0|0.0|0.0|0.0|0.0|0.1744208283453193|0.0|0.0|0.0|0.0|0.0|0.0|0.0|0.0|0.0|0.0|0.0|0.0|0.0|0.0|0.0|0.0|0.0|0.0|0.0|0.0|0.0|0.0|0.0|0.0|0.0|0.0|0.0|0.0|0.0|0.0|0.0|0.0|0.0|0.0|0.0|0.0|0.0|0.0|0.0|0.0|0.0|0.0|0.3275759904559159|0.0|0.0|0.0|0.0|0.19565531431798733|0.0|0.0|0.0|0.0|0.0|0.0|0.5779833323013635|0.0|0.0|0.0|0.0|0.0|0.0|0.0|0.0|0.0|0.0|0.0|0.0|0.0|0.0|0.0|0.0|0.0|0.0|0.0|0.0|0.0|0.0|0.0|0.0|0.0|0.0|0.0|0.0|0.0|0.0|0.0|0.0|0.0|0.0|0.0|0.0|0.0|0.0|0.0|0.0|0.0|0.0|0.0|0.0|0.0|0.0|0.0|0.0|0.0|0.0|0.0|0.0|0.0|0.0|0.0|0.0|0.0|0.0
2013_073403|semvalorlegal|Awards|Premio de assiduidade , ora definido como um premio de a todos os fu8ncionários de sua unidade de Itararé, destinados a premiar aqueles funcionários que não faltarem ao serviço mo transcurso do mes. |premio assiduidade definir premio unidade itararé destinar premiar funcionário faltar serviço mo transcurso mes|0.0|0.0|0.0|0.0|0.0|0.0|0.0|0.0|0.0|0.0|0.0|0.0|0.0|0.0|0.0|0.0|0.0|0.0|0.0|0.0|0.0|0.0|0.0|0.0|0.0|0.0|0.0|0.0|0.2214192906916692|0.0|0.0|0.0|0.0|0.0|0.0|0.0|0.0|0.0|0.0|0.0|0.0|0.0|0.0|0.0|0.0|0.0|0.0|0.0|0.0|0.0|0.0|0.0|0.0|0.0|0.0|0.0|0.0|0.0|0.0|0.0|0.0|0.0|0.0|0.0|0.0|0.0|0.0|0.0|0.0|0.0|0.0|0.0|0.0|0.0|0.0|0.0|0.0|0.0|0.0|0.0|0.0|0.0|0.0|0.0|0.0|0.0|0.0|0.0|0.0|0.0|0.0|0.0|0.0|0.0|0.0|0.0|0.0|0.0|0.0|0.0|0.0|0.0|0.0|0.0|0.0|0.0|0.0|0.0|0.0|0.27724504551849016|0.0|0.0|0.0|0.0|0.0|0.0|0.0|0.0|0.27724504551849016|0.0|0.0|0.0|0.0|0.0|0.0|0.0|0.0|0.0|0.0|0.0|0.0|0.0|0.0|0.0|0.0|0.0|0.0|0.0|0.0|0.0|0.0|0.0|0.0|0.0|0.0|0.0|0.0|0.0|0.0|0.0|0.0|0.0|0.0|0.0|0.0|0.0|0.0|0.27724504551849016|0.0|0.0|0.0|0.0|0.0|0.0|0.0|0.0|0.0|0.0|0.0|0.0|0.0|0.0|0.2214192906916692|0.0|0.0|0.0|0.0|0.0|0.0|0.0|0.0|0.0|0.0|0.0|0.0|0.0|0.0|0.0|0.0|0.0|0.0|0.0|0.0|0.0|0.0|0.0|0.0|0.0|0.0|0.0|0.0|0.0|0.0|0.0|0.0|0.0|0.0|0.27724504551849016|0.0|0.0|0.0|0.0|0.0|0.0|0.0|0.0|0.0|0.0|0.0|0.0|0.0|0.0|0.0|0.0|0.0|0.0|0.0|0.0|0.0|0.0|0.24458907237034686|0.0|0.0|0.0|0.0|0.27724504551849016|0.0|0.0|0.0|0.0|0.0|0.0|0.0|0.0|0.0|0.0|0.0|0.0|0.0|0.0|0.0|0.0|0.0|0.0|0.0|0.0|0.0|0.0|0.0|0.0|0.0|0.0|0.0|0.0|0.0|0.0|0.0|0.0|0.0|0.0|0.0|0.0|0.0|0.0|0.0|0.0|0.0|0.0|0.0|0.0|0.0|0.0|0.0|0.0|0.0|0.27724504551849016|0.4428385813833384|0.0|0.0|0.0|0.0|0.0|0.0|0.0|0.0|0.0|0.0|0.0|0.0|0.0|0.0|0.0|0.0|0.0|0.0|0.0|0.0|0.0|0.0|0.0|0.0|0.0|0.0|0.0|0.0|0.0|0.0|0.0|0.0|0.0|0.0|0.0|0.0|0.0|0.0|0.0|0.0|0.0|0.0|0.0|0.0|0.0|0.0|0.0|0.0|0.0|0.0|0.0|0.0|0.0|0.0|0.17634809275465427|0.0|0.0|0.0|0.0|0.0|0.0|0.0|0.0|0.0|0.0|0.0|0.0|0.0|0.0|0.0|0.0|0.0|0.0|0.0|0.0|0.27724504551849016|0.0|0.0|0.0|0.0|0.0|0.27724504551849016|0.0|0.0|0.0|0.0|0.0|0.0|0.0|0.0|0.0|0.0
2013_073403|semvalorlegal|Awards|No dia 20 de cada mês, no cartão vale alimentação no valor de R$ 57,00 ( cinquenta e sete ) reais aqueles funcionários que não tiverem ausencia superior a 4 h no mes, desde que estas horas estejam devidamente atestadas. Paragrafo Primeiro : o premio assiduidade pactuado pelo presente instrumento não incorporará aos salários,nem tampouco haverá incidencia de INSS ou quaisquer encargos trabalhistas. |dia cartão vale alimentação cinquenta real funcionário tiver ausencia superior h mes hora estar devidamente atestar paragrafo premio assiduidade pactuar presente instrumento incorporar salário tampouco haver incidencia inss qualquer encargo trabalhista|0.0|0.0|0.0|0.0|0.0|0.0|0.0|0.0|0.16464377857636645|0.0|0.0|0.0|0.0|0.0|0.0|0.0|0.0|0.0|0.0|0.0|0.0|0.0|0.0|0.0|0.0|0.0|0.0|0.0|0.16464377857636645|0.0|0.0|0.1818724508950719|0.0|0.0|0.0|0.0|0.1818724508950719|0.0|0.0|0.0|0.0|0.0|0.0|0.0|0.0|0.0|0.0|0.0|0.0|0.0|0.0|0.0|0.16464377857636645|0.0|0.0|0.0|0.0|0.0|0.0|0.0|0.20615490070061165|0.0|0.0|0.0|0.0|0.0|0.0|0.0|0.0|0.0|0.0|0.0|0.0|0.0|0.0|0.0|0.0|0.0|0.0|0.0|0.0|0.0|0.0|0.0|0.0|0.0|0.0|0.0|0.0|0.0|0.0|0.0|0.0|0.0|0.0|0.0|0.0|0.0|0.0|0.0|0.0|0.0|0.0|0.0|0.0|0.0|0.0|0.0|0.0|0.0|0.0|0.0|0.0|0.0|0.0|0.0|0.0|0.0|0.0|0.0|0.20615490070061165|0.0|0.0|0.15128018211427155|0.0|0.0|0.0|0.0|0.0|0.0|0.0|0.0|0.0|0.0|0.0|0.0|0.0|0.0|0.0|0.0|0.1818724508950719|0.0|0.0|0.0|0.0|0.0|0.0|0.0|0.1818724508950719|0.0|0.0|0.0|0.0|0.0|0.0|0.0|0.0|0.0|0.0|0.0|0.0|0.0|0.0|0.0|0.0|0.0|0.0|0.0|0.0|0.0|0.0|0.0|0.16464377857636645|0.0|0.0|0.0|0.0|0.0|0.0|0.0|0.0|0.1818724508950719|0.0|0.16464377857636645|0.0|0.0|0.0|0.0|0.0|0.0|0.20615490070061165|0.0|0.0|0.20615490070061165|0.0|0.0|0.0|0.0|0.0|0.20615490070061165|0.20615490070061165|0.0|0.0|0.0|0.0|0.0|0.0|0.0|0.0|0.0|0.0|0.0|0.0|0.0|0.0|0.0|0.0|0.0|0.0|0.0|0.0|0.0|0.0|0.0|0.0|0.0|0.0|0.0|0.0|0.0|0.1818724508950719|0.0|0.0|0.0|0.0|0.0|0.0|0.0|0.0|0.0|0.0|0.0|0.0|0.0|0.0|0.0|0.0|0.0|0.0|0.0|0.0|0.0|0.0|0.0|0.0|0.0|0.0|0.0|0.0|0.0|0.0|0.0|0.0|0.20615490070061165|0.0|0.0|0.0|0.16464377857636645|0.0|0.0|0.0|0.0|0.0|0.0|0.0|0.0|0.0|0.0|0.0|0.0|0.0|0.0|0.0|0.0|0.0|0.0|0.16464377857636645|0.15128018211427155|0.0|0.0|0.0|0.0|0.0|0.0|0.0|0.0|0.0|0.0|0.0|0.0|0.0|0.0|0.0|0.0|0.0|0.0|0.20615490070061165|0.0|0.0|0.0|0.0|0.0|0.0|0.12313265645212124|0.0|0.0|0.0|0.0|0.0|0.0|0.0|0.0|0.0|0.0|0.0|0.0|0.0|0.0|0.0|0.0|0.0|0.0|0.0|0.0|0.0|0.13112956980922277|0.0|0.0|0.0|0.0|0.0|0.0|0.0|0.0|0.0|0.0|0.0|0.0|0.0|0.20615490070061165|0.0|0.20615490070061165|0.0|0.0|0.20615490070061165|0.0|0.0|0.0|0.0|0.0|0.1818724508950719|0.0|0.0|0.0|0.0|0.0|0.0|0.0|0.0|0.1818724508950719|0.0|0.0|0.0|0.0|0.0|0.0|0.0|0.0|0.0
2013_073403|semvalorlegal|Awards|"As ausencias ( nem mesmo as 4 h compravadas) ao final do período ( junho / 13 a maio / 2014 ) receberão um  ""Plus"", que consiste em um crédito de mais  R$ 96,00 ( noventa e seis ) reais , no cartão alimentação. "|ausencia h compravada período junho maio receber plus consistir crédito novento real cartão alimentação|0.0|0.0|0.0|0.0|0.0|0.0|0.0|0.0|0.2427174839809632|0.0|0.0|0.0|0.0|0.0|0.0|0.0|0.0|0.0|0.0|0.0|0.0|0.0|0.0|0.0|0.0|0.0|0.0|0.0|0.0|0.0|0.0|0.0|0.0|0.0|0.0|0.0|0.26811595353557843|0.0|0.0|0.0|0.0|0.0|0.0|0.0|0.0|0.0|0.0|0.0|0.0|0.0|0.0|0.0|0.2427174839809632|0.0|0.0|0.0|0.0|0.0|0.0|0.0|0.0|0.0|0.0|0.0|0.0|0.0|0.0|0.0|0.0|0.30391308582115056|0.0|0.0|0.0|0.0|0.0|0.0|0.0|0.0|0.0|0.0|0.0|0.0|0.0|0.0|0.30391308582115056|0.0|0.0|0.0|0.0|0.0|0.0|0.0|0.0|0.0|0.0|0.0|0.0|0.30391308582115056|0.0|0.0|0.0|0.0|0.0|0.0|0.0|0.0|0.0|0.0|0.0|0.0|0.0|0.0|0.0|0.0|0.0|0.0|0.0|0.0|0.0|0.0|0.0|0.0|0.0|0.0|0.0|0.0|0.0|0.0|0.0|0.0|0.0|0.0|0.0|0.0|0.0|0.0|0.0|0.0|0.0|0.0|0.0|0.0|0.0|0.0|0.0|0.0|0.0|0.0|0.0|0.0|0.0|0.0|0.0|0.0|0.0|0.0|0.0|0.0|0.0|0.0|0.0|0.0|0.0|0.0|0.0|0.0|0.0|0.0|0.0|0.0|0.0|0.0|0.0|0.0|0.0|0.0|0.0|0.0|0.0|0.0|0.0|0.0|0.0|0.0|0.0|0.0|0.0|0.0|0.0|0.0|0.0|0.0|0.0|0.0|0.0|0.0|0.0|0.0|0.0|0.0|0.0|0.0|0.0|0.0|0.0|0.0|0.0|0.0|0.0|0.30391308582115056|0.0|0.0|0.0|0.0|0.0|0.0|0.0|0.0|0.0|0.0|0.30391308582115056|0.0|0.0|0.0|0.0|0.0|0.0|0.0|0.0|0.0|0.0|0.0|0.0|0.0|0.0|0.0|0.0|0.0|0.0|0.0|0.0|0.0|0.0|0.0|0.0|0.0|0.0|0.0|0.0|0.0|0.0|0.30391308582115056|0.0|0.0|0.0|0.0|0.0|0.0|0.0|0.0|0.0|0.0|0.0|0.0|0.0|0.0|0.0|0.0|0.0|0.0|0.0|0.0|0.0|0.0|0.0|0.30391308582115056|0.0|0.26811595353557843|0.0|0.0|0.0|0.0|0.0|0.0|0.0|0.0|0.0|0.0|0.0|0.0|0.0|0.0|0.0|0.0|0.0|0.0|0.0|0.0|0.0|0.0|0.0|0.0|0.0|0.0|0.0|0.0|0.0|0.0|0.0|0.0|0.0|0.0|0.0|0.18152188214077583|0.0|0.2427174839809632|0.0|0.0|0.0|0.0|0.0|0.0|0.0|0.0|0.0|0.0|0.0|0.0|0.0|0.0|0.0|0.0|0.0|0.0|0.0|0.0|0.0|0.0|0.0|0.0|0.0|0.0|0.0|0.0|0.0|0.0|0.0|0.0|0.0|0.0|0.0|0.0|0.0|0.0|0.0|0.0|0.0|0.0|0.0|0.0|0.0|0.0|0.0|0.0|0.0|0.0|0.0|0.0|0.0|0.0|0.0|0.0|0.0|0.0|0.0|0.0|0.0|0.0|0.0
2013_073403|semvalorlegal|Awards|não se aplicam a liderança. Paragrafo primeiro: A liderança receberá um premio Produtividade mensal, quando cumprida a meta de 16 metros cubicos de produção e 1.000 cubicos de serraria , sendo creditado no cartão alimentação o mesmo valor em igual prazo.Paragrafo segundo : O plus funcionará da mesma forma, ou seja atingirem todos os meses receberão o Plus. |aplicar liderança paragrafo liderança receber premio produtividade mensal cumprir meta metro cubico produção cubico serrar ser creditar cartão alimentaçãor igual prazo paragrafo plus funcionar mesmo ser atingir receber plus|0.0|0.0|0.0|0.0|0.0|0.0|0.0|0.0|0.0|0.17658608200937123|0.0|0.0|0.0|0.0|0.0|0.0|0.0|0.0|0.0|0.0|0.0|0.15578646648639782|0.0|0.0|0.0|0.0|0.0|0.0|0.0|0.0|0.0|0.0|0.17658608200937123|0.0|0.0|0.0|0.0|0.0|0.0|0.0|0.0|0.0|0.0|0.0|0.0|0.0|0.0|0.0|0.0|0.0|0.0|0.0|0.14102890441707916|0.0|0.0|0.0|0.0|0.0|0.0|0.0|0.0|0.0|0.0|0.0|0.0|0.0|0.0|0.0|0.0|0.0|0.0|0.0|0.0|0.0|0.0|0.0|0.0|0.0|0.0|0.0|0.0|0.0|0.0|0.0|0.0|0.0|0.0|0.0|0.0|0.0|0.0|0.0|0.0|0.0|0.0|0.17658608200937123|0.0|0.0|0.0|0.35317216401874246|0.15578646648639782|0.0|0.0|0.0|0.0|0.0|0.0|0.0|0.0|0.0|0.0|0.0|0.0|0.0|0.0|0.0|0.0|0.0|0.0|0.0|0.0|0.0|0.0|0.0|0.0|0.0|0.0|0.0|0.0|0.0|0.0|0.0|0.0|0.0|0.0|0.0|0.0|0.0|0.0|0.0|0.0|0.0|0.0|0.0|0.0|0.0|0.0|0.0|0.0|0.0|0.0|0.0|0.0|0.0|0.0|0.0|0.0|0.0|0.0|0.0|0.0|0.0|0.0|0.0|0.0|0.0|0.0|0.0|0.0|0.0|0.0|0.17658608200937123|0.0|0.0|0.0|0.0|0.0|0.0|0.0|0.0|0.0|0.0|0.0|0.0|0.0|0.0|0.0|0.17658608200937123|0.0|0.0|0.0|0.0|0.0|0.0|0.0|0.0|0.0|0.0|0.0|0.0|0.0|0.0|0.0|0.0|0.0|0.0|0.0|0.0|0.0|0.0|0.0|0.0|0.0|0.0|0.0|0.0|0.0|0.0|0.35317216401874246|0.0|0.0|0.0|0.0|0.0|0.0|0.0|0.0|0.14102890441707916|0.0|0.0|0.0|0.12022928889410572|0.17658608200937123|0.17658608200937123|0.0|0.0|0.0|0.0|0.0|0.0|0.0|0.0|0.0|0.0|0.0|0.0|0.0|0.0|0.0|0.0|0.0|0.0|0.0|0.0|0.0|0.0|0.0|0.0|0.0|0.0|0.0|0.0|0.0|0.0|0.0|0.0|0.0|0.2820578088341583|0.0|0.0|0.0|0.0|0.0|0.0|0.0|0.0|0.0|0.31157293297279565|0.0|0.0|0.0|0.0|0.0|0.17658608200937123|0.0|0.0|0.14102890441707916|0.0|0.0|0.0|0.0|0.0|0.0|0.0|0.0|0.17658608200937123|0.17658608200937123|0.0|0.0|0.0|0.0|0.0|0.0|0.0|0.0|0.0|0.0|0.0|0.0|0.0|0.0|0.0|0.0|0.0|0.0|0.2820578088341583|0.0|0.0|0.0|0.0|0.0|0.0|0.0|0.0|0.0|0.0|0.0|0.0|0.0|0.0|0.0|0.0|0.0|0.0|0.0|0.0|0.0|0.0|0.0|0.16934422260362728|0.17658608200937123|0.0|0.0|0.0|0.0|0.0|0.0|0.0|0.0|0.0|0.0|0.0|0.0|0.0|0.0|0.0|0.0|0.0|0.0|0.0|0.0|0.0|0.0|0.0|0.0|0.0|0.0|0.0|0.0|0.0|0.0|0.0|0.0|0.0|0.0|0.0|0.0|0.0|0.0
2013_073403|semvalorlegal|Awards|serão aqueles fixados em Convenção Coletiva de Trabalho celebrada em ambito intermunicipal entre o sindicato dos Trabalhadores e Sindicato Patronal.Nos temos do artigo 3 ( terceiro ) da Lei 10.101/2000, os valores pagos a titlulo de PLR não integrarão a remuneração do empregado e , portanto, não constitui base de incidência de qualquer encargo trabalhista ou previdenciario, não se lhe aplicando, tambem o principio de habitualidade.|ser fixado convenção coletiva trabalho celebrar ambito intermunicipal sindicato trabalhadores sindicato patronal artigo lei valor pagar titlulo plr integrar remuneração empregado constituir base incidência encargo trabalhista previdenciario aplicar tambem principio habitualidade|0.0|0.0|0.0|0.0|0.0|0.0|0.0|0.0|0.0|0.0|0.0|0.1919411159983948|0.0|0.0|0.0|0.0|0.0|0.0|0.0|0.0|0.0|0.16933287094086422|0.0|0.0|0.0|0.0|0.16933287094086422|0.0|0.0|0.0|0.0|0.0|0.0|0.0|0.0|0.0|0.0|0.0|0.0|0.16933287094086422|0.0|0.0|0.0|0.0|0.0|0.0|0.0|0.0|0.0|0.0|0.0|0.0|0.0|0.0|0.0|0.0|0.1919411159983948|0.0|0.0|0.0|0.0|0.0|0.0|0.1919411159983948|0.0|0.0|0.0|0.0|0.0|0.0|0.0|0.0|0.0|0.0|0.0|0.0|0.0|0.0|0.0|0.0|0.0|0.0|0.0|0.0|0.0|0.1919411159983948|0.0|0.0|0.0|0.0|0.0|0.0|0.16933287094086422|0.0|0.0|0.0|0.0|0.0|0.0|0.0|0.0|0.0|0.0|0.0|0.0|0.0|0.0|0.0|0.0|0.0|0.0|0.0|0.0|0.0|0.0|0.0|0.0|0.0|0.0|0.0|0.0|0.0|0.0|0.0|0.0|0.0|0.0|0.0|0.0|0.0|0.0|0.0|0.0|0.0|0.0|0.0834395146767778|0.0|0.0|0.0|0.0|0.16933287094086422|0.0|0.0|0.0|0.0|0.0|0.0|0.0|0.0|0.0|0.0|0.0|0.0|0.0|0.0|0.0|0.0|0.0|0.0|0.0|0.0|0.0|0.0|0.0|0.0|0.1919411159983948|0.0|0.0|0.0|0.0|0.0|0.0|0.0|0.0|0.0|0.0|0.0|0.0|0.0|0.1919411159983948|0.0|0.0|0.0|0.0|0.0|0.0|0.0|0.0|0.0|0.0|0.0|0.0|0.1919411159983948|0.0|0.0|0.0|0.0|0.0|0.0|0.0|0.0|0.1919411159983948|0.1919411159983948|0.0|0.0|0.0|0.0|0.0|0.0|0.0|0.0|0.0|0.0|0.0|0.0|0.0|0.16933287094086422|0.0|0.0|0.0|0.0|0.0|0.0|0.0|0.0|0.0|0.0|0.0|0.0|0.0|0.0|0.0|0.0|0.0|0.0|0.0|0.0|0.0|0.0|0.0|0.0|0.0|0.0|0.0|0.0|0.0|0.0|0.0|0.0|0.0|0.0|0.0|0.0|0.0|0.0|0.0|0.0|0.0|0.0|0.0|0.0|0.0|0.0|0.0|0.0|0.10220080049020097|0.0|0.0|0.0|0.0|0.0|0.1919411159983948|0.0|0.0|0.0|0.0|0.1919411159983948|0.0|0.0|0.0|0.0|0.0|0.0|0.0|0.0|0.0|0.0|0.0|0.0|0.0|0.0|0.1919411159983948|0.0|0.0|0.1919411159983948|0.0|0.0|0.0|0.0|0.0|0.0|0.0|0.0|0.0|0.0|0.0|0.0|0.0|0.0|0.0|0.0|0.0|0.0|0.0|0.0|0.0|0.0|0.0|0.0|0.0|0.0|0.0|0.0|0.0|0.0|0.15329206579490554|0.0|0.0|0.0|0.0|0.0|0.0|0.0|0.0|0.0|0.0|0.0|0.0|0.0|0.09203477053388572|0.0|0.0|0.0|0.0|0.33866574188172843|0.0|0.0|0.0|0.0|0.0|0.1919411159983948|0.0|0.0|0.1919411159983948|0.0|0.0|0.0|0.0|0.1919411159983948|0.0|0.16933287094086422|0.13068382073737497|0.0|0.0|0.0|0.0|0.0|0.0|0.0|0.0|0.0|0.16933287094086422|0.0|0.0|0.0|0.0|0.0|0.0|0.0
2017_039364|carimbo|Tenure Pay|Fica assegurado um adicional a cada quinquênio de serviço na empresa, correspondente a 6% (seis por cento) calculado sobre o salário base da categoria. |ficar assegurar adicional quinquênio serviço empresa correspondente calcular salário base categoria|0.0|0.0|0.0|0.0|0.0|0.29895211220742507|0.0|0.0|0.0|0.0|0.0|0.0|0.0|0.0|0.0|0.0|0.0|0.0|0.0|0.0|0.0|0.0|0.0|0.0|0.0|0.0|0.0|0.3302350918908488|0.0|0.0|0.0|0.0|0.0|0.0|0.0|0.0|0.0|0.0|0.0|0.3302350918908488|0.0|0.0|0.0|0.0|0.0|0.0|0.3302350918908488|0.0|0.0|0.0|0.0|0.0|0.0|0.0|0.0|0.3743259753831141|0.0|0.0|0.0|0.0|0.0|0.0|0.0|0.0|0.0|0.0|0.0|0.0|0.0|0.0|0.0|0.0|0.0|0.0|0.0|0.0|0.0|0.0|0.0|0.0|0.0|0.0|0.0|0.0|0.0|0.0|0.0|0.0|0.0|0.0|0.0|0.0|0.0|0.0|0.3302350918908488|0.0|0.0|0.0|0.0|0.0|0.0|0.0|0.0|0.0|0.0|0.0|0.0|0.0|0.0|0.0|0.0|0.0|0.0|0.0|0.0|0.0|0.0|0.0|0.0|0.0|0.0|0.0|0.0|0.0|0.0|0.0|0.0|0.0|0.0|0.0|0.0|0.0|0.0|0.0|0.0|0.0|0.0|0.0|0.0|0.15522240136302054|0.0|0.0|0.0|0.0|0.0|0.0|0.0|0.0|0.0|0.0|0.0|0.0|0.0|0.0|0.0|0.0|0.0|0.0|0.0|0.0|0.0|0.0|0.0|0.23809865277803618|0.0|0.0|0.0|0.0|0.0|0.0|0.0|0.0|0.0|0.0|0.0|0.0|0.0|0.0|0.0|0.0|0.0|0.0|0.0|0.0|0.0|0.0|0.0|0.0|0.0|0.0|0.0|0.0|0.0|0.0|0.0|0.0|0.0|0.0|0.0|0.0|0.0|0.0|0.0|0.0|0.0|0.0|0.0|0.0|0.0|0.0|0.0|0.0|0.0|0.0|0.0|0.0|0.0|0.0|0.0|0.0|0.0|0.0|0.0|0.0|0.0|0.0|0.0|0.0|0.0|0.0|0.0|0.0|0.0|0.0|0.0|0.0|0.0|0.0|0.0|0.0|0.0|0.0|0.0|0.0|0.0|0.0|0.0|0.0|0.0|0.0|0.0|0.0|0.0|0.0|0.0|0.0|0.0|0.0|0.0|0.0|0.0|0.0|0.0|0.0|0.0|0.0|0.0|0.0|0.0|0.0|0.0|0.0|0.0|0.0|0.0|0.0|0.0|0.0|0.0|0.0|0.0|0.0|0.0|0.0|0.0|0.0|0.0|0.0|0.0|0.0|0.0|0.0|0.0|0.0|0.0|0.0|0.0|0.0|0.0|0.0|0.0|0.0|0.0|0.0|0.0|0.0|0.0|0.0|0.0|0.0|0.3743259753831141|0.0|0.0|0.0|0.0|0.0|0.0|0.0|0.0|0.0|0.0|0.0|0.0|0.0|0.0|0.0|0.0|0.0|0.0|0.0|0.0|0.0|0.0|0.0|0.0|0.23809865277803618|0.0|0.0|0.0|0.0|0.0|0.23809865277803618|0.0|0.0|0.0|0.0|0.0|0.0|0.0|0.0|0.0|0.0|0.0|0.0|0.0|0.0|0.0|0.0|0.0|0.0|0.0|0.0|0.0|0.0|0.0|0.0|0.0|0.0|0.0|0.0|0.0|0.0|0.0|0.0|0.0|0.0|0.0|0.0|0.0
2013_073410|semvalorlegal|Other Bonuses| a)  Sempre que ocorrer promoção, a mesma deverá ser comunicada por escrito ao empregado e obrigatoriamente anotada na CTPS. b)    A toda promoção para função sem paradigma será garantido reajuste salarial, de acordo com a política de salários, de cada empresa, respeitando aumento mínimo de 10% (dez por cento). c)   Havendo paradigma, será garantido o menor salário da função. d)    O aumento por promoção não será compensado nem deduzido por ocasião da primeira data-base subseqüente, garantido-se à empresa o direito de compensar reajustes espontâneos e antecipações havidas entre a data-base passada e a data da promoção. |ocorrer promoção mesmo comunicar escrito empregado obrigatoriamente anotar ctps b promoção função paradigma ser garantir reajuste salarial acordo política salário empresa respeitar aumento mínimo c havendo paradigma ser garantir salário função d aumento promoção ser compensar deduzer ocasião subseqüente empresa direito compensar reajuste espontâneo antecipação havir passado data promoção|0.0|0.0|0.0|0.0|0.09382022338162808|0.0|0.0|0.0|0.0|0.0|0.0|0.0|0.0|0.12785216519860398|0.0|0.0|0.0|0.0|0.12785216519860398|0.0|0.0|0.0|0.0|0.0|0.0|0.0|0.0|0.0|0.0|0.0|0.0|0.0|0.0|0.0|0.0|0.25570433039720797|0.0|0.0|0.0|0.0|0.0|0.0|0.0|0.0|0.0|0.0|0.0|0.0|0.0|0.0|0.0|0.0|0.0|0.0|0.0|0.0|0.0|0.0|0.0|0.0|0.0|0.0|0.0|0.0|0.0|0.0|0.22558558208306256|0.0|0.0|0.0|0.0|0.0|0.0|0.0|0.12785216519860398|0.0|0.0|0.0|0.0|0.0|0.0|0.0|0.0|0.0|0.0|0.0|0.0|0.0|0.0|0.0|0.0|0.0|0.0|0.0|0.0|0.0|0.0|0.0|0.12785216519860398|0.0|0.0|0.0|0.0|0.0|0.0|0.0|0.12785216519860398|0.0|0.12785216519860398|0.0|0.0|0.0|0.0|0.0|0.0|0.0|0.0|0.0|0.0|0.0|0.0|0.0|0.0|0.0|0.0|0.10210799503640189|0.0|0.0|0.0|0.0|0.0|0.0|0.0|0.0|0.0|0.05557914237945743|0.0|0.0|0.0|0.10603335812470657|0.0|0.0|0.0|0.0|0.0|0.12785216519860398|0.0|0.12785216519860398|0.0|0.0|0.0|0.0|0.0|0.0|0.0|0.0|0.0|0.0|0.0|0.0|0.0|0.0|0.0|0.0|0.0|0.0|0.0|0.0|0.0|0.0|0.0|0.0|0.0|0.22558558208306256|0.0|0.0|0.20421599007280378|0.0|0.0|0.0|0.12785216519860398|0.0|0.12785216519860398|0.0|0.0|0.0|0.0|0.0|0.0|0.0|0.0|0.0|0.0|0.0|0.0|0.0|0.0|0.0|0.0|0.0|0.0|0.0|0.0|0.0|0.0|0.0|0.0|0.0|0.0|0.0|0.0|0.0|0.0|0.0|0.0|0.0|0.0|0.0|0.0|0.0|0.0|0.0|0.0|0.0|0.0|0.0|0.0|0.0|0.0|0.0|0.0|0.08704862087932919|0.0|0.0|0.0|0.0|0.0|0.0|0.0|0.0|0.0|0.12785216519860398|0.0|0.0|0.0|0.0|0.0|0.0|0.0|0.0|0.0|0.0|0.0|0.0|0.11279279104153128|0.12785216519860398|0.11279279104153128|0.0|0.0|0.0|0.0|0.0|0.0|0.0|0.0|0.0|0.25570433039720797|0.0|0.0|0.0|0.12785216519860398|0.0|0.0|0.0|0.0|0.0|0.0|0.0|0.0|0.0|0.12785216519860398|0.0|0.0|0.0|0.0|0.0|0.0|0.0|0.0|0.0|0.0|0.0|0.0|0.0|0.0|0.0|0.0|0.5114086607944159|0.0|0.0|0.0|0.0|0.0|0.0|0.0|0.0|0.0|0.0|0.0|0.0|0.0|0.0|0.25570433039720797|0.0|0.0|0.0|0.0|0.0|0.0|0.0|0.0|0.0|0.0|0.0|0.0|0.0|0.0|0.0|0.0|0.0|0.12785216519860398|0.0|0.0|0.10210799503640189|0.0|0.16264662508331904|0.0|0.0|0.0|0.18391335215138124|0.0|0.0|0.0|0.0|0.0|0.0|0.0|0.12785216519860398|0.0|0.0|0.0|0.0|0.0|0.0|0.0|0.0|0.0|0.0|0.0|0.0|0.0|0.0|0.0|0.0|0.0|0.0|0.0|0.0|0.0|0.0|0.0|0.0|0.0|0.0|0.0|0.0|0.0|0.0|0.0
2010_074884|carimbo|Other Bonuses|As partes recomendam que sejam tomadas providencias para que seja concedida aos empregados com contrato de trabalho na vigência do presente acordo, assistência médica, assistência odontológica (extensiva aos dependentes considerados conforme critérios de elegibilidade atualmente vigente na empresa), vale refeição, seguro de vida em grupo e vale transporte, cabendo à empresa a sistemática e o modelo de administração dos benefícios mencionados. PARÁGRAFO ÚNICO - Nenhum dos benefícios acima mencionados tem cunho salarial para qualquer fim ou efeito.|parte recomendar ser tomar providencia ser conceder empregado contrato trabalho vigência presente acordo assistência médico assistência odontológico extensivo dependente considerar conforme critério elegibilidade atualmente vigente empresa valer refeição seguro vida vale transporte caber empresa sistemática modelo administração benefício mencionar parágrafo único nenhum benefício acima mencionado cunho salarial efeito|0.0|0.0|0.0|0.13530791616168056|0.1125481407310615|0.0|0.1533733662412188|0.0|0.0|0.0|0.0|0.0|0.0|0.0|0.0|0.0|0.0|0.0|0.0|0.0|0.0|0.0|0.0|0.0|0.0|0.0|0.0|0.0|0.0|0.3067467324824376|0.0|0.0|0.0|0.1533733662412188|0.0|0.0|0.0|0.0|0.0|0.0|0.2706158323233611|0.0|0.0|0.1533733662412188|0.0|0.0|0.0|0.0|0.0|0.0|0.0|0.0|0.0|0.0|0.0|0.0|0.0|0.0|0.0|0.0|0.0|0.0|0.0|0.0|0.0|0.0|0.0|0.0|0.0|0.0|0.0|0.0|0.0|0.0|0.0|0.0|0.13530791616168056|0.0|0.0|0.0|0.0|0.13530791616168056|0.1533733662412188|0.0|0.0|0.0|0.0|0.0|0.0|0.13530791616168056|0.0|0.0|0.0|0.0|0.0|0.0|0.1533733662412188|0.0|0.0|0.0|0.0|0.0|0.1533733662412188|0.0|0.0|0.0|0.0|0.0|0.0|0.0|0.0|0.13530791616168056|0.0|0.0|0.0|0.0|0.0|0.0|0.0|0.0|0.0|0.0|0.0|0.0|0.0|0.0|0.0|0.0|0.0|0.0|0.0|0.13530791616168056|0.0|0.1533733662412188|0.0|0.06667356901070648|0.0|0.0|0.0|0.1271991995144131|0.0|0.0|0.0|0.0|0.0|0.0|0.0|0.0|0.0|0.0|0.0|0.0|0.0|0.0|0.1533733662412188|0.0|0.0|0.0|0.0|0.0|0.0|0.0|0.0|0.0|0.0|0.0|0.0|0.0|0.0|0.0|0.0|0.0|0.0|0.0|0.0|0.0|0.0|0.0|0.0|0.0|0.0|0.0|0.0|0.0|0.0|0.0|0.0|0.0|0.0|0.0|0.0|0.0|0.0|0.0|0.0|0.0|0.0|0.0|0.0|0.0|0.0|0.0|0.0|0.0|0.0|0.0|0.0|0.0|0.0|0.0|0.0|0.0|0.0|0.0|0.0|0.0|0.0|0.0|0.0|0.0|0.0|0.0|0.0|0.0|0.0|0.1533733662412188|0.1533733662412188|0.0|0.0|0.0|0.0|0.0|0.0|0.0|0.0|0.0|0.1533733662412188|0.0|0.0|0.0|0.1533733662412188|0.0|0.0|0.0|0.0|0.1533733662412188|0.0|0.0|0.0|0.0|0.0|0.0|0.0|0.0|0.0|0.0|0.0|0.1533733662412188|0.0|0.0|0.0|0.0|0.0|0.0|0.0|0.0|0.0|0.0|0.1125481407310615|0.10442482526736387|0.0|0.0|0.0|0.0|0.0|0.0|0.0|0.0|0.0|0.0|0.0|0.0|0.0|0.0|0.0|0.0|0.0|0.1125481407310615|0.0|0.0|0.0|0.0|0.0|0.0|0.0|0.0|0.0|0.0|0.0|0.0|0.0|0.1533733662412188|0.0|0.0|0.0|0.0|0.0|0.0|0.0|0.0|0.0|0.0|0.0|0.0|0.0|0.0|0.0|0.0|0.0|0.1533733662412188|0.13530791616168056|0.0|0.0|0.0|0.0|0.0|0.0|0.0|0.0|0.0|0.0|0.0|0.0|0.12249027534690211|0.0|0.0|0.0|0.0|0.1533733662412188|0.14708346874609435|0.0|0.0|0.0|0.0|0.0|0.1533733662412188|0.0|0.0|0.0|0.0|0.0|0.0|0.0|0.0|0.0|0.0|0.1533733662412188|0.0|0.0|0.0|0.0|0.10442482526736387|0.0|0.13530791616168056|0.0|0.0|0.0|0.0|0.0|0.13530791616168056|0.1533733662412188|0.0|0.0|0.0|0.1533733662412188|0.0|0.1533733662412188|0.13530791616168056|0.12249027534690211
2014_038173|carimbo|Other Bonuses|A empresa se compromete a remunerar em dobro o trabalho realizado nos domingos e feriados que não tenham sido compensados.|empresa comprometar remunerar dobro trabalho realizar domingo feriado ter ser compensar|0.0|0.0|0.0|0.0|0.0|0.0|0.0|0.0|0.0|0.0|0.0|0.0|0.0|0.0|0.0|0.0|0.0|0.0|0.0|0.0|0.0|0.0|0.0|0.0|0.0|0.0|0.0|0.0|0.0|0.0|0.0|0.0|0.0|0.0|0.0|0.0|0.0|0.0|0.0|0.0|0.0|0.0|0.0|0.0|0.0|0.0|0.0|0.0|0.0|0.0|0.0|0.0|0.0|0.0|0.0|0.0|0.0|0.0|0.0|0.0|0.0|0.0|0.0|0.0|0.0|0.0|0.32482082157637915|0.0|0.0|0.0|0.3681888262241701|0.0|0.0|0.0|0.0|0.0|0.0|0.0|0.0|0.0|0.0|0.0|0.0|0.0|0.0|0.0|0.0|0.0|0.0|0.0|0.0|0.0|0.0|0.0|0.0|0.0|0.0|0.0|0.0|0.0|0.0|0.0|0.0|0.0|0.0|0.0|0.0|0.0|0.0|0.0|0.0|0.0|0.0|0.0|0.0|0.0|0.0|0.0|0.0|0.0|0.0|0.0|0.0|0.0|0.0|0.0|0.0|0.3681888262241701|0.0|0.32482082157637915|0.0|0.0|0.0|0.0|0.0|0.0|0.0|0.0|0.0|0.15267749907832248|0.0|0.0|0.0|0.0|0.0|0.0|0.0|0.0|0.0|0.0|0.0|0.0|0.0|0.0|0.0|0.0|0.0|0.0|0.0|0.0|0.32482082157637915|0.0|0.0|0.0|0.0|0.0|0.0|0.0|0.0|0.0|0.0|0.0|0.0|0.0|0.0|0.0|0.0|0.0|0.0|0.0|0.0|0.0|0.0|0.0|0.0|0.0|0.0|0.0|0.0|0.0|0.0|0.0|0.0|0.0|0.0|0.0|0.0|0.0|0.0|0.0|0.0|0.0|0.0|0.0|0.0|0.0|0.0|0.0|0.0|0.0|0.0|0.0|0.0|0.0|0.0|0.0|0.0|0.0|0.0|0.0|0.0|0.0|0.0|0.0|0.0|0.0|0.0|0.0|0.0|0.0|0.0|0.0|0.0|0.0|0.0|0.0|0.0|0.0|0.0|0.0|0.0|0.0|0.0|0.0|0.0|0.0|0.0|0.0|0.0|0.0|0.0|0.0|0.0|0.0|0.0|0.0|0.0|0.0|0.0|0.0|0.0|0.0|0.0|0.0|0.0|0.0|0.0|0.0|0.0|0.0|0.0|0.0|0.0|0.0|0.0|0.0|0.0|0.0|0.0|0.0|0.0|0.0|0.0|0.0|0.0|0.0|0.0|0.0|0.0|0.0|0.0|0.0|0.0|0.0|0.0|0.0|0.0|0.0|0.0|0.0|0.0|0.0|0.0|0.0|0.0|0.0|0.0|0.0|0.0|0.0|0.0|0.0|0.0|0.0|0.294050732595389|0.0|0.0|0.0|0.0|0.0|0.0|0.0|0.0|0.0|0.3681888262241701|0.0|0.0|0.0|0.0|0.0|0.0|0.0|0.0|0.0|0.0|0.0|0.0|0.0|0.0|0.17654463431881687|0.0|0.0|0.0|0.0|0.0|0.0|0.0|0.0|0.0|0.0|0.0|0.0|0.2701835973548946|0.0|0.0|0.0|0.0|0.0|0.0|0.0|0.0|0.250682727947598|0.0|0.0|0.0|0.0|0.0|0.0|0.0|0.0|0.0|0.0|0.0|0.0|0.0|0.0|0.0|0.0|0.0
2016_082062|semvalorlegal|Other Bonuses|INDENIZAÇÃO DE QUEBRA DE CAIXA: O empregado que exercer as funções de caixa terá direito à indenização por “quebra-de-caixa” mensal, no valor de R$ 66,00 (sessenta e seis reais), a partir de 01 de setembro de 2016.  Parágrafo 1º - A conferência dos valores do caixa será sempre realizada na presença do respectivo operador e, se houver impedimento por parte da empresa, ficará aquele isento de qualquer responsabilidade.  Parágrafo 2º - As empresas que não descontam de seus empregados as eventuais diferenças de caixa não estão sujeitas ao pagamento da indenização por “quebra-de-caixa” prevista no “caput” desta cláusula.  |indenização quebra caixa empregado exercer função caixa ter direito indenização mensal sessenta real setembro parágrafo conferência valor caixa ser realizar presença respectivo operador haver impedimento empresa ficar isento responsabilidade parágrafo empresa descontar empregado eventual diferença caixa sujeitas pagamento indenização prever caput cláusula|0.0|0.0|0.0|0.0|0.0|0.0|0.0|0.0|0.0|0.0|0.0|0.0|0.0|0.0|0.0|0.0|0.0|0.0|0.0|0.0|0.0|0.0|0.0|0.0|0.0|0.0|0.0|0.0|0.0|0.0|0.0|0.0|0.0|0.0|0.0|0.0|0.0|0.0|0.0|0.0|0.0|0.0|0.0|0.0|0.5225697876973776|0.0|0.0|0.1306424469243444|0.0|0.0|0.0|0.0|0.0|0.0|0.0|0.0|0.0|0.0|0.0|0.0|0.0|0.0|0.1306424469243444|0.0|0.0|0.0|0.0|0.0|0.0|0.0|0.0|0.0|0.0|0.0|0.0|0.0|0.0|0.0|0.0|0.0|0.148084993303969|0.0|0.0|0.0|0.0|0.0|0.0|0.0|0.0|0.0|0.0|0.0|0.0|0.0|0.0|0.0|0.0|0.0|0.0|0.0|0.0|0.0|0.0|0.0|0.0|0.0|0.0|0.0|0.0|0.0|0.0|0.0|0.0|0.0|0.0|0.1306424469243444|0.0|0.0|0.0|0.0|0.0|0.0|0.0|0.0|0.148084993303969|0.1182667633180793|0.0|0.0|0.0|0.0|0.0|0.0|0.0|0.0|0.0|0.12874927717207185|0.0|0.0|0.0|0.12281332196058864|0.0|0.0|0.0|0.0|0.0|0.0|0.0|0.0|0.0|0.0|0.0|0.148084993303969|0.0|0.148084993303969|0.0|0.0|0.0|0.0|0.0|0.0|0.0|0.0|0.0|0.0941928685719256|0.0|0.0|0.0|0.0|0.0|0.0|0.0|0.0|0.0|0.1306424469243444|0.0|0.0|0.0|0.0|0.0|0.0|0.0|0.1306424469243444|0.0|0.0|0.0|0.0|0.0|0.0|0.148084993303969|0.0|0.0|0.0|0.0|0.0|0.39192734077303315|0.0|0.0|0.0|0.0|0.0|0.0|0.0|0.0|0.0|0.0|0.0|0.148084993303969|0.0|0.0|0.0|0.0|0.0|0.0|0.0|0.0|0.0|0.0|0.0|0.0|0.0|0.0|0.0|0.0|0.0|0.0|0.0|0.0|0.1182667633180793|0.0|0.0|0.0|0.0|0.0|0.0|0.0|0.0|0.0|0.0|0.0|0.0|0.0|0.0|0.0|0.0|0.0|0.0|0.0|0.0|0.0|0.0|0.0|0.0|0.0|0.0|0.0|0.0|0.0|0.0|0.0|0.1306424469243444|0.0|0.0|0.0|0.0|0.10866743734580861|0.0|0.0|0.0|0.0|0.2016484338769094|0.0|0.0|0.0|0.0|0.0|0.0|0.0|0.0|0.0|0.0|0.0|0.0|0.0|0.0|0.0|0.0|0.0|0.0|0.148084993303969|0.0|0.1182667633180793|0.0|0.0|0.0|0.0|0.0|0.0|0.0|0.0|0.0|0.0|0.0|0.0|0.0|0.0|0.0|0.0|0.0|0.0|0.148084993303969|0.0|0.0|0.0|0.08844853333218959|0.1182667633180793|0.0|0.0|0.0|0.0|0.0|0.0|0.0|0.0|0.0|0.0|0.0|0.0|0.0|0.0|0.1306424469243444|0.0|0.148084993303969|0.0|0.0|0.0|0.0|0.0|0.0|0.0|0.071005986952565|0.0|0.0|0.148084993303969|0.148084993303969|0.0|0.0|0.0|0.0|0.148084993303969|0.0|0.0|0.0|0.10866743734580861|0.0|0.0|0.0|0.0|0.0|0.0|0.0|0.0|0.0|0.0|0.0|0.0|0.0|0.0|0.0|0.0|0.0|0.0|0.1306424469243444|0.0|0.0|0.0|0.0|0.0|0.0|0.0
2016_082062|semvalorlegal|Other Bonuses|DIA DO COMERCIÁRIO: Pelo Dia do Comerciário - 30 de outubro - será concedida ao empregado do comércio, que pertencer ao quadro de trabalho da empresa nesse dia, uma indenização correspondente a 1 (um) ou 2 (dois) dias da sua respectiva remuneração mensal auferida no mês de outubro/2016 e outubro/2017, a ser paga juntamente com esta, conforme proporção abaixo:  a) até 90 (noventa) dias de contrato de trabalho na empresa, o empregado não faz jus ao benefício;  b) de 91 (noventa e um) dias até 180 (cento e oitenta) dias de contrato de trabalho na empresa, o empregado fará jus a 1 (um) dia;  c) acima de 181 (cento e oitenta e um) dias de contrato de trabalho na empresa, o empregado fará jus a 2 (dois) dias.  Parágrafo 1º - Fica facultado às partes, de comum acordo, converter a indenização em descanso, obedecida a proporcionalidade acima, durante a vigência da presente Convenção.  Parágrafo 2º - A indenização prevista no “caput” deste artigo fica garantida aos Empregados em gozo de férias e às empregadas em gozo de licença maternidade. |dia comerciário dia comerciário outubro ser conceder empregado comércio pertencer quadro trabalho empresa dia indenização correspondente dia respectivo remuneração mensal auferida pagar juntamente conforme proporção abaixo noventa dia contrato trabalho empresa empregado jus benefício b noventar dia oitenta dia contrato trabalho empresa empregado jus dia c acima oitenta dia contrato trabalho empresa empregado jus dia parágrafo ficar facultar parte comum acordo converter indenização descanso obedecer proporcionalidade acima durante vigência presente convenção parágrafo indenização prever caput artigo ficar garantido empregado gozo férias empregada gozo licença maternidade|0.08492479349713829|0.0|0.0|0.1498434457060334|0.06231934425328879|0.0|0.0|0.0|0.0|0.0|0.0|0.0|0.0|0.0|0.0|0.0|0.0|0.0|0.0|0.0|0.0|0.0|0.0|0.0|0.0|0.0|0.0749217228530167|0.0|0.0|0.0|0.0|0.0|0.0|0.0|0.08492479349713829|0.0|0.0|0.0|0.0|0.0|0.0749217228530167|0.0|0.0|0.0|0.0|0.0|0.0|0.0749217228530167|0.0|0.0|0.0|0.0|0.0|0.0|0.0|0.0|0.0|0.0|0.0|0.0|0.0|0.0|0.0|0.0|0.1498434457060334|0.0|0.0|0.0|0.0|0.0|0.0|0.0|0.0|0.08492479349713829|0.0|0.08492479349713829|0.0749217228530167|0.0|0.0|0.0|0.0|0.0749217228530167|0.0|0.0|0.0|0.0|0.0|0.0|0.0|0.22476516855905007|0.0|0.0|0.0749217228530167|0.08492479349713829|0.0749217228530167|0.0|0.0|0.0|0.0|0.0|0.0|0.0|0.0|0.0|0.0|0.0|0.0|0.0|0.0|0.0|0.0|0.0|0.0|0.0|0.0749217228530167|0.0|0.0|0.0|0.0|0.0|0.0|0.0|0.0|0.623193442532888|0.0|0.0|0.0|0.0|0.0|0.0|0.08492479349713829|0.0|0.0|0.0|0.08492479349713829|0.18459003732910606|0.0|0.0|0.0|0.1408636455794202|0.0|0.0|0.0|0.0|0.0|0.0|0.0|0.0|0.0|0.0|0.0|0.0|0.0|0.0|0.0|0.08492479349713829|0.0|0.0|0.0|0.0|0.0|0.0|0.0|0.10803673936026671|0.0|0.0|0.0|0.0|0.0|0.0|0.0|0.0|0.0|0.0|0.08492479349713829|0.08492479349713829|0.0|0.16984958699427657|0.0|0.0|0.0|0.0|0.0|0.0|0.0|0.0|0.0|0.0|0.0|0.0|0.0|0.0|0.0|0.0|0.22476516855905007|0.0|0.0|0.0|0.0|0.0|0.0|0.0|0.0|0.0|0.0|0.0|0.0|0.0|0.0|0.0|0.08492479349713829|0.20347329384847843|0.0|0.0|0.0|0.0|0.0|0.08492479349713829|0.0|0.0|0.0|0.08492479349713829|0.0|0.0|0.0|0.0|0.0|0.06782443128282614|0.0|0.0|0.0|0.0|0.0|0.0|0.0|0.0|0.0|0.0|0.0|0.0|0.0|0.0|0.0|0.0|0.0|0.0|0.0|0.0|0.0|0.08492479349713829|0.08492479349713829|0.0|0.08492479349713829|0.0|0.0|0.0|0.0|0.0|0.16984958699427657|0.0|0.0|0.0|0.08492479349713829|0.0|0.0|0.045218982038976646|0.0|0.0|0.06231934425328879|0.11564272127740909|0.0|0.0|0.0|0.0|0.08492479349713829|0.0|0.0|0.0|0.0|0.0|0.0|0.0|0.0|0.0|0.0|0.0|0.0|0.06231934425328879|0.0|0.0|0.06782443128282614|0.0|0.0|0.0|0.0|0.0|0.0|0.0|0.0|0.08492479349713829|0.08492479349713829|0.0|0.0|0.0|0.0|0.06782443128282614|0.0|0.0|0.0|0.0|0.0|0.0|0.0|0.0|0.0|0.0|0.0|0.0|0.0|0.0|0.0|0.0|0.0|0.0|0.0|0.06782443128282614|0.0|0.0|0.0|0.0749217228530167|0.0|0.0|0.0|0.0|0.0|0.0|0.0|0.0|0.0|0.04072099842439239|0.0|0.0|0.0|0.0|0.0|0.0|0.0|0.0|0.0|0.0|0.0|0.0|0.0|0.0|0.0|0.0|0.0|0.0|0.0|0.0|0.0|0.23128544255481817|0.0|0.0|0.0|0.0|0.0|0.0|0.0|0.0|0.0|0.0|0.0|0.0|0.0|0.0|0.0|0.0749217228530167|0.0
2016_082062|semvalorlegal|Disciplinary Norms|DOCUMENTOS – RECEBIMENTO PELA EMPRESA: A Carteira de Trabalho e Previdência Social, bem como certidões de nascimento, de casamento e atestados serão recebidos pela empresa, contra recibo, em nome do empregado. |documentos recebimento empresa carteira trabalho previdência social certidão nascimento casamento atestar ser receber empresa recibo nome empregado|0.0|0.0|0.0|0.0|0.0|0.0|0.0|0.0|0.0|0.0|0.0|0.0|0.0|0.0|0.0|0.0|0.0|0.0|0.0|0.0|0.0|0.0|0.0|0.0|0.0|0.0|0.0|0.0|0.0|0.0|0.0|0.24909943241407906|0.0|0.0|0.0|0.0|0.0|0.0|0.0|0.0|0.0|0.0|0.0|0.0|0.0|0.0|0.0|0.0|0.0|0.0|0.0|0.28235760007176924|0.0|0.28235760007176924|0.0|0.0|0.0|0.0|0.0|0.28235760007176924|0.0|0.0|0.0|0.0|0.0|0.0|0.0|0.0|0.0|0.0|0.0|0.0|0.0|0.0|0.0|0.0|0.0|0.0|0.0|0.0|0.0|0.0|0.0|0.0|0.0|0.0|0.0|0.0|0.0|0.0|0.0|0.0|0.0|0.0|0.0|0.0|0.0|0.0|0.0|0.0|0.0|0.0|0.0|0.0|0.0|0.0|0.0|0.0|0.0|0.0|0.0|0.0|0.0|0.0|0.0|0.0|0.0|0.0|0.0|0.0|0.0|0.0|0.0|0.0|0.0|0.0|0.0|0.0|0.28235760007176924|0.0|0.0|0.0|0.0|0.0|0.0|0.12274483761720537|0.0|0.0|0.0|0.23417143136477353|0.0|0.0|0.0|0.0|0.0|0.0|0.0|0.0|0.0|0.0|0.0|0.0|0.0|0.0|0.0|0.0|0.0|0.0|0.0|0.0|0.0|0.0|0.0|0.0|0.0|0.0|0.0|0.0|0.0|0.0|0.0|0.0|0.0|0.0|0.0|0.0|0.0|0.0|0.0|0.0|0.0|0.0|0.0|0.0|0.0|0.0|0.0|0.0|0.0|0.0|0.0|0.0|0.0|0.0|0.0|0.0|0.0|0.0|0.0|0.0|0.0|0.0|0.0|0.0|0.0|0.0|0.0|0.0|0.0|0.0|0.0|0.0|0.0|0.0|0.0|0.0|0.0|0.0|0.0|0.0|0.0|0.0|0.0|0.0|0.0|0.0|0.0|0.0|0.0|0.0|0.0|0.0|0.0|0.0|0.0|0.0|0.0|0.0|0.0|0.0|0.0|0.0|0.28235760007176924|0.0|0.0|0.0|0.24909943241407906|0.0|0.0|0.0|0.0|0.0|0.0|0.0|0.0|0.0|0.0|0.0|0.0|0.0|0.0|0.0|0.0|0.0|0.0|0.0|0.0|0.0|0.0|0.0|0.0|0.0|0.0|0.0|0.0|0.0|0.0|0.0|0.0|0.0|0.0|0.0|0.0|0.0|0.0|0.0|0.0|0.0|0.0|0.0|0.0|0.0|0.28235760007176924|0.0|0.0|0.0|0.0|0.0|0.0|0.0|0.0|0.0|0.0|0.0|0.0|0.0|0.0|0.0|0.0|0.0|0.0|0.0|0.0|0.0|0.0|0.2255023869312881|0.28235760007176924|0.0|0.28235760007176924|0.0|0.0|0.0|0.0|0.0|0.0|0.0|0.0|0.0|0.0|0.0|0.0|0.0|0.0|0.0|0.0|0.0|0.0|0.0|0.0|0.13538900613311677|0.0|0.0|0.0|0.0|0.0|0.0|0.24909943241407906|0.0|0.0|0.0|0.0|0.0|0.0|0.0|0.0|0.0|0.0|0.0|0.0|0.0|0.0|0.19224421927359792|0.0|0.0|0.0|0.0|0.0|0.0|0.0|0.0|0.0|0.0|0.0|0.0|0.0|0.0|0.0|0.0|0.0
2010_075192|carimbo|Production or Task Salary|O empregado-jornalista não poderá ser obrigado a fazer matéria paga com fins publicitários. Caso concorde em fazê-la, ser-lhe-á garantido um pagamento pela empresa empregadora, de valor a ser negociado entre as partes. |matéria pagar fim publicitário caso concorde garantir pagamento empresa empregadora negociar parte|0.0|0.0|0.0|0.0|0.0|0.0|0.0|0.0|0.0|0.0|0.0|0.0|0.0|0.0|0.0|0.0|0.0|0.0|0.0|0.0|0.0|0.0|0.0|0.0|0.0|0.0|0.0|0.0|0.0|0.0|0.0|0.0|0.0|0.0|0.0|0.0|0.0|0.0|0.0|0.0|0.0|0.0|0.0|0.0|0.0|0.0|0.0|0.0|0.0|0.0|0.0|0.0|0.0|0.0|0.27613824863019065|0.0|0.0|0.0|0.0|0.0|0.0|0.0|0.0|0.0|0.0|0.0|0.0|0.0|0.0|0.0|0.0|0.0|0.0|0.0|0.0|0.0|0.0|0.0|0.3457601235724391|0.0|0.0|0.0|0.0|0.0|0.0|0.0|0.0|0.0|0.0|0.0|0.0|0.0|0.0|0.0|0.0|0.0|0.0|0.0|0.0|0.0|0.0|0.0|0.0|0.0|0.0|0.0|0.0|0.0|0.0|0.0|0.0|0.0|0.0|0.0|0.0|0.0|0.0|0.0|0.0|0.0|0.0|0.0|0.0|0.0|0.0|0.0|0.0|0.0|0.0|0.0|0.0|0.0|0.0|0.0|0.0|0.0|0.0|0.3050339375013259|0.0|0.14337695005418474|0.0|0.0|0.0|0.0|0.0|0.0|0.0|0.0|0.0|0.0|0.0|0.0|0.0|0.0|0.0|0.0|0.0|0.0|0.0|0.0|0.0|0.0|0.0|0.0|0.3050339375013259|0.0|0.0|0.0|0.0|0.0|0.0|0.0|0.0|0.0|0.0|0.0|0.27613824863019065|0.0|0.0|0.0|0.0|0.0|0.0|0.0|0.0|0.0|0.0|0.0|0.0|0.0|0.0|0.0|0.0|0.0|0.0|0.0|0.0|0.0|0.0|0.0|0.0|0.0|0.0|0.0|0.0|0.0|0.0|0.0|0.0|0.0|0.0|0.0|0.0|0.0|0.0|0.0|0.0|0.0|0.0|0.0|0.0|0.0|0.3457601235724391|0.0|0.0|0.0|0.0|0.0|0.0|0.0|0.0|0.0|0.0|0.0|0.0|0.0|0.0|0.0|0.0|0.0|0.0|0.0|0.0|0.0|0.3457601235724391|0.0|0.0|0.0|0.0|0.0|0.0|0.0|0.0|0.0|0.0|0.0|0.0|0.0|0.0|0.0|0.0|0.0|0.0|0.0|0.2537250110675464|0.18410313612529797|0.0|0.0|0.2537250110675464|0.0|0.0|0.0|0.0|0.0|0.0|0.0|0.0|0.0|0.0|0.0|0.0|0.0|0.0|0.0|0.0|0.0|0.0|0.0|0.0|0.0|0.0|0.0|0.0|0.0|0.0|0.0|0.0|0.0|0.0|0.0|0.0|0.0|0.0|0.0|0.3457601235724391|0.0|0.0|0.0|0.0|0.0|0.0|0.0|0.0|0.0|0.0|0.0|0.0|0.0|0.0|0.0|0.0|0.0|0.0|0.0|0.0|0.0|0.0|0.0|0.0|0.0|0.0|0.0|0.0|0.0|0.0|0.0|0.0|0.0|0.0|0.0|0.0|0.0|0.0|0.0|0.0|0.0|0.0|0.0|0.0|0.0|0.0|0.0|0.0|0.0|0.0|0.0|0.0|0.0|0.0|0.0|0.0|0.0|0.0|0.0|0.0|0.0|0.0|0.0|0.0|0.0|0.0|0.0|0.0|0.0|0.0|0.0|0.0|0.0|0.0
2015_043120|carimbo|Tenure Pay|A empresa fica obrigada a pagar o valor de R$ 50,00 (cinqüenta reais), anual a partir de 01/01/2014, como prêmio por tempo de serviço a todos os trabalhadores Movimentador de Mercadorias, que estiver registrado no quadro social da empresa a mais de 1 (um) ano;  |empresa ficar pagar cinqüentar real anual prêmio serviço trabalhador movimentador mercadorias estar registrar quadro social empresa ano|0.0|0.0|0.0|0.0|0.0|0.0|0.0|0.0|0.0|0.0|0.0|0.0|0.2366863330748859|0.0|0.0|0.0|0.0|0.0|0.0|0.0|0.2963613196572316|0.0|0.0|0.0|0.0|0.0|0.0|0.0|0.0|0.0|0.0|0.0|0.0|0.0|0.0|0.0|0.0|0.0|0.0|0.0|0.0|0.0|0.0|0.0|0.0|0.0|0.0|0.0|0.0|0.0|0.0|0.0|0.0|0.0|0.0|0.0|0.0|0.0|0.0|0.0|0.0|0.2963613196572316|0.0|0.0|0.0|0.0|0.0|0.0|0.0|0.0|0.0|0.0|0.0|0.0|0.0|0.0|0.0|0.0|0.0|0.0|0.0|0.0|0.0|0.0|0.0|0.0|0.0|0.0|0.0|0.0|0.0|0.0|0.0|0.0|0.0|0.0|0.0|0.0|0.0|0.0|0.0|0.0|0.0|0.0|0.0|0.0|0.0|0.0|0.0|0.0|0.0|0.0|0.0|0.0|0.0|0.0|0.0|0.0|0.0|0.0|0.0|0.0|0.0|0.0|0.0|0.0|0.0|0.0|0.0|0.0|0.0|0.0|0.0|0.0|0.0|0.0|0.0|0.0|0.0|0.2457853247358927|0.0|0.0|0.0|0.0|0.0|0.0|0.0|0.0|0.26145369027552123|0.0|0.0|0.0|0.0|0.0|0.0|0.0|0.0|0.0|0.0|0.0|0.0|0.0|0.0|0.18850743893390762|0.0|0.0|0.0|0.0|0.0|0.0|0.0|0.0|0.0|0.0|0.0|0.0|0.0|0.0|0.0|0.0|0.0|0.0|0.0|0.0|0.0|0.0|0.0|0.0|0.0|0.0|0.0|0.0|0.0|0.0|0.0|0.0|0.0|0.0|0.0|0.0|0.0|0.0|0.0|0.0|0.0|0.0|0.0|0.0|0.0|0.0|0.0|0.0|0.0|0.0|0.0|0.0|0.0|0.0|0.0|0.0|0.0|0.0|0.0|0.0|0.0|0.0|0.0|0.0|0.0|0.2963613196572316|0.0|0.0|0.0|0.0|0.0|0.0|0.0|0.0|0.2963613196572316|0.0|0.0|0.0|0.0|0.0|0.0|0.0|0.0|0.0|0.0|0.0|0.0|0.0|0.0|0.0|0.0|0.0|0.0|0.0|0.0|0.0|0.0|0.0|0.0|0.0|0.0|0.15780029174965673|0.0|0.0|0.0|0.0|0.0|0.0|0.0|0.0|0.0|0.0|0.0|0.0|0.0|0.0|0.0|0.0|0.0|0.0|0.0|0.0|0.0|0.0|0.0|0.0|0.0|0.0|0.0|0.0|0.0|0.0|0.0|0.0|0.0|0.0|0.0|0.0|0.26145369027552123|0.0|0.0|0.2366863330748859|0.0|0.0|0.0|0.0|0.0|0.0|0.0|0.1770113464925402|0.0|0.0|0.0|0.0|0.0|0.0|0.0|0.0|0.2963613196572316|0.0|0.0|0.0|0.0|0.0|0.0|0.0|0.0|0.0|0.0|0.0|0.0|0.0|0.0|0.0|0.0|0.0|0.0|0.18850743893390762|0.0|0.0|0.0|0.0|0.26145369027552123|0.0|0.0|0.0|0.0|0.0|0.0|0.0|0.0|0.0|0.0|0.2366863330748859|0.0|0.0|0.0|0.0|0.0|0.0|0.0|0.0|0.0|0.0|0.0|0.0|0.0|0.0|0.0|0.0|0.0|0.0|0.0|0.0|0.0
2012_032551|semvalorlegal|Awards|O PTS (Prêmio Por Tempo de Serviço), a que faz jus todo empregado com 02 (dois) anos ou mais anos de serviços prestados à mesma empresa, será de 5% (cinco por cento) calculado sobre o salário normativo dos mesmos.  PARÁGRAFO ÚNICO  O PTS (Prêmio Por Tempo de Serviço), não tem natureza salarial, para fins de equiparação, sendo devido a partir do mês seguinte àquele em que o empregado completar 02 (dois) anos de serviços na mesma empresa, não sendo devido cumulativamente. |pts prêmio serviço jus empregar ano ano serviço prestar mesmo empresa ser calcular salário normativo mesmo parágrafo único pts prêmio serviço natureza salarial fim equiparação ser devido seguinte a aquele empregado completar ano serviço mesmo empresa ser devido cumulativamente|0.0|0.0|0.0|0.0|0.0|0.0|0.0|0.0|0.0|0.0|0.0|0.0|0.36453021074585823|0.0|0.0|0.0|0.0|0.0|0.0|0.0|0.0|0.0|0.0|0.0|0.0|0.15214602509022004|0.0|0.0|0.0|0.0|0.0|0.0|0.0|0.0|0.0|0.0|0.0|0.0|0.0|0.0|0.0|0.0|0.0|0.0|0.0|0.0|0.13422514033409694|0.0|0.0|0.0|0.0|0.0|0.0|0.0|0.0|0.0|0.0|0.0|0.0|0.0|0.0|0.0|0.0|0.0|0.0|0.0|0.0|0.15214602509022004|0.0|0.0|0.0|0.0|0.0|0.0|0.0|0.0|0.0|0.0|0.0|0.0|0.0|0.0|0.0|0.0|0.0|0.0|0.0|0.0|0.0|0.0|0.0|0.0|0.0|0.0|0.0|0.0|0.0|0.0|0.0|0.0|0.0|0.15214602509022004|0.0|0.0|0.0|0.0|0.0|0.0|0.0|0.0|0.0|0.0|0.0|0.0|0.0|0.0|0.0|0.0|0.0|0.0|0.0|0.3042920501804401|0.0|0.0|0.0|0.0|0.0|0.0|0.0|0.0|0.0|0.0|0.0|0.0|0.0|0.06614002647371806|0.0|0.0|0.15214602509022004|0.12618131214736789|0.0|0.0|0.0|0.15214602509022004|0.0|0.0|0.0|0.0|0.0|0.0|0.0|0.0|0.0|0.0|0.0|0.0|0.0|0.0|0.0|0.0|0.0|0.0|0.0|0.0|0.13422514033409694|0.0|0.0|0.0|0.0|0.0|0.0|0.0|0.0|0.0|0.0|0.0|0.0|0.0|0.0|0.0|0.0|0.0|0.0|0.0|0.0|0.0|0.0|0.0|0.0|0.0|0.0|0.0|0.0|0.0|0.0|0.0|0.0|0.0|0.0|0.0|0.0|0.0|0.0|0.0|0.0|0.0|0.0|0.0|0.0|0.0|0.0|0.12151007024861941|0.0|0.0|0.0|0.0|0.0|0.0|0.0|0.0|0.0|0.0|0.0|0.0|0.0|0.0|0.0|0.0|0.0|0.0|0.0|0.31076755647748894|0.0|0.0|0.0|0.0|0.0|0.0|0.0|0.0|0.0|0.0|0.0|0.15214602509022004|0.0|0.0|0.0|0.0|0.15214602509022004|0.0|0.0|0.0|0.0|0.0|0.0|0.0|0.0|0.0|0.0|0.0|0.0|0.0|0.0|0.0|0.0|0.0|0.0|0.0|0.0|0.10358918549249631|0.0|0.0|0.0|0.0|0.0|0.0|0.0|0.0|0.0|0.0|0.0|0.0|0.0|0.0|0.0|0.0|0.0|0.0|0.0|0.13422514033409694|0.0|0.0|0.0|0.0|0.0|0.0|0.0|0.0|0.0|0.0|0.0|0.0|0.2684502806681939|0.3042920501804401|0.0|0.0|0.0|0.0|0.0|0.0|0.0|0.0|0.0|0.0|0.0|0.0|0.0|0.0|0.0|0.0|0.0|0.0|0.0|0.0|0.0|0.0|0.0|0.0|0.0|0.0|0.0|0.0|0.0|0.12151007024861941|0.0|0.09677598131531867|0.0|0.12151007024861941|0.0|0.21885969195268704|0.0|0.3871039252612747|0.0|0.0|0.0|0.0|0.0|0.0|0.0|0.0|0.0|0.0|0.0|0.0|0.0|0.0|0.0|0.0|0.0|0.0|0.0|0.0|0.0|0.0|0.0|0.0|0.0|0.0|0.0|0.0|0.0|0.0|0.0|0.0|0.0|0.0|0.0|0.0|0.12151007024861941
2015_043084|semvalorlegal|Tenure Pay|Os empregadores pagarão um adicional de 5% (cinco por cento) por qüinqüênio completo de serviços prestados, ininterruptamente, à mesma empregadora, que incidirá sobre o salário final que perceber o empregado. |empregador pagar adicional qüinqüênio completo serviço prestar ininterruptamente mesmo empregadora incidir salário perceber empregado|0.0|0.0|0.0|0.0|0.0|0.25619122687265955|0.0|0.0|0.0|0.0|0.0|0.0|0.0|0.0|0.0|0.0|0.0|0.0|0.0|0.0|0.0|0.0|0.0|0.0|0.0|0.0|0.0|0.0|0.0|0.0|0.0|0.0|0.0|0.0|0.0|0.0|0.0|0.0|0.0|0.0|0.0|0.0|0.0|0.0|0.0|0.0|0.0|0.0|0.0|0.0|0.0|0.0|0.0|0.0|0.0|0.0|0.0|0.0|0.0|0.0|0.0|0.0|0.0|0.0|0.0|0.0|0.0|0.0|0.32078392146353635|0.0|0.0|0.0|0.0|0.0|0.0|0.0|0.0|0.0|0.0|0.0|0.0|0.0|0.0|0.0|0.0|0.0|0.0|0.0|0.0|0.0|0.0|0.0|0.0|0.0|0.0|0.0|0.0|0.0|0.0|0.0|0.0|0.0|0.0|0.0|0.0|0.0|0.0|0.0|0.0|0.0|0.0|0.0|0.0|0.0|0.0|0.0|0.0|0.0|0.0|0.0|0.0|0.0|0.0|0.0|0.0|0.0|0.0|0.0|0.0|0.0|0.0|0.0|0.0|0.0|0.0|0.13944930237487482|0.2829996173073392|0.2829996173073392|0.0|0.0|0.0|0.0|0.0|0.0|0.0|0.0|0.0|0.0|0.0|0.0|0.0|0.0|0.0|0.0|0.0|0.0|0.0|0.0|0.0|0.0|0.0|0.0|0.0|0.0|0.0|0.0|0.0|0.0|0.0|0.0|0.0|0.0|0.0|0.0|0.0|0.0|0.0|0.0|0.0|0.0|0.0|0.0|0.0|0.0|0.0|0.0|0.0|0.0|0.0|0.0|0.0|0.32078392146353635|0.0|0.0|0.0|0.0|0.0|0.0|0.32078392146353635|0.0|0.0|0.0|0.0|0.0|0.0|0.0|0.0|0.0|0.0|0.0|0.0|0.0|0.0|0.0|0.0|0.0|0.0|0.0|0.0|0.0|0.0|0.0|0.0|0.0|0.0|0.0|0.0|0.0|0.0|0.0|0.0|0.2184069227164624|0.0|0.0|0.0|0.0|0.0|0.0|0.0|0.0|0.0|0.0|0.0|0.0|0.0|0.0|0.0|0.0|0.0|0.0|0.0|0.0|0.0|0.0|0.0|0.0|0.0|0.0|0.0|0.0|0.0|0.0|0.0|0.0|0.0|0.17080432916850058|0.0|0.0|0.0|0.0|0.0|0.0|0.32078392146353635|0.0|0.0|0.0|0.0|0.0|0.0|0.0|0.0|0.0|0.0|0.0|0.0|0.0|0.0|0.0|0.0|0.2829996173073392|0.0|0.0|0.0|0.0|0.0|0.0|0.0|0.0|0.0|0.0|0.0|0.0|0.0|0.0|0.0|0.0|0.0|0.0|0.0|0.0|0.0|0.32078392146353635|0.0|0.0|0.0|0.0|0.0|0.0|0.0|0.0|0.0|0.0|0.0|0.0|0.0|0.0|0.0|0.0|0.0|0.0|0.0|0.0|0.0|0.0|0.0|0.2040419969657516|0.0|0.0|0.0|0.0|0.0|0.2040419969657516|0.0|0.0|0.0|0.0|0.0|0.0|0.0|0.0|0.0|0.0|0.0|0.0|0.0|0.0|0.0|0.0|0.0|0.0|0.0|0.0|0.0|0.0|0.0|0.0|0.0|0.0|0.0|0.0|0.0|0.0|0.0|0.0|0.0|0.0|0.0|0.0|0.0
