contract_id|validity|title|text|clean_text|absorvente|acesso|acidente|acomodação|acordo|adequado|adequar|adotar|adoção|afixar|anual|aplicar|aquecer|armazenar|armário|assedio|assegur|assegurar|assinatura|assédio|atendimento|atestado|atividade|ausência|auxiliar|aviso|bacteriológico|bebedouro|bota|caixa|calça|calçar|camisa|caso|caução|chefe|chuveiro|cipa|clausula|clorar|cobrador|coletiva|coletivo|cometimento|competir|completo|comprometer|comprovar|conceder|condição|consignar|constar|consumo|contar|contrato|convênio|correspondente|dar|data|decorrar|desempenho|desenvolver|desenvolvir|dever|devolver|dia|diferente|dignidade|diligenciar|divisão|emergencial|empregado|empregador|empregar|empresa|encarregar|entidade|epi|equipamento|especial|especialista|especifico|específico|esquentar|estabelecimento|exame|exclusivo|exemplarmente|exercício|exiger|exigido|exigir|exigência|expor|extravio|feminino|ficar|filtrar|formulário|fornecer|fornecimento|fornecir|frequência|funcionário|função|fácil|garantir|gerente|graduar|gratuitamente|gratuito|gravatar|guarda|higiene|higiênico|hipótese|homem|horário|individual|informação|ingresso|inicial|injustificável|insalubr|inss|instalação|instrução|intuito|justificar|laboral|lanche|lavatório|legislação|lei|levar|local|louvar|macacão|manter|manuseio|manutenção|masculino|material|medicamento|medicina|medida|mesmo|metade|minuto|moral|motorista|mulher|médico|natureza|necessariamente|necessidade|necessário|nº|obedecir|obrigar|obrigatoriamente|obrigatório|ocorrência|odontológicos|oferecer|operação|orientar|pactuado|padronizado|par|parágrafo|pena|perfeito|periódico|pertence|pessoal|peça|poder|portaria|porte|possue|possuir|potável|poço|prazo|presente|preservar|preservação|prestação|prevenção|prever|previdência|primeiro|primeiros|processo|procurar|produto|produção|programa|proporcionar|proteção|proveniente|providencia|providenciar|prática|próprio|punir|quadro|qualidade|quantidade|quente|realizar|receber|receita|refeitório|refeição|referir|relativo|rescisão|resfriar|respectivo|resultado|risco|roupa|roupas|salvo|sanitário|sanitários|sapato|seguinte|segurança|semestral|semestralmente|semestre|separar|separação|ser|serviço|sesmt|sexo|sexual|sindicato|social|socorro|socorros|substância|terceiro|termo|termos|tomar|trabalhador|trabalhadores|trabalhar|trabalho|transporte|tratar|treinamento|treinar|trinto|troca|uniforme|uniformes|urgência|uso|utilizar|utilização|vestimenta|vigor|visar|água|óculos|ônus|único
2016_082054|carimbo|Uniforms|- FORNECIMENTO DE UNIFORMES E ROUPAS DE TRABALHO  A empresa fornecerá aos empregados gratuitamente uniformes, macacões e outras peças de vestimenta, bem como equipamentos de proteção individual e de segurança, inclusive calçados especiais e óculos de segurança graduados, de acordo com receita médica, quando por elas exigidos na prestação do serviço e quando a atividade assim o exigir. |fornecimento uniformes roupas trabalho empresa fornecer empregado gratuitamente uniforme macacão peça vestimenta equipamento proteção individual segurança calçar especial óculos segurança graduar acordo receita médico exiger prestação serviço atividade exigir|0.0|0.0|0.0|0.0|0.15018968131830962|0.0|0.0|0.0|0.0|0.0|0.0|0.0|0.0|0.0|0.0|0.0|0.0|0.0|0.0|0.0|0.0|0.0|0.15018968131830962|0.0|0.0|0.0|0.0|0.0|0.0|0.0|0.0|0.2181716835589578|0.0|0.0|0.0|0.0|0.0|0.0|0.0|0.0|0.0|0.0|0.0|0.0|0.0|0.0|0.0|0.0|0.0|0.0|0.0|0.0|0.0|0.0|0.0|0.0|0.0|0.0|0.0|0.0|0.0|0.0|0.0|0.0|0.0|0.0|0.0|0.0|0.0|0.0|0.0|0.0788620056353977|0.0|0.0|0.0788620056353977|0.0|0.0|0.0|0.17527981563797138|0.2181716835589578|0.0|0.0|0.0|0.0|0.0|0.0|0.0|0.0|0.0|0.19308154923929602|0.0|0.11857985039102144|0.0|0.0|0.0|0.0|0.0|0.0|0.0|0.11857985039102144|0.16147171831200785|0.0|0.0|0.0|0.0|0.0|0.0|0.0|0.2181716835589578|0.12509954699864786|0.0|0.0|0.0|0.0|0.0|0.0|0.0|0.0|0.15018968131830962|0.0|0.0|0.0|0.0|0.0|0.0|0.0|0.0|0.0|0.0|0.0|0.0|0.0|0.0|0.0|0.0|0.0|0.0|0.2181716835589578|0.0|0.0|0.0|0.0|0.0|0.0|0.0|0.0|0.0|0.0|0.0|0.0|0.0|0.0|0.17527981563797138|0.0|0.0|0.0|0.0|0.0|0.0|0.0|0.0|0.0|0.0|0.0|0.0|0.0|0.0|0.0|0.0|0.0|0.0|0.0|0.0|0.0|0.0|0.0|0.2181716835589578|0.0|0.0|0.0|0.0|0.0|0.0|0.0|0.0|0.0|0.0|0.0|0.19308154923929602|0.0|0.0|0.0|0.0|0.0|0.0|0.0|0.0|0.0|0.0|0.0|0.16147171831200785|0.0|0.0|0.0|0.0|0.0|0.0|0.0|0.0|0.0|0.0|0.0|0.0|0.2181716835589578|0.0|0.0|0.0|0.0|0.0|0.0|0.0|0.0|0.0|0.0|0.2181716835589578|0.0|0.0|0.0|0.0|0.0|0.38616309847859204|0.0|0.0|0.0|0.0|0.0|0.0|0.19308154923929602|0.0|0.0|0.0|0.0|0.0|0.0|0.0|0.0|0.0|0.0|0.0|0.0|0.0|0.0|0.0|0.11857985039102144|0.0|0.0|0.0|0.0|0.0|0.0|0.10729781339732324|0.2181716835589578|0.0|0.0|0.0|0.0|0.2181716835589578|0.0|0.0|0.0|0.2181716835589578|0.0|0.0
2012_002993|semvalorlegal|Working Environment Conditions|O Empregador se obriga a manter no local de trabalho água potável, para consumo de seus empregados, bem como sanitários, masculino e feminino, em perfeitas condições de higiene, armários individuais para guarda de roupas e pertences pessoais do empregado, desde que a troca de roupa decorra de exigência da atividade desenvolvida. |empregador obrigar manter trabalho água potável consumo empregado sanitário masculino feminino perfeito condição higiene armário individual guarda roupa pertence pessoal empregado troca roupa decorrar exigência atividade desenvolver|0.0|0.0|0.0|0.0|0.0|0.0|0.0|0.0|0.0|0.0|0.0|0.0|0.0|0.0|0.19780333909826833|0.0|0.0|0.0|0.0|0.0|0.0|0.0|0.15386255486301156|0.0|0.0|0.0|0.0|0.0|0.0|0.0|0.0|0.0|0.0|0.0|0.0|0.0|0.0|0.0|0.0|0.0|0.0|0.0|0.0|0.0|0.0|0.0|0.0|0.0|0.0|0.15386255486301156|0.0|0.0|0.19780333909826833|0.0|0.0|0.0|0.0|0.0|0.0|0.2235070501281729|0.0|0.2235070501281729|0.0|0.0|0.0|0.0|0.0|0.0|0.0|0.0|0.0|0.16158113609638855|0.16542049293620326|0.0|0.0|0.0|0.0|0.0|0.0|0.0|0.0|0.0|0.0|0.0|0.0|0.0|0.0|0.0|0.0|0.0|0.0|0.0|0.2235070501281729|0.0|0.0|0.19780333909826833|0.0|0.0|0.0|0.0|0.0|0.0|0.0|0.0|0.0|0.0|0.0|0.0|0.0|0.0|0.0|0.0|0.19780333909826833|0.15386255486301156|0.0|0.0|0.0|0.0|0.15386255486301156|0.0|0.0|0.0|0.0|0.0|0.0|0.0|0.0|0.0|0.0|0.0|0.0|0.0|0.0|0.0|0.0|0.0|0.0|0.0|0.15386255486301156|0.0|0.0|0.2235070501281729|0.0|0.0|0.0|0.0|0.0|0.0|0.0|0.0|0.0|0.0|0.0|0.0|0.0|0.0|0.0|0.0|0.0|0.17956626589291613|0.0|0.0|0.0|0.0|0.0|0.0|0.0|0.0|0.0|0.0|0.0|0.0|0.2235070501281729|0.0|0.19780333909826833|0.19780333909826833|0.0|0.0|0.0|0.0|0.0|0.0|0.16542049293620326|0.0|0.0|0.0|0.0|0.0|0.0|0.0|0.0|0.0|0.0|0.0|0.0|0.0|0.0|0.0|0.0|0.0|0.0|0.0|0.0|0.0|0.0|0.0|0.0|0.0|0.0|0.0|0.0|0.0|0.0|0.0|0.0|0.0|0.0|0.0|0.0|0.0|0.0|0.0|0.0|0.39560667819653667|0.0|0.0|0.19780333909826833|0.0|0.0|0.0|0.0|0.0|0.0|0.0|0.0|0.0|0.0|0.0|0.0|0.0|0.0|0.0|0.0|0.0|0.0|0.0|0.0|0.0|0.0|0.0|0.0|0.0|0.0|0.1214797087009465|0.0|0.0|0.0|0.0|0.0|0.2235070501281729|0.0|0.0|0.0|0.0|0.0|0.0|0.0|0.0|0.0|0.15386255486301156|0.0|0.0|0.0
2012_002993|semvalorlegal|Uniforms|Fica garantido o fornecimento gratuito de uniforme completo desde que exigido o seu uso pelo Empregador. |ficar garantir fornecimento gratuito uniforme completo exigir uso empregador|0.0|0.0|0.0|0.0|0.0|0.0|0.0|0.0|0.0|0.0|0.0|0.0|0.0|0.0|0.0|0.0|0.0|0.0|0.0|0.0|0.0|0.0|0.0|0.0|0.0|0.0|0.0|0.0|0.0|0.0|0.0|0.0|0.0|0.0|0.0|0.0|0.0|0.0|0.0|0.0|0.0|0.0|0.0|0.0|0.0|0.44036672906343194|0.0|0.0|0.0|0.0|0.0|0.0|0.0|0.0|0.0|0.0|0.0|0.0|0.0|0.0|0.0|0.0|0.0|0.0|0.0|0.0|0.0|0.0|0.0|0.0|0.0|0.0|0.32592117945542265|0.0|0.0|0.0|0.0|0.0|0.0|0.0|0.0|0.0|0.0|0.0|0.0|0.0|0.0|0.0|0.0|0.0|0.0|0.2393464632884583|0.0|0.0|0.0|0.0|0.30314905042821577|0.0|0.0|0.0|0.32592117945542265|0.0|0.0|0.0|0.0|0.0|0.44036672906343194|0.0|0.0|0.0|0.38972376659518015|0.0|0.0|0.0|0.0|0.0|0.0|0.0|0.0|0.0|0.0|0.0|0.0|0.0|0.0|0.0|0.0|0.0|0.0|0.0|0.0|0.0|0.0|0.0|0.0|0.0|0.0|0.0|0.0|0.0|0.0|0.0|0.0|0.0|0.0|0.0|0.0|0.0|0.0|0.0|0.0|0.0|0.0|0.0|0.0|0.0|0.0|0.0|0.0|0.0|0.0|0.0|0.0|0.0|0.0|0.0|0.0|0.0|0.0|0.0|0.0|0.0|0.0|0.0|0.0|0.0|0.0|0.0|0.0|0.0|0.0|0.0|0.0|0.0|0.0|0.0|0.0|0.0|0.0|0.0|0.0|0.0|0.0|0.0|0.0|0.0|0.0|0.0|0.0|0.0|0.0|0.0|0.0|0.0|0.0|0.0|0.0|0.0|0.0|0.0|0.0|0.0|0.0|0.0|0.0|0.0|0.0|0.0|0.0|0.0|0.0|0.0|0.0|0.0|0.0|0.0|0.0|0.0|0.0|0.0|0.0|0.0|0.0|0.0|0.0|0.0|0.0|0.0|0.0|0.0|0.0|0.0|0.0|0.0|0.0|0.0|0.0|0.0|0.0|0.0|0.0|0.0|0.0|0.0|0.0|0.0|0.0|0.0|0.0|0.0|0.2165743342612515|0.0|0.0|0.22744213474785024|0.0|0.0|0.0|0.0|0.0|0.0|0.0|0.0|0.0
2012_042451|carimbo|Working Environment Conditions|ATESTADO MÉDICO  A empresas obriga - se a receber os atestados Médicos e Odontológicos,   fornecidos pelas  entidades médicas que necessariamente mantenham convênios    com a Previdência Social ( INSS ) e sindicato laboral, para justificar a ausência no trabalho em até 15 ( quinze ) dias obedecidas a portaria nº 1.722 do INSS.  PRIMEIROS SOCORROS A empresa obriga - se a manter material de primeiros socorros em locais de fácil acesso, bem como fornecer transporte ao empregado até o local de atendimentos médico em caso de urgência. |atestado médico empresa obrigar receber atestado médico odontológicos fornecir entidade médico necessariamente manter convênio previdência social inss sindicato laboral justificar ausência trabalho dia obedecir portaria nº inss primeiros socorros empresa obrigar manter material primeiro socorro local fácil acesso fornecer transporte empregado atendimento médico caso urgência|0.0|0.14306532885844367|0.0|0.0|0.0|0.0|0.0|0.0|0.0|0.0|0.0|0.0|0.0|0.0|0.0|0.0|0.0|0.0|0.0|0.0|0.14306532885844367|0.2532251196654755|0.0|0.14306532885844367|0.0|0.0|0.0|0.0|0.0|0.0|0.0|0.0|0.0|0.11493913443500194|0.0|0.0|0.0|0.0|0.0|0.0|0.0|0.0|0.0|0.0|0.0|0.0|0.0|0.0|0.0|0.0|0.0|0.0|0.0|0.0|0.0|0.14306532885844367|0.0|0.0|0.0|0.0|0.0|0.0|0.0|0.0|0.0|0.12661255983273775|0.0|0.0|0.0|0.0|0.0|0.05171348814208374|0.0|0.0|0.10342697628416749|0.0|0.14306532885844367|0.0|0.0|0.0|0.0|0.0|0.0|0.0|0.0|0.0|0.0|0.0|0.0|0.0|0.0|0.0|0.0|0.0|0.0|0.0|0.0|0.0|0.0|0.07775832782439006|0.0|0.10588452224783179|0.0|0.0|0.0|0.14306532885844367|0.0|0.0|0.0|0.0|0.0|0.0|0.0|0.0|0.0|0.0|0.0|0.0|0.0|0.0|0.0|0.0|0.0|0.0|0.28613065771688734|0.0|0.0|0.0|0.14306532885844367|0.14306532885844367|0.0|0.0|0.0|0.0|0.0|0.12661255983273775|0.0|0.0|0.19697273081859204|0.0|0.0|0.0|0.14306532885844367|0.0|0.0|0.0|0.0|0.0|0.0|0.0|0.0|0.0|0.45975653774000774|0.0|0.14306532885844367|0.0|0.0|0.14306532885844367|0.14306532885844367|0.22987826887000387|0.0|0.0|0.0|0.14306532885844367|0.0|0.0|0.0|0.0|0.0|0.0|0.0|0.0|0.0|0.0|0.0|0.0|0.0|0.0|0.14306532885844367|0.0|0.0|0.0|0.0|0.0|0.0|0.0|0.0|0.0|0.0|0.0|0.0|0.14306532885844367|0.12661255983273775|0.12661255983273775|0.0|0.0|0.0|0.0|0.0|0.0|0.0|0.0|0.0|0.0|0.0|0.0|0.0|0.0|0.0|0.0|0.0|0.0|0.12661255983273775|0.0|0.0|0.0|0.0|0.0|0.0|0.0|0.0|0.0|0.0|0.0|0.0|0.0|0.0|0.0|0.0|0.0|0.0|0.0|0.0|0.0|0.0|0.0|0.0|0.0|0.0|0.0|0.0|0.14306532885844367|0.14306532885844367|0.12661255983273775|0.12661255983273775|0.0|0.0|0.0|0.0|0.0|0.0|0.0|0.0|0.07775832782439006|0.14306532885844367|0.0|0.0|0.0|0.0|0.0|0.0|0.0|0.14306532885844367|0.0|0.0|0.0|0.0|0.0|0.0|0.0|0.0|0.0|0.0
2012_002943|semvalorlegal|Uniforms|A empresa fica obrigada a fornecer gratuitamente uniformes de trabalho a todos seus empregados. Quando a mesma exigir ou quando de uso obrigatório e de acordo com a necessidade. |empresa ficar fornecer gratuitamente uniforme trabalho empregado mesmo exigir uso obrigatório acordo necessidade|0.0|0.0|0.0|0.0|0.307650570435671|0.0|0.0|0.0|0.0|0.0|0.0|0.0|0.0|0.0|0.0|0.0|0.0|0.0|0.0|0.0|0.0|0.0|0.0|0.0|0.0|0.0|0.0|0.0|0.0|0.0|0.0|0.0|0.0|0.0|0.0|0.0|0.0|0.0|0.0|0.0|0.0|0.0|0.0|0.0|0.0|0.0|0.0|0.0|0.0|0.0|0.0|0.0|0.0|0.0|0.0|0.0|0.0|0.0|0.0|0.0|0.0|0.0|0.0|0.0|0.0|0.0|0.0|0.0|0.0|0.0|0.0|0.16154199680343442|0.0|0.0|0.16154199680343442|0.0|0.0|0.0|0.0|0.0|0.0|0.0|0.0|0.0|0.0|0.0|0.0|0.0|0.0|0.0|0.0|0.24290056610251864|0.0|0.0|0.0|0.0|0.307650570435671|0.0|0.0|0.24290056610251864|0.0|0.0|0.0|0.0|0.0|0.0|0.0|0.0|0.0|0.25625560063483604|0.0|0.0|0.0|0.0|0.0|0.0|0.0|0.0|0.0|0.0|0.0|0.0|0.0|0.0|0.0|0.0|0.0|0.0|0.0|0.0|0.0|0.0|0.0|0.0|0.0|0.0|0.0|0.0|0.0|0.0|0.0|0.0|0.0|0.0|0.0|0.0|0.359045540236506|0.0|0.0|0.0|0.0|0.0|0.0|0.0|0.0|0.39551085162886535|0.0|0.0|0.0|0.0|0.0|0.359045540236506|0.0|0.0|0.0|0.0|0.0|0.0|0.0|0.0|0.0|0.0|0.0|0.0|0.0|0.0|0.0|0.0|0.0|0.0|0.0|0.0|0.0|0.0|0.0|0.0|0.0|0.0|0.0|0.0|0.0|0.0|0.0|0.0|0.0|0.0|0.0|0.0|0.0|0.0|0.0|0.0|0.0|0.0|0.0|0.0|0.0|0.0|0.0|0.0|0.0|0.0|0.0|0.0|0.0|0.0|0.0|0.0|0.0|0.0|0.0|0.0|0.0|0.0|0.0|0.0|0.0|0.0|0.0|0.0|0.0|0.0|0.0|0.0|0.0|0.0|0.0|0.0|0.0|0.0|0.0|0.0|0.0|0.0|0.0|0.0|0.0|0.0|0.0|0.0|0.0|0.0|0.0|0.24290056610251864|0.0|0.0|0.0|0.0|0.0|0.0|0.21979028924247673|0.0|0.0|0.2308194678407943|0.0|0.0|0.0|0.0|0.0|0.0|0.0|0.0|0.0
2016_082084|carimbo|Moral Harassment| 1. A empresa diligenciará para a preservação da dignidade dos seus empregados, punindo exemplarmente os casos comprovados de cometimento de assédio moral ou sexual no seu estabelecimento e procurará orientar os seus empregados, inclusive, encarregados, chefes e gerentes, visando à não ocorrência de tais práticas. |empresa diligenciar preservação dignidade empregado punir exemplarmente caso comprovar cometimento assédio moral sexual estabelecimento procurar orientar empregado encarregar chefe gerente visar ocorrência prática|0.0|0.0|0.0|0.0|0.0|0.0|0.0|0.0|0.0|0.0|0.0|0.0|0.0|0.0|0.0|0.0|0.0|0.0|0.0|0.24800096450014905|0.0|0.0|0.0|0.0|0.0|0.0|0.0|0.0|0.0|0.0|0.0|0.0|0.0|0.1992447536111082|0.0|0.21948040945280764|0.0|0.0|0.0|0.0|0.0|0.0|0.0|0.21948040945280764|0.0|0.0|0.0|0.21948040945280764|0.0|0.0|0.0|0.0|0.0|0.0|0.0|0.0|0.0|0.0|0.0|0.0|0.0|0.0|0.0|0.0|0.0|0.0|0.0|0.21948040945280764|0.21948040945280764|0.0|0.0|0.17928865140475106|0.0|0.0|0.08964432570237553|0.21948040945280764|0.0|0.0|0.0|0.0|0.0|0.0|0.0|0.0|0.1992447536111082|0.0|0.0|0.21948040945280764|0.0|0.0|0.0|0.0|0.0|0.0|0.0|0.0|0.0|0.0|0.0|0.0|0.0|0.0|0.0|0.0|0.0|0.0|0.0|0.21948040945280764|0.0|0.0|0.0|0.0|0.0|0.0|0.0|0.0|0.0|0.0|0.0|0.0|0.0|0.0|0.0|0.0|0.0|0.0|0.0|0.0|0.0|0.0|0.0|0.0|0.0|0.0|0.0|0.0|0.0|0.0|0.0|0.0|0.0|0.0|0.0|0.0|0.0|0.0|0.0|0.0|0.0|0.21948040945280764|0.0|0.0|0.0|0.0|0.0|0.0|0.0|0.0|0.0|0.0|0.0|0.0|0.21948040945280764|0.0|0.0|0.0|0.21948040945280764|0.0|0.0|0.0|0.0|0.0|0.0|0.0|0.0|0.0|0.0|0.0|0.0|0.0|0.0|0.0|0.0|0.0|0.0|0.0|0.0|0.21948040945280764|0.0|0.0|0.0|0.0|0.0|0.0|0.0|0.21948040945280764|0.0|0.0|0.0|0.0|0.0|0.0|0.0|0.0|0.21948040945280764|0.0|0.21948040945280764|0.0|0.0|0.0|0.0|0.0|0.0|0.0|0.0|0.0|0.0|0.0|0.0|0.0|0.0|0.0|0.0|0.0|0.0|0.0|0.0|0.0|0.0|0.0|0.0|0.0|0.0|0.0|0.0|0.0|0.0|0.0|0.0|0.0|0.21948040945280764|0.0|0.0|0.0|0.0|0.0|0.0|0.0|0.0|0.0|0.0|0.0|0.0|0.0|0.0|0.0|0.0|0.0|0.0|0.0|0.0|0.0|0.0|0.0|0.0|0.0|0.0|0.0|0.21948040945280764|0.0|0.0|0.0|0.0
2016_082084|carimbo|Working Environment Conditions|1. A empresa fornecerá água para o consumo de seus empregados que sejam armazenadas em caixas d’água ou sejam provenientes de poços, se comprometendo a clorar e a tratar a água fornecida e também a realizar exames bacteriológicos semestralmente, afixando o resultado do exame em quadros de aviso. |empresa fornecer água consumo empregado ser armazenar caixa ser proveniente poço comprometer clorar tratar água fornecir realizar exame bacteriológico semestralmente afixar resultado exame quadro aviso|0.0|0.0|0.0|0.0|0.0|0.0|0.0|0.0|0.0|0.21149935082826266|0.0|0.0|0.0|0.21149935082826266|0.0|0.0|0.0|0.0|0.0|0.0|0.0|0.0|0.0|0.0|0.0|0.21149935082826266|0.21149935082826266|0.0|0.0|0.16991924257077312|0.0|0.0|0.0|0.0|0.0|0.0|0.0|0.0|0.0|0.21149935082826266|0.0|0.0|0.0|0.0|0.0|0.0|0.18717654672170517|0.0|0.0|0.0|0.0|0.0|0.18717654672170517|0.0|0.0|0.0|0.0|0.0|0.0|0.0|0.0|0.0|0.0|0.0|0.0|0.0|0.0|0.0|0.0|0.0|0.0|0.07645017320679964|0.0|0.0|0.07645017320679964|0.0|0.0|0.0|0.0|0.0|0.0|0.0|0.0|0.0|0.0|0.37435309344341033|0.0|0.0|0.0|0.0|0.0|0.0|0.0|0.0|0.0|0.0|0.0|0.0|0.0|0.11495332927673974|0.0|0.15653343753422924|0.0|0.0|0.0|0.0|0.0|0.0|0.0|0.0|0.0|0.0|0.0|0.0|0.0|0.0|0.0|0.0|0.0|0.0|0.0|0.0|0.0|0.0|0.0|0.0|0.0|0.0|0.0|0.0|0.0|0.0|0.0|0.0|0.0|0.0|0.0|0.0|0.0|0.0|0.0|0.0|0.0|0.0|0.0|0.0|0.0|0.0|0.0|0.0|0.0|0.0|0.0|0.0|0.0|0.0|0.0|0.0|0.0|0.0|0.0|0.0|0.0|0.0|0.0|0.0|0.0|0.0|0.0|0.0|0.0|0.0|0.0|0.0|0.0|0.0|0.0|0.0|0.0|0.0|0.0|0.0|0.0|0.21149935082826266|0.0|0.0|0.0|0.0|0.0|0.0|0.0|0.0|0.0|0.0|0.0|0.0|0.0|0.0|0.0|0.0|0.0|0.21149935082826266|0.0|0.0|0.0|0.0|0.0|0.21149935082826266|0.0|0.0|0.0|0.16991924257077312|0.0|0.0|0.0|0.0|0.0|0.0|0.0|0.0|0.0|0.18717654672170517|0.0|0.0|0.0|0.0|0.0|0.0|0.0|0.0|0.0|0.0|0.21149935082826266|0.0|0.0|0.0|0.33983848514154624|0.0|0.0|0.0|0.0|0.0|0.0|0.0|0.0|0.0|0.0|0.0|0.0|0.0|0.0|0.0|0.0|0.0|0.0|0.21149935082826266|0.0|0.0|0.0|0.0|0.0|0.0|0.0|0.0|0.0|0.0|0.0|0.0|0.0|0.2911928769284313|0.0|0.0|0.0
2015_043073|semvalorlegal|Uniforms|As empresas fornecerão aos seus empregados, obrigatoriamente, uniformes e equipamento de proteção individual necessários ao desempenho da respectiva função. Os uniformes constarão, no seu todo, do seguinte: - para motoristas e cobradores: 2 (duas) camisas, 2 (duas) calças, 1 (um) par de sapatos e 1 (uma) gravata, quando a empresa exigir o uso desta; - para trabalhadores de manutenção: 4 (quatro) uniformes do tipo utilizado para essa atividade por cada empresa e 2 (dois) pares de botas, sendo que tais uniformes são concedidos metade no primeiro semestre e a outra metade no segundo. Esta divisão semestral é exclusiva para os trabalhadores de manutenção, não se aplicando a mesma para motoristas e cobradores. PARÁGRAFO ÚNICO – Os empregados se obrigam a devolver os uniformes a quando da rescisão do contrato e se assim exigirem as empresas, sob pena de indenizá-las pelo valor consignado na caução. |empresa fornecer empregado obrigatoriamente uniforme equipamento proteção individual necessário desempenho respectivo função uniforme constar seguinte motorista cobrador camisa calça par sapato gravatar empresa exigir uso trabalhador manutenção uniforme utilizar atividade empresa par bota ser uniforme conceder metade semestre metade divisão semestral exclusivo trabalhador manutenção aplicar mesmo motorista cobrador parágrafo único empregado obrigar devolver uniforme rescisão contrato exigir empresa pena consignar caução|0.0|0.0|0.0|0.0|0.0|0.0|0.0|0.0|0.0|0.0|0.0|0.1271075941292487|0.0|0.0|0.0|0.0|0.0|0.0|0.0|0.0|0.0|0.0|0.08750103929160925|0.0|0.0|0.0|0.0|0.0|0.1271075941292487|0.0|0.1271075941292487|0.0|0.1271075941292487|0.0|0.1271075941292487|0.0|0.0|0.0|0.0|0.0|0.2542151882584974|0.0|0.0|0.0|0.0|0.0|0.0|0.0|0.1271075941292487|0.0|0.1271075941292487|0.1271075941292487|0.0|0.0|0.1271075941292487|0.0|0.0|0.0|0.0|0.0|0.11248999317513553|0.0|0.0|0.0|0.1271075941292487|0.0|0.0|0.0|0.0|0.1271075941292487|0.0|0.09189056655754159|0.0|0.0|0.18378113311508318|0.0|0.0|0.0|0.10211864024572244|0.0|0.0|0.0|0.0|0.0|0.0|0.0|0.1271075941292487|0.0|0.0|0.0|0.0|0.13817008009048878|0.0|0.0|0.0|0.0|0.0|0.0|0.0|0.06908504004524439|0.0|0.0|0.0|0.0|0.11248999317513553|0.0|0.0|0.0|0.0|0.0|0.0|0.1271075941292487|0.0|0.0|0.0|0.0|0.0|0.0|0.08750103929160925|0.0|0.0|0.0|0.0|0.0|0.0|0.0|0.0|0.0|0.0|0.0|0.0|0.0|0.0|0.0|0.0|0.0|0.0|0.0|0.0|0.0|0.22497998635027106|0.0|0.0|0.0|0.0|0.0|0.10211864024572244|0.2542151882584974|0.0|0.0|0.2542151882584974|0.0|0.0|0.0|0.0|0.0|0.11248999317513553|0.0|0.0|0.10211864024572244|0.1271075941292487|0.0|0.0|0.0|0.0|0.0|0.0|0.0|0.0|0.2542151882584974|0.11248999317513553|0.1271075941292487|0.0|0.0|0.0|0.0|0.0|0.0|0.0|0.0|0.0|0.0|0.0|0.0|0.0|0.0|0.0|0.0|0.0|0.0|0.0|0.0|0.0|0.0|0.0|0.0|0.0|0.0|0.0|0.0|0.09407399392877067|0.0|0.0|0.0|0.0|0.0|0.0|0.0|0.0|0.0|0.0|0.0|0.0|0.0|0.0|0.0|0.0|0.0|0.1271075941292487|0.0|0.11248999317513553|0.0|0.0|0.0|0.0|0.0|0.0|0.0|0.1271075941292487|0.1271075941292487|0.0|0.1271075941292487|0.0|0.1271075941292487|0.0|0.0|0.10211864024572244|0.0|0.0|0.0|0.0|0.0|0.0|0.0|0.0|0.0|0.0|0.0|0.0|0.0|0.20423728049144488|0.0|0.0|0.0|0.0|0.0|0.0|0.0|0.0|0.0|0.312560427040415|0.0|0.0|0.06564897083143492|0.11248999317513553|0.0|0.0|0.0|0.0|0.0|0.0|0.0|0.1271075941292487
2012_003082|semvalorlegal|Uniforms|A empresa fica obrigada a fornecer gratuitamente uniformes de trabalho a todos seus empregados, quando a mesma exigir ou quando de uso obrigatório e de acordo com a necessidade. |empresa ficar fornecer gratuitamente uniforme trabalho empregado mesmo exigir uso obrigatório acordo necessidade|0.0|0.0|0.0|0.0|0.307650570435671|0.0|0.0|0.0|0.0|0.0|0.0|0.0|0.0|0.0|0.0|0.0|0.0|0.0|0.0|0.0|0.0|0.0|0.0|0.0|0.0|0.0|0.0|0.0|0.0|0.0|0.0|0.0|0.0|0.0|0.0|0.0|0.0|0.0|0.0|0.0|0.0|0.0|0.0|0.0|0.0|0.0|0.0|0.0|0.0|0.0|0.0|0.0|0.0|0.0|0.0|0.0|0.0|0.0|0.0|0.0|0.0|0.0|0.0|0.0|0.0|0.0|0.0|0.0|0.0|0.0|0.0|0.16154199680343442|0.0|0.0|0.16154199680343442|0.0|0.0|0.0|0.0|0.0|0.0|0.0|0.0|0.0|0.0|0.0|0.0|0.0|0.0|0.0|0.0|0.24290056610251864|0.0|0.0|0.0|0.0|0.307650570435671|0.0|0.0|0.24290056610251864|0.0|0.0|0.0|0.0|0.0|0.0|0.0|0.0|0.0|0.25625560063483604|0.0|0.0|0.0|0.0|0.0|0.0|0.0|0.0|0.0|0.0|0.0|0.0|0.0|0.0|0.0|0.0|0.0|0.0|0.0|0.0|0.0|0.0|0.0|0.0|0.0|0.0|0.0|0.0|0.0|0.0|0.0|0.0|0.0|0.0|0.0|0.0|0.359045540236506|0.0|0.0|0.0|0.0|0.0|0.0|0.0|0.0|0.39551085162886535|0.0|0.0|0.0|0.0|0.0|0.359045540236506|0.0|0.0|0.0|0.0|0.0|0.0|0.0|0.0|0.0|0.0|0.0|0.0|0.0|0.0|0.0|0.0|0.0|0.0|0.0|0.0|0.0|0.0|0.0|0.0|0.0|0.0|0.0|0.0|0.0|0.0|0.0|0.0|0.0|0.0|0.0|0.0|0.0|0.0|0.0|0.0|0.0|0.0|0.0|0.0|0.0|0.0|0.0|0.0|0.0|0.0|0.0|0.0|0.0|0.0|0.0|0.0|0.0|0.0|0.0|0.0|0.0|0.0|0.0|0.0|0.0|0.0|0.0|0.0|0.0|0.0|0.0|0.0|0.0|0.0|0.0|0.0|0.0|0.0|0.0|0.0|0.0|0.0|0.0|0.0|0.0|0.0|0.0|0.0|0.0|0.0|0.0|0.24290056610251864|0.0|0.0|0.0|0.0|0.0|0.0|0.21979028924247673|0.0|0.0|0.2308194678407943|0.0|0.0|0.0|0.0|0.0|0.0|0.0|0.0|0.0
2017_039341|carimbo|Uniforms|Quando exigido o uso de uniforme pela empresa, será por ela fornecido gratuitamente ao empregado. |exigir uso uniforme empresa ser fornecir gratuitamente empregado|0.0|0.0|0.0|0.0|0.0|0.0|0.0|0.0|0.0|0.0|0.0|0.0|0.0|0.0|0.0|0.0|0.0|0.0|0.0|0.0|0.0|0.0|0.0|0.0|0.0|0.0|0.0|0.0|0.0|0.0|0.0|0.0|0.0|0.0|0.0|0.0|0.0|0.0|0.0|0.0|0.0|0.0|0.0|0.0|0.0|0.0|0.0|0.0|0.0|0.0|0.0|0.0|0.0|0.0|0.0|0.0|0.0|0.0|0.0|0.0|0.0|0.0|0.0|0.0|0.0|0.0|0.0|0.0|0.0|0.0|0.0|0.22471938887970436|0.0|0.0|0.22471938887970436|0.0|0.0|0.0|0.0|0.0|0.0|0.0|0.0|0.0|0.0|0.0|0.0|0.0|0.0|0.0|0.0|0.33789644707382827|0.0|0.0|0.0|0.0|0.0|0.0|0.0|0.0|0.0|0.4601179689518707|0.0|0.0|0.0|0.0|0.0|0.0|0.0|0.3564744964848525|0.0|0.0|0.0|0.0|0.0|0.0|0.0|0.0|0.0|0.0|0.0|0.0|0.0|0.0|0.0|0.0|0.0|0.0|0.0|0.0|0.0|0.0|0.0|0.0|0.0|0.0|0.0|0.0|0.0|0.0|0.0|0.0|0.0|0.0|0.0|0.0|0.0|0.0|0.0|0.0|0.0|0.0|0.0|0.0|0.0|0.0|0.0|0.0|0.0|0.0|0.0|0.0|0.0|0.0|0.0|0.0|0.0|0.0|0.0|0.0|0.0|0.0|0.0|0.0|0.0|0.0|0.0|0.0|0.0|0.0|0.0|0.0|0.0|0.0|0.0|0.0|0.0|0.0|0.0|0.0|0.0|0.0|0.0|0.0|0.0|0.0|0.0|0.0|0.0|0.0|0.0|0.0|0.0|0.0|0.0|0.0|0.0|0.0|0.0|0.0|0.0|0.0|0.0|0.0|0.0|0.0|0.0|0.0|0.0|0.0|0.0|0.0|0.0|0.0|0.0|0.0|0.0|0.0|0.0|0.0|0.0|0.0|0.0|0.0|0.0|0.0|0.4994645106443029|0.0|0.0|0.0|0.0|0.0|0.0|0.0|0.0|0.0|0.0|0.0|0.0|0.0|0.0|0.0|0.0|0.0|0.0|0.0|0.0|0.0|0.0|0.0|0.3057479816865354|0.0|0.0|0.3210905571375177|0.0|0.0|0.0|0.0|0.0|0.0|0.0|0.0|0.0
2017_039364|carimbo|Uniforms|Quando o exercício de atividades exigir o uso de uniforme padronizados, competirá aos empregadores fornecê-los gratuitamente em número de dois uniformes em cada 12 (doze) meses, salvo mal uso ou extravio injustificável. |exercício atividade exigir uso uniforme padronizado competir empregador gratuitamente uniforme salvo uso extravio injustificável|0.0|0.0|0.0|0.0|0.0|0.0|0.0|0.0|0.0|0.0|0.0|0.0|0.0|0.0|0.0|0.0|0.0|0.0|0.0|0.0|0.0|0.0|0.2212563674945297|0.0|0.0|0.0|0.0|0.0|0.0|0.0|0.0|0.0|0.0|0.0|0.0|0.0|0.0|0.0|0.0|0.0|0.0|0.0|0.0|0.0|0.3214060631243658|0.0|0.0|0.0|0.0|0.0|0.0|0.0|0.0|0.0|0.0|0.0|0.0|0.0|0.0|0.0|0.0|0.0|0.0|0.0|0.0|0.0|0.0|0.0|0.0|0.0|0.0|0.0|0.237876833702685|0.0|0.0|0.0|0.0|0.0|0.0|0.0|0.0|0.0|0.0|0.0|0.0|0.0|0.0|0.0|0.3214060631243658|0.0|0.0|0.17468941091869603|0.0|0.0|0.3214060631243658|0.0|0.0|0.0|0.0|0.0|0.0|0.0|0.0|0.0|0.0|0.0|0.0|0.0|0.0|0.18429409464868254|0.0|0.0|0.0|0.0|0.0|0.0|0.0|0.0|0.0|0.0|0.0|0.0|0.3214060631243658|0.0|0.0|0.0|0.0|0.0|0.0|0.0|0.0|0.0|0.0|0.0|0.0|0.0|0.0|0.0|0.0|0.0|0.0|0.0|0.0|0.0|0.0|0.0|0.0|0.0|0.0|0.0|0.0|0.0|0.0|0.0|0.0|0.0|0.0|0.0|0.0|0.0|0.0|0.0|0.0|0.0|0.0|0.0|0.0|0.0|0.3214060631243658|0.0|0.0|0.0|0.0|0.0|0.0|0.0|0.0|0.0|0.0|0.0|0.0|0.0|0.0|0.0|0.0|0.0|0.0|0.0|0.0|0.0|0.0|0.0|0.0|0.0|0.0|0.0|0.0|0.0|0.0|0.0|0.0|0.0|0.0|0.0|0.0|0.0|0.0|0.0|0.0|0.0|0.0|0.0|0.0|0.0|0.0|0.0|0.0|0.0|0.0|0.0|0.0|0.0|0.0|0.0|0.0|0.3214060631243658|0.0|0.0|0.0|0.0|0.0|0.0|0.0|0.0|0.0|0.0|0.0|0.0|0.0|0.0|0.0|0.0|0.0|0.0|0.0|0.0|0.0|0.0|0.0|0.0|0.0|0.0|0.0|0.0|0.0|0.0|0.0|0.0|0.0|0.0|0.31613788942108156|0.0|0.0|0.33200183525844124|0.0|0.0|0.0|0.0|0.0|0.0|0.0|0.0|0.0
2012_032527|carimbo|Uniforms|Quando exigido para prestação de serviços ou pela própria natureza do trabalho o CRMV-SC fornecerá uniforme, gratuitamente, aos seus funcionários, em quantidade e frequência que assegurem a manutenção da sua qualidade.|exigido prestação serviço próprio natureza trabalho fornecer uniforme gratuitamente funcionário quantidade frequência assegur manutenção qualidade|0.0|0.0|0.0|0.0|0.0|0.0|0.0|0.0|0.0|0.0|0.0|0.0|0.0|0.0|0.0|0.0|0.2975562488197834|0.0|0.0|0.0|0.0|0.0|0.0|0.0|0.0|0.0|0.0|0.0|0.0|0.0|0.0|0.0|0.0|0.0|0.0|0.0|0.0|0.0|0.0|0.0|0.0|0.0|0.0|0.0|0.0|0.0|0.0|0.0|0.0|0.0|0.0|0.0|0.0|0.0|0.0|0.0|0.0|0.0|0.0|0.0|0.0|0.0|0.0|0.0|0.0|0.0|0.0|0.0|0.0|0.0|0.0|0.0|0.0|0.0|0.0|0.0|0.0|0.0|0.0|0.0|0.0|0.0|0.0|0.0|0.0|0.0|0.0|0.0|0.0|0.0|0.2975562488197834|0.0|0.0|0.0|0.0|0.0|0.0|0.0|0.0|0.16172664982176027|0.0|0.0|0.2975562488197834|0.2975562488197834|0.0|0.0|0.0|0.0|0.0|0.17061862165954522|0.0|0.0|0.0|0.0|0.0|0.0|0.0|0.0|0.0|0.0|0.0|0.0|0.0|0.0|0.0|0.0|0.0|0.0|0.0|0.0|0.0|0.0|0.0|0.0|0.0|0.0|0.0|0.0|0.0|0.0|0.2633367473301432|0.0|0.0|0.0|0.0|0.0|0.0|0.0|0.0|0.0|0.0|0.0|0.0|0.2975562488197834|0.0|0.0|0.0|0.0|0.0|0.0|0.0|0.0|0.0|0.0|0.0|0.0|0.0|0.0|0.0|0.0|0.0|0.0|0.0|0.0|0.0|0.0|0.0|0.0|0.0|0.0|0.0|0.0|0.0|0.0|0.0|0.0|0.0|0.0|0.2633367473301432|0.0|0.0|0.0|0.0|0.0|0.0|0.0|0.0|0.0|0.0|0.0|0.0|0.0|0.0|0.0|0.0|0.2633367473301432|0.0|0.0|0.2975562488197834|0.2975562488197834|0.0|0.0|0.0|0.0|0.0|0.0|0.0|0.0|0.0|0.0|0.0|0.0|0.0|0.0|0.0|0.0|0.0|0.0|0.0|0.0|0.0|0.0|0.0|0.0|0.0|0.0|0.0|0.2633367473301432|0.0|0.0|0.0|0.0|0.0|0.0|0.0|0.0|0.0|0.0|0.0|0.0|0.0|0.0|0.0|0.16172664982176027|0.0|0.0|0.0|0.0|0.0|0.0|0.14633949896822765|0.0|0.0|0.0|0.0|0.0|0.0|0.0|0.0|0.0|0.0|0.0|0.0
2013_073410|semvalorlegal|Working Environment Conditions|a) A empresa que se utilizar de mão-de-obra feminina, manterão em suas caixas de Primeiros Socorros, absorventes higiênicos para uso emergencial, fornecidos gratuitamente. b) A empresa proporcionará gratuitamente, produtos adequados a higiene pessoal de seus empregados de acordo com as condições específicas do trabalho realizado. |empresa utilizar feminino manter caixa primeiros socorros absorvente higiênico uso emergencial fornecir gratuitamente b empresa proporcionar gratuitamente produto adequar higiene pessoal empregado acordo condição específico trabalho realizar|0.2427913702899892|0.0|0.0|0.0|0.16713790688073002|0.0|0.2427913702899892|0.0|0.0|0.0|0.0|0.0|0.0|0.0|0.0|0.0|0.0|0.0|0.0|0.0|0.0|0.0|0.0|0.0|0.0|0.0|0.0|0.0|0.0|0.19505934926435803|0.0|0.0|0.0|0.0|0.0|0.0|0.0|0.0|0.0|0.0|0.0|0.0|0.0|0.0|0.0|0.0|0.0|0.0|0.0|0.16713790688073002|0.0|0.0|0.0|0.0|0.0|0.0|0.0|0.0|0.0|0.0|0.0|0.0|0.0|0.0|0.0|0.0|0.0|0.0|0.0|0.0|0.2427913702899892|0.08776122592857405|0.0|0.0|0.1755224518571481|0.0|0.0|0.0|0.0|0.0|0.0|0.0|0.2427913702899892|0.0|0.0|0.0|0.0|0.0|0.0|0.0|0.0|0.0|0.0|0.0|0.0|0.21486992790636117|0.0|0.0|0.0|0.0|0.0|0.17969307067045306|0.0|0.0|0.0|0.0|0.0|0.0|0.0|0.27843292899420397|0.0|0.0|0.0|0.16713790688073002|0.21486992790636117|0.0|0.0|0.0|0.0|0.0|0.0|0.0|0.0|0.0|0.0|0.0|0.0|0.0|0.0|0.0|0.0|0.0|0.0|0.0|0.0|0.0|0.0|0.0|0.16713790688073002|0.0|0.0|0.0|0.0|0.0|0.0|0.0|0.0|0.0|0.0|0.0|0.0|0.0|0.0|0.0|0.0|0.0|0.0|0.0|0.0|0.0|0.0|0.0|0.0|0.0|0.0|0.0|0.0|0.0|0.0|0.0|0.0|0.0|0.0|0.0|0.0|0.21486992790636117|0.0|0.0|0.0|0.0|0.0|0.0|0.0|0.0|0.0|0.0|0.0|0.0|0.0|0.0|0.0|0.0|0.0|0.21486992790636117|0.0|0.0|0.2427913702899892|0.0|0.0|0.2427913702899892|0.0|0.0|0.0|0.0|0.0|0.0|0.0|0.0|0.0|0.0|0.0|0.19505934926435803|0.0|0.0|0.0|0.0|0.0|0.0|0.0|0.0|0.0|0.0|0.0|0.0|0.0|0.0|0.0|0.0|0.0|0.0|0.0|0.0|0.0|0.0|0.0|0.0|0.0|0.0|0.0|0.0|0.0|0.0|0.0|0.0|0.21486992790636117|0.0|0.0|0.0|0.0|0.0|0.0|0.0|0.0|0.13196104964482192|0.0|0.0|0.0|0.0|0.0|0.0|0.0|0.0|0.0|0.12539772855809167|0.21486992790636117|0.0|0.0|0.0|0.0|0.0|0.0|0.0|0.0
2013_073410|semvalorlegal|Working Environment Conditions|A empresa que não possue refeitório se comprometem a oferecer condições para os empregados aquecerem suas refeições e tomarem em condições de higiene e boa acomodação. |empresa possue refeitório comprometer oferecer condição empregado aquecer refeição tomar condição higiene acomodação|0.0|0.0|0.0|0.31653708998143254|0.0|0.0|0.0|0.0|0.0|0.0|0.0|0.0|0.31653708998143254|0.0|0.0|0.0|0.0|0.0|0.0|0.0|0.0|0.0|0.0|0.0|0.0|0.0|0.0|0.0|0.0|0.0|0.0|0.0|0.0|0.0|0.0|0.0|0.0|0.0|0.0|0.0|0.0|0.0|0.0|0.0|0.0|0.0|0.28013475776657015|0.0|0.0|0.43580911962747243|0.0|0.0|0.0|0.0|0.0|0.0|0.0|0.0|0.0|0.0|0.0|0.0|0.0|0.0|0.0|0.0|0.0|0.0|0.0|0.0|0.0|0.1144179178833824|0.0|0.0|0.1144179178833824|0.0|0.0|0.0|0.0|0.0|0.0|0.0|0.0|0.0|0.0|0.0|0.0|0.0|0.0|0.0|0.0|0.0|0.0|0.0|0.0|0.0|0.0|0.0|0.0|0.0|0.0|0.0|0.0|0.0|0.0|0.0|0.0|0.0|0.0|0.0|0.0|0.0|0.0|0.21790455981373621|0.0|0.0|0.0|0.0|0.0|0.0|0.0|0.0|0.0|0.0|0.0|0.0|0.0|0.0|0.0|0.0|0.0|0.0|0.0|0.0|0.0|0.0|0.0|0.0|0.0|0.0|0.0|0.0|0.0|0.0|0.0|0.0|0.0|0.0|0.0|0.0|0.0|0.0|0.0|0.0|0.0|0.0|0.0|0.0|0.0|0.0|0.0|0.0|0.0|0.0|0.31653708998143254|0.0|0.0|0.0|0.0|0.0|0.0|0.0|0.0|0.0|0.0|0.0|0.0|0.0|0.0|0.0|0.31653708998143254|0.0|0.0|0.0|0.0|0.0|0.0|0.0|0.0|0.0|0.0|0.0|0.0|0.0|0.0|0.0|0.0|0.0|0.0|0.0|0.0|0.0|0.0|0.0|0.0|0.0|0.0|0.0|0.0|0.0|0.0|0.0|0.0|0.0|0.28013475776657015|0.28013475776657015|0.0|0.0|0.0|0.0|0.0|0.0|0.0|0.0|0.0|0.0|0.0|0.0|0.0|0.0|0.0|0.0|0.0|0.0|0.0|0.0|0.0|0.0|0.0|0.0|0.0|0.0|0.0|0.0|0.0|0.0|0.0|0.0|0.0|0.31653708998143254|0.0|0.0|0.0|0.0|0.0|0.0|0.0|0.0|0.0|0.0|0.0|0.0|0.0|0.0|0.0|0.0|0.0|0.0|0.0|0.0|0.0|0.0|0.0
2013_073410|semvalorlegal|Working Environment Conditions|A empresa fornecerá água potável filtrada e resfriada aos seus empregados; os estabelecimentos em que trabalharem mais de 30 (trinta) trabalhadores, ficará uma auxiliar para levar água potável a cada 30 (trinta) minutos. |empresa fornecer água potável filtrar resfriar empregado estabelecimento trabalhar trinto trabalhador ficar auxiliar levar água potável trinto minuto|0.0|0.0|0.0|0.0|0.0|0.0|0.0|0.0|0.0|0.0|0.0|0.0|0.0|0.0|0.0|0.0|0.0|0.0|0.0|0.0|0.0|0.0|0.0|0.0|0.25366433222759516|0.0|0.0|0.0|0.0|0.0|0.0|0.0|0.0|0.0|0.0|0.0|0.0|0.0|0.0|0.0|0.0|0.0|0.0|0.0|0.0|0.0|0.0|0.0|0.0|0.0|0.0|0.0|0.0|0.0|0.0|0.0|0.0|0.0|0.0|0.0|0.0|0.0|0.0|0.0|0.0|0.0|0.0|0.0|0.0|0.0|0.0|0.09169144992285894|0.0|0.0|0.09169144992285894|0.0|0.0|0.0|0.0|0.0|0.0|0.0|0.0|0.0|0.2037947210265108|0.0|0.0|0.0|0.0|0.0|0.0|0.0|0.0|0.0|0.0|0.0|0.17462286854833273|0.25366433222759516|0.0|0.13787068089868793|0.0|0.0|0.0|0.0|0.0|0.0|0.0|0.0|0.0|0.0|0.0|0.0|0.0|0.0|0.0|0.0|0.0|0.0|0.0|0.0|0.0|0.0|0.0|0.0|0.0|0.0|0.0|0.0|0.0|0.0|0.0|0.0|0.0|0.0|0.25366433222759516|0.0|0.0|0.0|0.0|0.0|0.0|0.0|0.0|0.0|0.0|0.0|0.0|0.0|0.25366433222759516|0.0|0.0|0.0|0.0|0.0|0.0|0.0|0.0|0.0|0.0|0.0|0.0|0.0|0.0|0.0|0.0|0.0|0.0|0.0|0.0|0.0|0.0|0.0|0.0|0.0|0.0|0.0|0.0|0.0|0.0|0.0|0.0|0.0|0.37548058419954455|0.0|0.0|0.0|0.0|0.0|0.0|0.0|0.0|0.0|0.0|0.0|0.0|0.0|0.0|0.0|0.0|0.0|0.0|0.0|0.0|0.0|0.0|0.0|0.0|0.0|0.0|0.0|0.0|0.0|0.0|0.0|0.0|0.0|0.0|0.0|0.0|0.25366433222759516|0.0|0.0|0.0|0.0|0.0|0.0|0.0|0.0|0.0|0.0|0.0|0.0|0.0|0.0|0.0|0.0|0.0|0.0|0.0|0.0|0.0|0.0|0.0|0.0|0.0|0.0|0.0|0.0|0.0|0.0|0.2037947210265108|0.0|0.25366433222759516|0.0|0.0|0.0|0.0|0.0|0.4489849594988341|0.0|0.0|0.0|0.0|0.0|0.0|0.0|0.0|0.0|0.0|0.34924573709666545|0.0|0.0|0.0
2013_073410|semvalorlegal|Uniforms|Fornecimento gratuito de uniforme e EPI's aos empregados, quando exigidos pelas empresas ou por Lei. |fornecimento gratuito uniforme epi empregado exiger empresa lei|0.0|0.0|0.0|0.0|0.0|0.0|0.0|0.0|0.0|0.0|0.0|0.0|0.0|0.0|0.0|0.0|0.0|0.0|0.0|0.0|0.0|0.0|0.0|0.0|0.0|0.0|0.0|0.0|0.0|0.0|0.0|0.0|0.0|0.0|0.0|0.0|0.0|0.0|0.0|0.0|0.0|0.0|0.0|0.0|0.0|0.0|0.0|0.0|0.0|0.0|0.0|0.0|0.0|0.0|0.0|0.0|0.0|0.0|0.0|0.0|0.0|0.0|0.0|0.0|0.0|0.0|0.0|0.0|0.0|0.0|0.0|0.17671836682778666|0.0|0.0|0.17671836682778666|0.0|0.0|0.43266787055732475|0.0|0.0|0.0|0.0|0.0|0.0|0.0|0.0|0.0|0.0|0.0|0.43266787055732475|0.0|0.0|0.0|0.0|0.0|0.0|0.0|0.0|0.0|0.0|0.3618348039599733|0.0|0.0|0.0|0.0|0.0|0.0|0.0|0.0|0.0|0.43266787055732475|0.0|0.0|0.0|0.0|0.0|0.0|0.0|0.0|0.0|0.0|0.0|0.0|0.0|0.0|0.0|0.0|0.0|0.0|0.0|0.0|0.0|0.0|0.43266787055732475|0.0|0.0|0.0|0.0|0.0|0.0|0.0|0.0|0.0|0.0|0.0|0.0|0.0|0.0|0.0|0.0|0.0|0.0|0.0|0.0|0.0|0.0|0.0|0.0|0.0|0.0|0.0|0.0|0.0|0.0|0.0|0.0|0.0|0.0|0.0|0.0|0.0|0.0|0.0|0.0|0.0|0.0|0.0|0.0|0.0|0.0|0.0|0.0|0.0|0.0|0.0|0.0|0.0|0.0|0.0|0.0|0.0|0.0|0.0|0.0|0.0|0.0|0.0|0.0|0.0|0.0|0.0|0.0|0.0|0.0|0.0|0.0|0.0|0.0|0.0|0.0|0.0|0.0|0.0|0.0|0.0|0.0|0.0|0.0|0.0|0.0|0.0|0.0|0.0|0.0|0.0|0.0|0.0|0.0|0.0|0.0|0.0|0.0|0.0|0.0|0.0|0.0|0.0|0.0|0.0|0.0|0.0|0.0|0.0|0.0|0.0|0.0|0.0|0.0|0.0|0.0|0.0|0.0|0.0|0.0|0.0|0.0|0.0|0.0|0.0|0.0|0.24043890584563807|0.0|0.0|0.0|0.0|0.0|0.0|0.0|0.0|0.0|0.0|0.0|0.0
2010_074884|carimbo|Working Environment Conditions|A empresa adotará, nos termos da lei, as medidas de proteção individuais e coletivas, com o intuito de preservar os seus empregados no que se refere a segurança, higiene e medicina do trabalho; PARÁGRAFO PRIMEIRO - A empresa realizará exames médicos periódicos (anuais) em todos os seus empregados expostos a condições insalubres de trabalho, nos termos da legislação em vigor, cientificando-os do respectivo resultado e entregando-lhes os atestados correspondentes; PARÁGRAFO SEGUNDO - Os empregados receberão instruções e treinamentos iniciais e periódicos sobre os diferentes riscos de acidentes, bem como, medidas de proteção relativas às operações e atividades especificas que realizarem; PARÁGRAFO TERCEIRO - A cada ingresso de um novo empregado, a empresa o treinará quanto a forma de utilização do EPI necessário, e de uso obrigatório ao desempenho de suas funções, bem como, dará as informações relativas, aos processos de produção, riscos de manuseio de substâncias e dos programas de prevenções desenvolvidos. |empresa adotar termos lei medida proteção individual coletiva intuito preservar empregado referir segurança higiene medicina trabalho parágrafo empresa realizar exame médico periódico anual empregado expor condição insalubr trabalho termo legislação vigor respectivo resultado atestado correspondente parágrafo empregado receber instrução treinamento inicial periódico diferente risco acidente medida proteção relativo operação atividade especifico realizar parágrafo ingresso empregar empresa treinar utilização epi necessário uso obrigatório desempenho função dar informação relativo processo produção risco manuseio substância programa prevenção desenvolvir|0.0|0.0|0.11364804187042898|0.0|0.0|0.0|0.0|0.11364804187042898|0.0|0.0|0.11364804187042898|0.0|0.0|0.0|0.0|0.0|0.0|0.0|0.0|0.0|0.0|0.10057831352997253|0.07823546535706613|0.0|0.0|0.0|0.0|0.0|0.0|0.0|0.0|0.0|0.0|0.0|0.0|0.0|0.0|0.0|0.0|0.0|0.0|0.11364804187042898|0.0|0.0|0.0|0.0|0.0|0.0|0.0|0.07823546535706613|0.0|0.0|0.0|0.0|0.0|0.0|0.11364804187042898|0.11364804187042898|0.0|0.0|0.10057831352997253|0.0|0.11364804187042898|0.0|0.0|0.0|0.11364804187042898|0.0|0.0|0.0|0.0|0.12324027168286061|0.0|0.11364804187042898|0.12324027168286061|0.0|0.0|0.10057831352997253|0.0|0.0|0.0|0.11364804187042898|0.0|0.0|0.0|0.10057831352997253|0.0|0.0|0.0|0.0|0.0|0.0|0.0|0.11364804187042898|0.0|0.0|0.0|0.0|0.0|0.0|0.0|0.0|0.0|0.0|0.10057831352997253|0.0|0.0|0.0|0.0|0.0|0.0|0.0|0.0|0.07823546535706613|0.0|0.0|0.0|0.0|0.07823546535706613|0.11364804187042898|0.11364804187042898|0.11364804187042898|0.0|0.11364804187042898|0.0|0.0|0.11364804187042898|0.11364804187042898|0.0|0.0|0.0|0.0|0.11364804187042898|0.10057831352997253|0.0|0.0|0.0|0.0|0.0|0.11364804187042898|0.0|0.0|0.0|0.0|0.11364804187042898|0.22729608374085797|0.0|0.0|0.0|0.0|0.0|0.0|0.09130519369752257|0.0|0.0|0.0|0.10057831352997253|0.0|0.0|0.0|0.0|0.09130519369752257|0.0|0.0|0.0|0.11364804187042898|0.0|0.0|0.0|0.0|0.30173494058991757|0.0|0.0|0.22729608374085797|0.0|0.0|0.0|0.0|0.0|0.0|0.0|0.0|0.0|0.0|0.0|0.0|0.11364804187042898|0.0|0.0|0.11364804187042898|0.0|0.0|0.0|0.0|0.11364804187042898|0.0|0.0|0.11364804187042898|0.11364804187042898|0.0|0.16822480630172248|0.0|0.0|0.0|0.0|0.0|0.0|0.0|0.0|0.0|0.0|0.18261038739504515|0.10057831352997253|0.0|0.0|0.0|0.11364804187042898|0.22729608374085797|0.0|0.0|0.10057831352997253|0.10057831352997253|0.22729608374085797|0.0|0.0|0.0|0.0|0.0|0.0|0.0|0.10057831352997253|0.0|0.0|0.0|0.0|0.0|0.0|0.0|0.0|0.0|0.0|0.0|0.0|0.0|0.0|0.11364804187042898|0.0|0.11364804187042898|0.11364804187042898|0.0|0.0|0.0|0.0|0.12353910995590968|0.0|0.0|0.11364804187042898|0.11364804187042898|0.0|0.0|0.0|0.0|0.0|0.058697334623570414|0.0|0.11364804187042898|0.0|0.11364804187042898|0.0|0.0|0.0|0.0|0.0
2012_042462|carimbo|Working Environment Conditions|Obrigam-se as Empresas a manter refeitório com local adequado para que os Trabalhadores possam esquentar os seus lanches e refeições nos horários próprios. |empresa manter refeitório adequado trabalhadores poder esquentar lanche refeição horário próprio|0.0|0.0|0.0|0.0|0.0|0.3341843447886477|0.0|0.0|0.0|0.0|0.0|0.0|0.0|0.0|0.0|0.0|0.0|0.0|0.0|0.0|0.0|0.0|0.0|0.0|0.0|0.0|0.0|0.0|0.0|0.0|0.0|0.0|0.0|0.0|0.0|0.0|0.0|0.0|0.0|0.0|0.0|0.0|0.0|0.0|0.0|0.0|0.0|0.0|0.0|0.0|0.0|0.0|0.0|0.0|0.0|0.0|0.0|0.0|0.0|0.0|0.0|0.0|0.0|0.0|0.0|0.0|0.0|0.0|0.0|0.0|0.0|0.0|0.0|0.0|0.12079682959801753|0.0|0.0|0.0|0.0|0.0|0.0|0.0|0.0|0.3341843447886477|0.0|0.0|0.0|0.0|0.0|0.0|0.0|0.0|0.0|0.0|0.0|0.0|0.0|0.0|0.0|0.0|0.0|0.0|0.0|0.0|0.0|0.0|0.0|0.0|0.0|0.0|0.0|0.0|0.0|0.0|0.0|0.0|0.0|0.3341843447886477|0.0|0.0|0.0|0.0|0.0|0.0|0.0|0.0|0.0|0.0|0.0|0.0|0.3341843447886477|0.0|0.0|0.0|0.0|0.0|0.0|0.0|0.23005295383262553|0.0|0.0|0.0|0.0|0.0|0.0|0.0|0.0|0.0|0.0|0.0|0.0|0.0|0.0|0.0|0.0|0.0|0.0|0.0|0.0|0.0|0.0|0.0|0.0|0.0|0.0|0.0|0.0|0.0|0.0|0.0|0.0|0.0|0.0|0.0|0.0|0.0|0.0|0.3341843447886477|0.0|0.0|0.0|0.0|0.0|0.0|0.0|0.0|0.0|0.0|0.0|0.0|0.0|0.0|0.0|0.0|0.0|0.0|0.0|0.0|0.0|0.0|0.0|0.0|0.0|0.0|0.0|0.2957525466675617|0.0|0.0|0.0|0.0|0.0|0.0|0.0|0.0|0.2957525466675617|0.2957525466675617|0.0|0.0|0.0|0.0|0.0|0.0|0.0|0.0|0.0|0.0|0.0|0.0|0.0|0.0|0.0|0.0|0.0|0.0|0.0|0.0|0.0|0.0|0.0|0.0|0.0|0.0|0.0|0.0|0.0|0.0|0.0|0.0|0.0|0.0|0.0|0.3341843447886477|0.0|0.0|0.0|0.0|0.0|0.0|0.0|0.0|0.0|0.0|0.0|0.0|0.0|0.0|0.0|0.0|0.0|0.0|0.0|0.0|0.0
2012_042462|carimbo|Working Environment Conditions|As Empresas manterão a higiene das instalações sanitárias, que deverão ter separação de sexos, além de chuveiros, lavatórios e fornecimento de água potável através de bebedouros bem como caixa de primeiros socorros com medicamentos nos locais de trabalho. |empresa manter higiene instalação sanitário dever separação sexo chuveiro lavatório fornecimento água potável bebedouro caixa primeiro socorro medicamento local trabalho|0.0|0.0|0.0|0.0|0.0|0.0|0.0|0.0|0.0|0.0|0.0|0.0|0.0|0.0|0.0|0.0|0.0|0.0|0.0|0.0|0.0|0.0|0.0|0.0|0.0|0.0|0.0|0.2645532237194437|0.0|0.21254289064256146|0.0|0.0|0.0|0.0|0.0|0.0|0.23412912921945037|0.0|0.0|0.0|0.0|0.0|0.0|0.0|0.0|0.0|0.0|0.0|0.0|0.0|0.0|0.0|0.0|0.0|0.0|0.0|0.0|0.0|0.0|0.0|0.0|0.0|0.0|0.23412912921945037|0.0|0.0|0.0|0.0|0.0|0.0|0.0|0.0|0.0|0.0|0.09562743193567289|0.0|0.0|0.0|0.0|0.0|0.0|0.0|0.0|0.0|0.0|0.0|0.0|0.0|0.0|0.0|0.0|0.0|0.0|0.0|0.0|0.0|0.0|0.0|0.0|0.0|0.19579930320066358|0.0|0.0|0.0|0.0|0.0|0.0|0.0|0.0|0.0|0.0|0.0|0.0|0.18211879614256812|0.0|0.0|0.0|0.0|0.0|0.0|0.0|0.0|0.0|0.0|0.0|0.2645532237194437|0.0|0.0|0.0|0.0|0.0|0.2645532237194437|0.0|0.0|0.0|0.23412912921945037|0.0|0.0|0.18211879614256812|0.0|0.0|0.0|0.0|0.2645532237194437|0.0|0.0|0.0|0.0|0.0|0.0|0.0|0.0|0.0|0.0|0.0|0.0|0.0|0.0|0.0|0.0|0.0|0.0|0.0|0.0|0.0|0.0|0.0|0.0|0.0|0.0|0.0|0.0|0.0|0.0|0.0|0.0|0.0|0.0|0.0|0.0|0.0|0.0|0.19579930320066358|0.0|0.0|0.0|0.0|0.0|0.0|0.0|0.0|0.0|0.23412912921945037|0.0|0.0|0.0|0.0|0.0|0.0|0.0|0.0|0.0|0.0|0.0|0.0|0.0|0.0|0.0|0.0|0.0|0.0|0.0|0.0|0.0|0.0|0.0|0.0|0.0|0.0|0.0|0.0|0.0|0.0|0.0|0.0|0.0|0.23412912921945037|0.0|0.0|0.0|0.0|0.0|0.0|0.0|0.0|0.2645532237194437|0.0|0.0|0.0|0.2645532237194437|0.0|0.0|0.0|0.23412912921945037|0.0|0.0|0.0|0.0|0.0|0.0|0.0|0.0|0.0|0.14378897012378133|0.0|0.0|0.0|0.0|0.0|0.0|0.0|0.0|0.0|0.0|0.0|0.0|0.0|0.0|0.0|0.18211879614256812|0.0|0.0|0.0
2015_043120|carimbo|Moral Harassment|A empresa diligenciará para a preservação da dignidade dos seus empregados, punindo exemplarmente os casos comprovados de cometimento de assedio moral ou sexual nos seus estabelecimentos e procurarão orientar os seus empregados, inclusive, encarregados, chefes, e gerente, visado à não ocorrência de tais práticas.  |empresa diligenciar preservação dignidade empregado punir exemplarmente caso comprovar cometimento assedio moral sexual estabelecimento procurar orientar empregado encarregar chefe gerente visar ocorrência prática|0.0|0.0|0.0|0.0|0.0|0.0|0.0|0.0|0.0|0.0|0.0|0.0|0.0|0.0|0.0|0.24800096450014905|0.0|0.0|0.0|0.0|0.0|0.0|0.0|0.0|0.0|0.0|0.0|0.0|0.0|0.0|0.0|0.0|0.0|0.1992447536111082|0.0|0.21948040945280764|0.0|0.0|0.0|0.0|0.0|0.0|0.0|0.21948040945280764|0.0|0.0|0.0|0.21948040945280764|0.0|0.0|0.0|0.0|0.0|0.0|0.0|0.0|0.0|0.0|0.0|0.0|0.0|0.0|0.0|0.0|0.0|0.0|0.0|0.21948040945280764|0.21948040945280764|0.0|0.0|0.17928865140475106|0.0|0.0|0.08964432570237553|0.21948040945280764|0.0|0.0|0.0|0.0|0.0|0.0|0.0|0.0|0.1992447536111082|0.0|0.0|0.21948040945280764|0.0|0.0|0.0|0.0|0.0|0.0|0.0|0.0|0.0|0.0|0.0|0.0|0.0|0.0|0.0|0.0|0.0|0.0|0.0|0.21948040945280764|0.0|0.0|0.0|0.0|0.0|0.0|0.0|0.0|0.0|0.0|0.0|0.0|0.0|0.0|0.0|0.0|0.0|0.0|0.0|0.0|0.0|0.0|0.0|0.0|0.0|0.0|0.0|0.0|0.0|0.0|0.0|0.0|0.0|0.0|0.0|0.0|0.0|0.0|0.0|0.0|0.0|0.21948040945280764|0.0|0.0|0.0|0.0|0.0|0.0|0.0|0.0|0.0|0.0|0.0|0.0|0.21948040945280764|0.0|0.0|0.0|0.21948040945280764|0.0|0.0|0.0|0.0|0.0|0.0|0.0|0.0|0.0|0.0|0.0|0.0|0.0|0.0|0.0|0.0|0.0|0.0|0.0|0.0|0.21948040945280764|0.0|0.0|0.0|0.0|0.0|0.0|0.0|0.21948040945280764|0.0|0.0|0.0|0.0|0.0|0.0|0.0|0.0|0.21948040945280764|0.0|0.21948040945280764|0.0|0.0|0.0|0.0|0.0|0.0|0.0|0.0|0.0|0.0|0.0|0.0|0.0|0.0|0.0|0.0|0.0|0.0|0.0|0.0|0.0|0.0|0.0|0.0|0.0|0.0|0.0|0.0|0.0|0.0|0.0|0.0|0.0|0.21948040945280764|0.0|0.0|0.0|0.0|0.0|0.0|0.0|0.0|0.0|0.0|0.0|0.0|0.0|0.0|0.0|0.0|0.0|0.0|0.0|0.0|0.0|0.0|0.0|0.0|0.0|0.0|0.0|0.21948040945280764|0.0|0.0|0.0|0.0
2015_043120|carimbo|Working Environment Conditions|A empresa assegura aos seus empregados: a) Água potável; b) Sanitários em condições higiênicas, separados para homens e mulheres; c) Armários individuais para a guarda de roupas e pertences dos trabalhadores; d) Chuveiro com água quente; |empresa assegurar empregado água potável b sanitários condição higiênico separar homem mulher c armário individual guarda roupa pertence trabalhador d chuveiro água quente|0.0|0.0|0.0|0.0|0.0|0.0|0.0|0.0|0.0|0.0|0.0|0.0|0.0|0.0|0.2285264951322407|0.0|0.0|0.258222550923482|0.0|0.0|0.0|0.0|0.0|0.0|0.0|0.0|0.0|0.0|0.0|0.0|0.0|0.0|0.0|0.0|0.0|0.0|0.2285264951322407|0.0|0.0|0.0|0.0|0.0|0.0|0.0|0.0|0.0|0.0|0.0|0.0|0.17776075244851086|0.0|0.0|0.0|0.0|0.0|0.0|0.0|0.0|0.0|0.0|0.0|0.0|0.0|0.0|0.0|0.0|0.0|0.0|0.0|0.0|0.0|0.09333909852059855|0.0|0.0|0.09333909852059855|0.0|0.0|0.0|0.0|0.0|0.0|0.0|0.0|0.0|0.0|0.0|0.0|0.0|0.0|0.0|0.0|0.0|0.0|0.0|0.0|0.0|0.0|0.0|0.0|0.0|0.0|0.0|0.0|0.0|0.0|0.0|0.0|0.0|0.0|0.0|0.0|0.0|0.2285264951322407|0.0|0.2285264951322407|0.0|0.258222550923482|0.0|0.17776075244851086|0.0|0.0|0.0|0.0|0.0|0.0|0.0|0.0|0.0|0.0|0.0|0.0|0.0|0.0|0.0|0.0|0.0|0.0|0.0|0.0|0.0|0.0|0.0|0.0|0.0|0.0|0.0|0.0|0.0|0.0|0.0|0.0|0.258222550923482|0.0|0.0|0.0|0.0|0.0|0.0|0.0|0.0|0.0|0.0|0.0|0.0|0.0|0.0|0.0|0.0|0.0|0.0|0.0|0.0|0.0|0.0|0.2285264951322407|0.0|0.0|0.0|0.0|0.0|0.0|0.0|0.19111388941203702|0.0|0.0|0.0|0.0|0.0|0.0|0.0|0.0|0.0|0.0|0.0|0.0|0.0|0.0|0.0|0.0|0.0|0.0|0.0|0.0|0.0|0.0|0.0|0.0|0.0|0.0|0.0|0.258222550923482|0.0|0.0|0.0|0.0|0.0|0.0|0.0|0.0|0.0|0.0|0.0|0.0|0.2285264951322407|0.0|0.0|0.0|0.258222550923482|0.0|0.0|0.0|0.0|0.0|0.0|0.258222550923482|0.0|0.0|0.0|0.0|0.0|0.0|0.0|0.0|0.0|0.0|0.0|0.0|0.0|0.0|0.0|0.2074568082397522|0.0|0.0|0.0|0.0|0.0|0.0|0.0|0.0|0.0|0.0|0.0|0.0|0.0|0.0|0.0|0.0|0.0|0.0|0.3555215048970217|0.0|0.0|0.0
2015_043120|carimbo|Working Environment Conditions|1. Na hipótese da empresa, pelo seu porte, não possuir SESMT ou CIPA, se louvará de terceiros especialistas para a adoção das providencias previstas nesta clausula.  2. Fica pactuado o prazo de 30 (trinta) dias, a contar da data da assinatura da presente Acordo Coletivo, para a empresa providenciar os formulários. |hipótese empresa porte possuir sesmt cipa louvar terceiro especialista adoção providencia prever clausula ficar pactuado prazo trinto dia contar data assinatura presente acordo coletivo empresa providenciar formulário|0.0|0.0|0.0|0.0|0.14041151909722396|0.0|0.0|0.0|0.20396752455707845|0.0|0.0|0.0|0.0|0.0|0.0|0.0|0.0|0.0|0.20396752455707845|0.0|0.0|0.0|0.0|0.0|0.0|0.0|0.0|0.0|0.0|0.0|0.0|0.0|0.0|0.0|0.0|0.0|0.0|0.20396752455707845|0.20396752455707845|0.0|0.0|0.0|0.20396752455707845|0.0|0.0|0.0|0.0|0.0|0.0|0.0|0.0|0.0|0.0|0.20396752455707845|0.0|0.0|0.0|0.0|0.20396752455707845|0.0|0.0|0.0|0.0|0.0|0.0|0.18051089395999614|0.0|0.0|0.0|0.0|0.0|0.0|0.0|0.0|0.1474553233367851|0.0|0.0|0.0|0.0|0.0|0.20396752455707845|0.0|0.0|0.0|0.0|0.0|0.0|0.0|0.0|0.0|0.0|0.0|0.0|0.0|0.0|0.0|0.14041151909722396|0.0|0.20396752455707845|0.0|0.0|0.0|0.0|0.0|0.0|0.0|0.0|0.0|0.0|0.0|0.0|0.0|0.0|0.0|0.0|0.20396752455707845|0.0|0.0|0.0|0.0|0.0|0.0|0.0|0.0|0.0|0.0|0.0|0.0|0.0|0.0|0.0|0.0|0.0|0.0|0.0|0.0|0.20396752455707845|0.0|0.0|0.0|0.0|0.0|0.0|0.0|0.0|0.0|0.0|0.0|0.0|0.0|0.0|0.0|0.0|0.0|0.0|0.0|0.0|0.0|0.0|0.0|0.0|0.0|0.0|0.0|0.0|0.0|0.0|0.20396752455707845|0.0|0.0|0.0|0.0|0.0|0.0|0.0|0.0|0.0|0.0|0.0|0.20396752455707845|0.0|0.20396752455707845|0.0|0.0|0.20396752455707845|0.20396752455707845|0.0|0.0|0.0|0.0|0.20396752455707845|0.0|0.0|0.0|0.0|0.0|0.0|0.0|0.0|0.0|0.0|0.0|0.20396752455707845|0.20396752455707845|0.0|0.0|0.0|0.0|0.0|0.0|0.0|0.0|0.0|0.0|0.0|0.0|0.0|0.0|0.0|0.0|0.0|0.0|0.0|0.0|0.0|0.0|0.0|0.0|0.0|0.0|0.0|0.0|0.0|0.0|0.0|0.0|0.0|0.0|0.20396752455707845|0.0|0.0|0.0|0.0|0.0|0.0|0.0|0.20396752455707845|0.0|0.0|0.0|0.0|0.0|0.0|0.0|0.0|0.0|0.0|0.0|0.18051089395999614|0.0|0.0|0.0|0.0|0.0|0.0|0.0|0.0|0.0|0.0|0.0|0.0|0.0|0.0
2012_032551|semvalorlegal|Uniforms|A(s) empresa(s) que exigir (em) o uso de uniformes fica(m) obrigada(s) a fornecê-lo, gratuitamente, aos empregados. |exigir uso uniforme gratuitamente empregado|0.0|0.0|0.0|0.0|0.0|0.0|0.0|0.0|0.0|0.0|0.0|0.0|0.0|0.0|0.0|0.0|0.0|0.0|0.0|0.0|0.0|0.0|0.0|0.0|0.0|0.0|0.0|0.0|0.0|0.0|0.0|0.0|0.0|0.0|0.0|0.0|0.0|0.0|0.0|0.0|0.0|0.0|0.0|0.0|0.0|0.0|0.0|0.0|0.0|0.0|0.0|0.0|0.0|0.0|0.0|0.0|0.0|0.0|0.0|0.0|0.0|0.0|0.0|0.0|0.0|0.0|0.0|0.0|0.0|0.0|0.0|0.32157686488912235|0.0|0.0|0.0|0.0|0.0|0.0|0.0|0.0|0.0|0.0|0.0|0.0|0.0|0.0|0.0|0.0|0.0|0.0|0.0|0.48353495730331536|0.0|0.0|0.0|0.0|0.0|0.0|0.0|0.0|0.0|0.0|0.0|0.0|0.0|0.0|0.0|0.0|0.0|0.5101204287000469|0.0|0.0|0.0|0.0|0.0|0.0|0.0|0.0|0.0|0.0|0.0|0.0|0.0|0.0|0.0|0.0|0.0|0.0|0.0|0.0|0.0|0.0|0.0|0.0|0.0|0.0|0.0|0.0|0.0|0.0|0.0|0.0|0.0|0.0|0.0|0.0|0.0|0.0|0.0|0.0|0.0|0.0|0.0|0.0|0.0|0.0|0.0|0.0|0.0|0.0|0.0|0.0|0.0|0.0|0.0|0.0|0.0|0.0|0.0|0.0|0.0|0.0|0.0|0.0|0.0|0.0|0.0|0.0|0.0|0.0|0.0|0.0|0.0|0.0|0.0|0.0|0.0|0.0|0.0|0.0|0.0|0.0|0.0|0.0|0.0|0.0|0.0|0.0|0.0|0.0|0.0|0.0|0.0|0.0|0.0|0.0|0.0|0.0|0.0|0.0|0.0|0.0|0.0|0.0|0.0|0.0|0.0|0.0|0.0|0.0|0.0|0.0|0.0|0.0|0.0|0.0|0.0|0.0|0.0|0.0|0.0|0.0|0.0|0.0|0.0|0.0|0.0|0.0|0.0|0.0|0.0|0.0|0.0|0.0|0.0|0.0|0.0|0.0|0.0|0.0|0.0|0.0|0.0|0.0|0.0|0.0|0.0|0.0|0.0|0.0|0.43753001415274323|0.0|0.0|0.45948547308064575|0.0|0.0|0.0|0.0|0.0|0.0|0.0|0.0|0.0
2015_043084|semvalorlegal|Uniforms|Sempre que for exigido pelo empregador o uso de uniformes ou equipamentos de proteção, deverão ser fornecidos sem ônus para o empregado. |exigir empregador uso uniforme equipamento proteção dever fornecer ônus empregado|0.0|0.0|0.0|0.0|0.0|0.0|0.0|0.0|0.0|0.0|0.0|0.0|0.0|0.0|0.0|0.0|0.0|0.0|0.0|0.0|0.0|0.0|0.0|0.0|0.0|0.0|0.0|0.0|0.0|0.0|0.0|0.0|0.0|0.0|0.0|0.0|0.0|0.0|0.0|0.0|0.0|0.0|0.0|0.0|0.0|0.0|0.0|0.0|0.0|0.0|0.0|0.0|0.0|0.0|0.0|0.0|0.0|0.0|0.0|0.0|0.0|0.0|0.0|0.40588055726490213|0.0|0.0|0.0|0.0|0.0|0.0|0.0|0.16577738743256717|0.3394329042272916|0.0|0.0|0.0|0.0|0.0|0.3684591797026567|0.0|0.0|0.0|0.0|0.0|0.0|0.0|0.0|0.0|0.0|0.0|0.0|0.24926905728028634|0.0|0.0|0.0|0.0|0.0|0.0|0.0|0.24926905728028634|0.0|0.0|0.0|0.0|0.0|0.0|0.0|0.0|0.0|0.0|0.0|0.0|0.0|0.0|0.0|0.0|0.0|0.0|0.0|0.0|0.0|0.0|0.0|0.0|0.0|0.0|0.0|0.0|0.0|0.0|0.0|0.0|0.0|0.0|0.0|0.0|0.0|0.0|0.0|0.0|0.0|0.0|0.0|0.0|0.0|0.0|0.0|0.0|0.0|0.0|0.0|0.0|0.0|0.0|0.0|0.0|0.0|0.0|0.0|0.0|0.0|0.0|0.0|0.0|0.0|0.0|0.0|0.0|0.0|0.0|0.0|0.0|0.0|0.0|0.0|0.0|0.0|0.0|0.0|0.0|0.0|0.0|0.0|0.0|0.0|0.0|0.0|0.0|0.0|0.0|0.0|0.0|0.0|0.0|0.0|0.0|0.0|0.0|0.0|0.0|0.3394329042272916|0.0|0.0|0.0|0.0|0.0|0.0|0.0|0.0|0.0|0.0|0.0|0.0|0.0|0.0|0.0|0.0|0.0|0.0|0.0|0.0|0.0|0.0|0.0|0.0|0.0|0.0|0.0|0.0|0.0|0.0|0.0|0.0|0.0|0.0|0.0|0.0|0.0|0.0|0.0|0.0|0.0|0.0|0.0|0.0|0.0|0.0|0.0|0.0|0.0|0.0|0.0|0.0|0.0|0.0|0.0|0.0|0.0|0.0|0.0|0.2255528633708917|0.0|0.0|0.23687121061022332|0.0|0.0|0.0|0.0|0.0|0.0|0.0|0.458623026649662|0.0
