contract_id|title|text|clean_text|abaix|abon|acert|acim|acord|adicional|administr|ajud|aliment|alín|ambit|ano|anos|anot|anteced|antecedent|antecip|anterior|anual|apen|aplic|aposentador|apresent|artig|assegur|assidu|assiduidadepontual|assistent|atend|atest|ating|através|atual|aufer|aument|ausenc|autoriz|bancár|bas|bem|benefíci|bônus|cab|cad|caix|calcul|caput|carg|carnaval|carteir|cartã|cas|casament|categor|celebr|cem|cent|centav|certidõ|cinc|cinquent|cláusul|colet|comerciári|comissã|compens|complet|comprav|compromet|comprov|comum|comunic|comérci|conced|concessã|concord|condicion|conferent|conform|cons|consider|consig|constitu|cont|continu|contr|contrat|contínu|convencion|convençã|convert|correspondent|credit|critéri|crédit|ctps|cubic|cumpr|cumul|cunh|cust|cóp|dad|dar|dat|databas|deduz|defin|deix|dem|dependent|deposit|depósit|descans|descont|desd|deslig|dest|destin|dev|devid|dez|dezembr|dia|dias|diferenc|direit|disponivel|dobr|document|dois|doming|duas|durant|efeit|elegibil|empreg|empregadojornal|empres|encarg|entreg|equipar|equivalent|escrit|espontan|espontân|estend|estorn|eventu|excepcional|exerc|extens|facult|falt|far|faz|fazêl|fech|feir|feri|fevereir|fic|fim|final|fins|fix|folg|folh|form|fornec|frequênc|funcion|funcionári|funçã|funçõ|fér|garant|garantidos|goz|gratific|grup|habitual|hav|hor|horár|horári|hábil|igual|imped|import|incid|incidenc|incident|incorpor|indeniz|independent|inform|inic|ininterrupt|inss|instrument|integr|intermunicipal|interval|intregal|irã|isent|itarar|janeir|junh|junt|jus|just|justific|lanch|leg|lei|licenc|lider|list|mai|matern|matér|mediant|medic|mei|mencion|menor|mensal|mercador|mes|mesm|met|metr|minut|mo|model|motiv|moviment|máxim|mã|médic|mês|mínim|nasciment|natur|negoc|nenhum|ness|nom|nomin|nominal|normat|novent|númer|obedec|obra|obrig|obrigatori|ocasiã|ocorr|odontológ|oitent|onde|oper|ora|outubr|pactu|pag|pagament|paradigm|paragraf|part|parágraf|pass|patronaln|perceb|permit|pertenc|períod|plr|plus|po|pod|polít|pont|pontual|port|portant|prazoparagraf|prec|prejuiz|premi|presenc|present|prest|previdenciari|prevident|previst|primeir|principi|produt|produçã|promoçã|proporcional|proporçã|providenc|prêmi|próxim|pts|publicitári|quadr|quaisqu|qualqu|quarent|quatorz|quebr|quebradecaix|quinquêni|rea|reajust|real|realiz|receb|receit|recib|recomend|refeiçã|refer|registr|relaçã|remuner|remédi|renumer|repous|respect|respeit|respons|retir|salari|salarial|salári|secret|seguint|segund|segur|seis|sempr|send|ser|serlhe|serr|servic|sessent|set|setembr|sext|sextafeir|sid|sindicat|sistemát|sobr|social|subsequent|sujeit|superior|tamb|tampouc|temp|terceir|titlul|tod|toler|tom|trabalh|transcurs|transport|trint|três|turn|términ|ultim|unidad|usar|val|valor|vantangens|vendedor|vid|vier|vigent|vigênc|vint|àquel|únic|único
2012_002993|Other Bonuses| Fica assegurada a concessão de um abono aposentadoria da seguinte forma:  Aos empregados com (5) cinco anos ou mais de serviços contínuos na mesma empresa e que dela se desligarem espontaneamente, por motivo de aposentadoria, será pago abono equivalente ao seu ultimo salário nominal.  Aos empregados com (10) dez anos ou mais de serviços contínuos na mesma empresa, na forma das alíneas anteriores, será pago um abono equivalente a dois salários nominais. |fic assegur concessã abon aposentador seguint form empreg cinc anos servic contínu mesm empres deslig espontan motiv aposentador pag abon equivalent ultim salári nominal empreg dez anos servic contínu mesm empres form alín anterior pag abon equivalent dois salári nomin|0.0|0.43503619715514125|0.0|0.0|0.0|0.0|0.0|0.0|0.0|0.1450120657183804|0.0|0.0|0.2558629429805336|0.0|0.0|0.0|0.0|0.1450120657183804|0.0|0.0|0.0|0.2900241314367608|0.0|0.0|0.1279314714902668|0.0|0.0|0.0|0.0|0.0|0.0|0.0|0.0|0.0|0.0|0.0|0.0|0.0|0.0|0.0|0.0|0.0|0.0|0.0|0.0|0.0|0.0|0.0|0.0|0.0|0.0|0.0|0.0|0.0|0.0|0.0|0.0|0.0|0.0|0.11581259702242765|0.0|0.0|0.0|0.0|0.0|0.0|0.0|0.0|0.0|0.0|0.0|0.0|0.0|0.0|0.1450120657183804|0.0|0.0|0.0|0.0|0.0|0.0|0.0|0.0|0.0|0.0|0.0|0.0|0.2900241314367608|0.0|0.0|0.0|0.0|0.0|0.0|0.0|0.0|0.0|0.0|0.0|0.0|0.0|0.0|0.0|0.0|0.0|0.0|0.0|0.0|0.0|0.0|0.0|0.0|0.0|0.0|0.0|0.0|0.1450120657183804|0.0|0.0|0.0|0.0|0.1279314714902668|0.0|0.0|0.0|0.0|0.0|0.0|0.0|0.0|0.1064124676934164|0.0|0.0|0.0|0.0|0.0|0.12026480953869999|0.0|0.12026480953869999|0.0|0.0|0.0|0.2900241314367608|0.0|0.1450120657183804|0.0|0.0|0.0|0.0|0.0|0.0|0.0|0.0|0.0|0.0|0.0|0.0|0.0|0.0|0.0|0.0|0.08661312832647487|0.0|0.0|0.0|0.0|0.0|0.0|0.2558629429805336|0.0|0.0|0.0|0.0|0.0|0.0|0.0|0.0|0.0|0.0|0.0|0.0|0.0|0.0|0.0|0.0|0.0|0.0|0.0|0.0|0.0|0.0|0.0|0.0|0.0|0.0|0.0|0.0|0.0|0.0|0.0|0.0|0.0|0.0|0.0|0.0|0.0|0.0|0.0|0.0|0.0|0.0|0.0|0.0|0.0|0.0|0.0|0.0|0.0|0.0|0.0|0.0|0.0|0.0|0.0|0.0|0.0|0.0|0.0|0.0|0.0|0.0|0.19746400558862803|0.0|0.0|0.0|0.0|0.0|0.1450120657183804|0.0|0.0|0.0|0.0|0.0|0.0|0.0|0.0|0.0|0.0|0.0|0.0|0.1450120657183804|0.1450120657183804|0.0|0.0|0.0|0.0|0.0|0.0|0.0|0.0|0.0|0.0|0.0|0.0|0.0|0.0|0.0|0.0|0.15442599799492726|0.0|0.0|0.0|0.0|0.0|0.0|0.0|0.0|0.0|0.0|0.0|0.0|0.0|0.0|0.0|0.0|0.0|0.0|0.0|0.0|0.0|0.0|0.0|0.0|0.0|0.0|0.0|0.0|0.0|0.0|0.0|0.0|0.0|0.0|0.0|0.0|0.0|0.0|0.0|0.0|0.0|0.0|0.0|0.0|0.0|0.0|0.0|0.0|0.0|0.0|0.0|0.0|0.0|0.0|0.0|0.0|0.0|0.0|0.0|0.0|0.0|0.0|0.0|0.0|0.0|0.0|0.0|0.0|0.0|0.0|0.0|0.0|0.1844765244985665|0.0|0.11581259702242765|0.0|0.0|0.0|0.0|0.0|0.0|0.0|0.0|0.1844765244985665|0.0|0.0|0.0|0.0|0.0|0.0|0.0|0.0|0.0|0.0|0.0|0.0|0.0|0.0|0.0|0.0|0.0|0.0|0.0|0.0|0.0|0.0|0.0|0.0|0.0|0.0|0.0|0.0|0.1450120657183804|0.0|0.0|0.0|0.0|0.0|0.0|0.0|0.0|0.0|0.0|0.0|0.0|0.0|0.0
2012_002993|Other Bonuses|O Empregador fornecerá ao empregado, pelo preço de custo, remédios ou medicamentos mediante apresentação de receita, estendendo esse direito a todos os dependentes legais, com desconto em folha de pagamento. |empreg fornec empreg prec cust remédi medic mediant apresent receit estend direit tod dependent leg descont folh pagament|0.0|0.0|0.0|0.0|0.0|0.0|0.0|0.0|0.0|0.0|0.0|0.0|0.0|0.0|0.0|0.0|0.0|0.0|0.0|0.0|0.0|0.0|0.2692717131586767|0.0|0.0|0.0|0.0|0.0|0.0|0.0|0.0|0.0|0.0|0.0|0.0|0.0|0.0|0.0|0.0|0.0|0.0|0.0|0.0|0.0|0.0|0.0|0.0|0.0|0.0|0.0|0.0|0.0|0.0|0.0|0.0|0.0|0.0|0.0|0.0|0.0|0.0|0.0|0.0|0.0|0.0|0.0|0.0|0.0|0.0|0.0|0.0|0.0|0.0|0.0|0.0|0.0|0.0|0.0|0.0|0.0|0.0|0.0|0.0|0.0|0.0|0.0|0.0|0.0|0.0|0.0|0.0|0.0|0.0|0.0|0.0|0.0|0.0|0.0|0.0|0.0|0.23755489810064945|0.0|0.0|0.0|0.0|0.0|0.0|0.0|0.0|0.0|0.23755489810064945|0.0|0.0|0.0|0.21505145969127323|0.0|0.0|0.0|0.0|0.0|0.0|0.0|0.0|0.0|0.0|0.0|0.21505145969127323|0.0|0.0|0.0|0.0|0.0|0.0|0.0|0.0|0.0|0.2233187365255429|0.0|0.0|0.0|0.0|0.0|0.0|0.0|0.0|0.0|0.2692717131586767|0.0|0.0|0.0|0.0|0.0|0.0|0.0|0.0|0.0|0.0|0.0|0.0|0.0|0.0|0.0|0.0|0.0|0.0|0.0|0.0|0.23755489810064945|0.0|0.21505145969127323|0.0|0.0|0.0|0.0|0.0|0.0|0.0|0.0|0.0|0.0|0.0|0.0|0.0|0.0|0.0|0.0|0.0|0.0|0.0|0.0|0.0|0.0|0.0|0.0|0.0|0.0|0.0|0.0|0.0|0.0|0.0|0.0|0.0|0.0|0.0|0.0|0.0|0.0|0.0|0.0|0.0|0.0|0.0|0.0|0.0|0.2692717131586767|0.0|0.0|0.0|0.0|0.0|0.0|0.0|0.2692717131586767|0.2692717131586767|0.0|0.0|0.0|0.0|0.0|0.0|0.0|0.0|0.0|0.0|0.0|0.0|0.0|0.0|0.0|0.0|0.0|0.0|0.0|0.0|0.0|0.0|0.0|0.0|0.0|0.0|0.0|0.0|0.0|0.0|0.0|0.0|0.0|0.0|0.0|0.0|0.0|0.0|0.0|0.0|0.0|0.0|0.0|0.0|0.19759643678820216|0.0|0.0|0.0|0.0|0.0|0.0|0.0|0.0|0.0|0.0|0.0|0.0|0.0|0.0|0.0|0.0|0.0|0.0|0.0|0.0|0.2692717131586767|0.0|0.0|0.0|0.0|0.0|0.0|0.0|0.0|0.0|0.0|0.0|0.0|0.0|0.0|0.0|0.0|0.0|0.0|0.0|0.0|0.0|0.0|0.0|0.0|0.0|0.0|0.0|0.0|0.0|0.0|0.0|0.0|0.0|0.2692717131586767|0.0|0.0|0.0|0.0|0.0|0.0|0.0|0.2692717131586767|0.0|0.0|0.0|0.0|0.0|0.0|0.0|0.0|0.0|0.0|0.0|0.0|0.0|0.0|0.0|0.0|0.0|0.0|0.0|0.0|0.0|0.0|0.0|0.0|0.0|0.0|0.0|0.0|0.0|0.0|0.0|0.0|0.0|0.0|0.0|0.0|0.0|0.0|0.15161782957521872|0.0|0.0|0.0|0.0|0.0|0.0|0.0|0.0|0.0|0.0|0.0|0.0|0.0|0.0|0.0|0.0|0.0|0.0|0.0|0.0|0.0|0.0|0.0|0.0
2017_084809|Awards|As empresas serão autorizadas a usar mão de obra de trabalhadores nos seguintes domingos de dezembro: 03, 10 e 17 e 24 de dezembro de 2017. Com carga horária autorizada de até 5 horas, em turno único, sem intervalo de descanso, apenas com intervalo para lanche. PARAGRAFO ÚNICO: Excepcionalmente para o domingo dia 24 de dezembro de 2017 as empresas deverão cumprir a seguinte carga horária: das 09h as 14h em turno único, sem intervalo de descanso, apenas com intervalo para lanche. REMUNERAÇÃO Será pago um bônus de R$120,00 (cento e vinte reais) por domingo trabalhado a cada trabalhador(a). Sendo que o bônus deve ser depositado antecipadamente em sua conta bancária no nome do trabalhador, ou a empresa deverá deixar na secretaria do sindicato onde o valor ficará disponivel para o trabalhador retirar até a sexta-feira meio dia que antecede o domingo trabalhado. O trabalhador que não vier retirar não poderá trabalhar no domingo referido ao bônus. Lista de trabalhadores e Comprovantes de Depósito: Entrega da lista de trabalhadores: a empresa fornecerá ao sindicato dos comerciários até as 12h (meio dia) da sexta-feira que antecede o domingo trabalhado a relação de todos os empregados que irão trabalhar domingo. As empresas também deverão informar ao Sindicato qual o horário que será realizado. Comprovante de pagamento de bônus: A empresa fornecerá ao sindicato dos comerciários até as 12h (meio dia) da sexta feira antecedente ao domingo trabalhado a cópia do depósito. As empresas deverão conter registro de ponto independente do número de trabalhadores. As empresas deverão fechar suas portas com 30 (trinta) minutos de antecedência ao término do horário para dar continuidade aos atendimentos iniciados de porta fechada. Operadores de Caixa: Caso o operador de caixa não consiga fechar seu caixa no tempo hábil a empresa pagará adicional de 100% (cem por cento) para as operadoras de caixa sendo permitido no máximo 30 (trinta) minutos de tolerância. As empresas deverão informar quem é caixa quando entregarem a lista de trabalhadores. FOLGA: As empresas deverão fornecer folga proporcional ao tempo trabalhado nos domingos aos seus empregados. As folgas deverão obrigatoriamente serem dadas nos meses de janeiro e fevereiro de 2018. Os empregados que trabalharem em um ou mais domingos, terão garantido o descanso na 2ª e 3ª de carnaval. Caso ocorra a falta do trabalhador o valor do bônus deverá ser estornado na próxima folha de pagamento.  |empres autoriz usar mã obra trabalh seguint doming dezembr dezembr carg horár autoriz hor turn únic interval descans apen interval lanch paragraf únic excepcional doming dia dezembr empres dev cumpr seguint carg horár turn únic interval descans apen interval lanch remuner pag bônus r cent vint rea doming trabalh cad trabalh send bônus dev deposit antecip cont bancár nom trabalh empres dev deix secret sindicat onde valor fic disponivel trabalh retir sextafeir mei dia anteced doming trabalh trabalh vier retir pod trabalh doming refer bônus list trabalh comprov depósit entreg list trabalh empres fornec sindicat comerciári mei dia sextafeir anteced doming trabalh relaçã tod empreg irã trabalh doming empres dev inform sindicat horári realiz comprov pagament bônus empres fornec sindicat comerciári mei dia sext feir antecedent doming trabalh cóp depósit empres dev cont registr pont independent númer trabalh empres dev fech port trint minut antecedent términ horári dar continu atend inic port fech oper caix cas oper caix consig fech caix temp hábil empres pag adicional cem cent oper caix send permit máxim trint minut toler empres dev inform caix entreg list trabalh folg empres dev fornec folg proporcional temp trabalh doming empreg folg dev obrigatori ser dad mes janeir fevereir empreg trabalh doming garant descans carnaval cas ocorr falt trabalh valor bônus dev estorn próxim folh pagament|0.0|0.0|0.0|0.0|0.0|0.03405084452088703|0.0|0.0|0.0|0.0|0.0|0.0|0.0|0.0|0.08527195538967146|0.08527195538967146|0.03761399672437855|0.0|0.0|0.0752279934487571|0.0|0.0|0.0|0.0|0.0|0.0|0.0|0.0|0.04263597769483573|0.0|0.0|0.0|0.0|0.0|0.0|0.0|0.08527195538967146|0.04263597769483573|0.0|0.0|0.0|0.21317988847417862|0.0|0.03128704895384343|0.18806998362189276|0.0|0.0|0.0752279934487571|0.04263597769483573|0.0|0.0|0.06810168904177406|0.0|0.0|0.0|0.04263597769483573|0.05093142269387667|0.0|0.0|0.0|0.0|0.0|0.0|0.0752279934487571|0.0|0.0|0.0|0.0|0.0|0.08527195538967146|0.0|0.0|0.0|0.0|0.0|0.0|0.0|0.0|0.0|0.0|0.0|0.04263597769483573|0.0|0.08527195538967146|0.04263597769483573|0.0|0.0|0.0|0.0|0.0|0.0|0.0|0.0|0.0|0.0|0.0|0.0|0.03761399672437855|0.0|0.0|0.0|0.04263597769483573|0.04263597769483573|0.04263597769483573|0.0|0.0|0.0|0.0|0.04263597769483573|0.0|0.0|0.04263597769483573|0.08527195538967146|0.11284199017313563|0.0|0.0|0.0|0.0|0.0|0.34050844520887036|0.0|0.0|0.1279079330845072|0.12514819581537373|0.0|0.0|0.0|0.04263597769483573|0.0|0.0|0.0|0.3761399672437855|0.0|0.0|0.0|0.0|0.053039804428312666|0.0|0.1944792829038131|0.0|0.08527195538967146|0.0|0.0|0.0|0.0|0.0|0.0|0.04263597769483573|0.0|0.04263597769483573|0.0|0.0|0.0|0.03405084452088703|0.0|0.0|0.0|0.1279079330845072|0.04263597769483573|0.0|0.04263597769483573|0.025465711346938334|0.0|0.0|0.0|0.0|0.1279079330845072|0.03761399672437855|0.0|0.1021525335626611|0.0|0.0|0.0|0.0|0.0|0.0|0.03128704895384343|0.0|0.0|0.0|0.0|0.0|0.0|0.03405084452088703|0.08527195538967146|0.08527195538967146|0.04263597769483573|0.0|0.0|0.0|0.0|0.0|0.0|0.0|0.0|0.04263597769483573|0.08527195538967146|0.04263597769483573|0.0|0.0|0.0|0.0|0.0|0.1504559868975142|0.0|0.04263597769483573|0.0|0.0|0.04263597769483573|0.0|0.0|0.0|0.0|0.0|0.08527195538967146|0.0|0.0|0.0|0.0|0.1279079330845072|0.0|0.0|0.0|0.0|0.0|0.1279079330845072|0.0|0.0|0.0|0.0|0.03128704895384343|0.0|0.0|0.0|0.08527195538967146|0.0|0.0|0.0|0.0|0.04263597769483573|0.04263597769483573|0.0|0.0|0.0|0.0|0.0|0.0|0.0|0.0|0.03761399672437855|0.0|0.0|0.0|0.0|0.04263597769483573|0.0|0.04263597769483573|0.0|0.03761399672437855|0.0|0.03761399672437855|0.0|0.0|0.04263597769483573|0.11284199017313563|0.0|0.0|0.0|0.04540383155978948|0.06257409790768687|0.0|0.03405084452088703|0.0|0.0|0.0|0.0|0.0|0.04263597769483573|0.0|0.0|0.0|0.0|0.0|0.03405084452088703|0.0|0.04263597769483573|0.0|0.08527195538967146|0.0|0.0|0.0|0.0|0.0|0.0|0.0|0.0|0.0|0.0|0.0|0.0|0.0|0.0|0.0|0.0|0.03761399672437855|0.0|0.0|0.0|0.04263597769483573|0.0|0.0|0.0|0.0|0.0|0.0|0.0|0.0|0.0|0.0|0.02711959499637953|0.0|0.0|0.03405084452088703|0.0|0.0|0.0|0.0|0.0|0.04263597769483573|0.03761399672437855|0.04263597769483573|0.03128704895384343|0.0|0.0|0.0|0.0|0.0|0.0|0.08527195538967146|0.0|0.0|0.0|0.04263597769483573|0.06810168904177406|0.0|0.0|0.0|0.0|0.06810168904177406|0.04263597769483573|0.0|0.0|0.0|0.0|0.0|0.0|0.04263597769483573|0.08527195538967146|0.0|0.1504559868975142|0.0|0.0|0.0|0.0|0.0|0.0|0.0|0.0|0.06810168904177406|0.0|0.0|0.02400688257997266|0.04263597769483573|0.0|0.40863448403810526|0.0|0.0|0.08527195538967146|0.0|0.08527195538967146|0.04263597769483573|0.0|0.0|0.04263597769483573|0.0|0.04801376515994532|0.0|0.0|0.0|0.04263597769483573|0.0|0.0|0.04263597769483573|0.0|0.1021525335626611|0.0
2012_002943|Awards|Sobre os salarios dos empregados terão uma gratificação de assiduidade/pontualidade, de 3%(Três po cento), mensalmente condicionada a freqüência intregal do mês e a pontualidade não podendo descontar as faltas justificadas em lei. PARÁGRAFO ÚNICO- A empresa que tem em seu quadro de funcionários cargo de vendedor fica justo e acertado, que em caso de renumeração através de comissão sobre Cláusula da assiduidade não terá efeito. |sobr salari empreg gratific assiduidadepontual três po cent mensal condicion frequênc intregal mês pontual pod descont falt justific lei parágraf único empres quadr funcionári carg vendedor fic just acert cas renumer através comissã sobr cláusul assidu efeit|0.0|0.0|0.1846480990379757|0.0|0.0|0.0|0.0|0.0|0.0|0.0|0.0|0.0|0.0|0.0|0.0|0.0|0.0|0.0|0.0|0.0|0.0|0.0|0.0|0.0|0.0|0.14746756263973332|0.1846480990379757|0.0|0.0|0.0|0.0|0.1846480990379757|0.0|0.0|0.0|0.0|0.0|0.0|0.0|0.0|0.0|0.0|0.0|0.0|0.0|0.0|0.0|0.1628988794883059|0.0|0.0|0.0|0.14746756263973332|0.0|0.0|0.0|0.0|0.11028702624149095|0.0|0.0|0.0|0.0|0.1628988794883059|0.0|0.0|0.1846480990379757|0.0|0.0|0.0|0.0|0.0|0.0|0.0|0.0|0.0|0.0|0.0|0.1846480990379757|0.0|0.0|0.0|0.0|0.0|0.0|0.0|0.0|0.0|0.0|0.0|0.0|0.0|0.0|0.0|0.0|0.0|0.0|0.0|0.0|0.0|0.0|0.0|0.0|0.0|0.0|0.0|0.0|0.0|0.0|0.0|0.0|0.0|0.0|0.0|0.0|0.0|0.14746756263973332|0.0|0.0|0.0|0.0|0.0|0.0|0.0|0.0|0.0|0.0|0.0|0.0|0.0|0.0|0.0|0.0|0.0|0.0|0.0|0.1628988794883059|0.0|0.07656834744224475|0.0|0.07656834744224475|0.0|0.0|0.0|0.0|0.0|0.0|0.0|0.0|0.0|0.0|0.0|0.0|0.0|0.0|0.14746756263973332|0.0|0.0|0.0|0.0|0.0|0.0|0.0|0.11028702624149095|0.0|0.0|0.0|0.0|0.0|0.0|0.0|0.0|0.1846480990379757|0.0|0.14746756263973332|0.0|0.0|0.0|0.0|0.0|0.0|0.1846480990379757|0.0|0.0|0.0|0.0|0.0|0.0|0.0|0.0|0.0|0.0|0.0|0.0|0.0|0.0|0.0|0.0|0.0|0.0|0.0|0.0|0.0|0.0|0.0|0.0|0.1846480990379757|0.0|0.0|0.0|0.0|0.0|0.0|0.0|0.1846480990379757|0.1846480990379757|0.0|0.0|0.1628988794883059|0.0|0.0|0.0|0.0|0.0|0.0|0.0|0.0|0.0|0.0|0.0|0.13549810339015692|0.0|0.0|0.0|0.0|0.0|0.0|0.0|0.0|0.0|0.0|0.0|0.0|0.0|0.13549810339015692|0.0|0.0|0.0|0.0|0.0|0.0|0.0|0.0|0.0|0.0|0.0|0.0|0.0|0.0|0.0|0.0|0.0|0.0|0.0|0.0|0.0|0.0|0.0|0.0|0.0|0.0|0.0|0.0|0.0|0.0|0.12571834309006352|0.0|0.0|0.0|0.0|0.0|0.0|0.0|0.0|0.1846480990379757|0.14746756263973332|0.0|0.0|0.1846480990379757|0.0|0.0|0.0|0.0|0.0|0.0|0.0|0.0|0.0|0.0|0.0|0.0|0.0|0.0|0.0|0.0|0.0|0.0|0.0|0.0|0.0|0.0|0.0|0.0|0.14746756263973332|0.0|0.0|0.0|0.0|0.0|0.0|0.0|0.0|0.0|0.0|0.0|0.0|0.0|0.0|0.0|0.0|0.0|0.0|0.0|0.0|0.0|0.1846480990379757|0.0|0.0|0.0|0.0|0.0|0.1846480990379757|0.0|0.0|0.0|0.0|0.0|0.0|0.0|0.0|0.0|0.0|0.0|0.0|0.0|0.0|0.0|0.0|0.0|0.0|0.0|0.0|0.0|0.27099620678031383|0.0|0.0|0.0|0.0|0.0|0.0|0.0|0.0|0.0|0.0|0.0|0.0|0.0|0.0|0.0|0.0|0.1846480990379757|0.0|0.0|0.0|0.0|0.0|0.0|0.0|0.0|0.1846480990379757|0.0|0.0|0.0|0.0|0.0|0.0|0.0|0.1846480990379757
2014_009174|Other Bonuses|Convencionam as partes que para o  feriado trabalhado, sem prejuizo das demais vantangens prevista no presente acordo, fará jus o trabalhador uma ajuda de custo no valor de R$ 42,00 (quarenta e dois reais) , para alimentação e transporte, a ser pago no dia, bem como intervalo de 02 (duas) horas para repouso e alimentação. |convencion part feri trabalh prejuiz dem vantangens previst present acord far jus trabalh ajud cust valor r quarent dois rea aliment transport pag dia bem interval duas hor repous aliment|0.0|0.0|0.0|0.0|0.1586763177628454|0.0|0.0|0.21623387858714183|0.3173526355256908|0.0|0.0|0.0|0.0|0.0|0.0|0.0|0.0|0.0|0.0|0.0|0.0|0.0|0.0|0.0|0.0|0.0|0.0|0.0|0.0|0.0|0.0|0.0|0.0|0.0|0.0|0.0|0.0|0.0|0.0|0.1907642521790131|0.0|0.0|0.0|0.0|0.0|0.0|0.0|0.0|0.0|0.0|0.0|0.0|0.0|0.0|0.0|0.0|0.0|0.0|0.0|0.0|0.0|0.0|0.0|0.0|0.0|0.0|0.0|0.0|0.0|0.0|0.0|0.0|0.0|0.0|0.0|0.0|0.0|0.0|0.0|0.0|0.0|0.0|0.0|0.0|0.0|0.0|0.0|0.0|0.21623387858714183|0.0|0.0|0.0|0.0|0.0|0.0|0.0|0.0|0.0|0.0|0.0|0.1907642521790131|0.0|0.0|0.0|0.0|0.0|0.0|0.0|0.0|0.21623387858714183|0.0|0.0|0.0|0.0|0.0|0.0|0.0|0.0|0.0|0.0|0.0|0.0|0.0|0.1586763177628454|0.0|0.0|0.0|0.0|0.0|0.0|0.1586763177628454|0.0|0.21623387858714183|0.0|0.0|0.0|0.0|0.0|0.0|0.0|0.0|0.0|0.0|0.0|0.0|0.0|0.0|0.0|0.0|0.0|0.0|0.0|0.0|0.0|0.1907642521790131|0.0|0.0|0.0|0.0|0.1907642521790131|0.0|0.0|0.0|0.0|0.0|0.0|0.0|0.0|0.0|0.0|0.0|0.0|0.0|0.0|0.0|0.0|0.0|0.0|0.0|0.0|0.0|0.0|0.0|0.17269326465594254|0.0|0.0|0.0|0.0|0.0|0.0|0.0|0.0|0.0|0.0|0.0|0.0|0.0|0.0|0.0|0.0|0.0|0.0|0.0|0.1907642521790131|0.0|0.0|0.0|0.0|0.0|0.0|0.0|0.17269326465594254|0.0|0.0|0.0|0.0|0.0|0.0|0.0|0.0|0.0|0.0|0.0|0.0|0.0|0.0|0.0|0.0|0.0|0.0|0.0|0.0|0.0|0.0|0.0|0.0|0.0|0.0|0.0|0.0|0.0|0.0|0.0|0.0|0.0|0.0|0.0|0.0|0.0|0.0|0.0|0.0|0.0|0.0|0.0|0.0|0.0|0.0|0.0|0.0|0.0|0.0|0.0|0.0|0.0|0.0|0.0|0.0|0.11513570383164615|0.0|0.0|0.0|0.12915265072474327|0.0|0.0|0.0|0.0|0.0|0.0|0.0|0.0|0.0|0.0|0.0|0.0|0.0|0.0|0.0|0.0|0.0|0.0|0.21623387858714183|0.0|0.0|0.1586763177628454|0.0|0.0|0.0|0.17269326465594254|0.0|0.0|0.0|0.0|0.0|0.0|0.0|0.0|0.0|0.0|0.0|0.0|0.0|0.0|0.0|0.21623387858714183|0.0|0.0|0.0|0.0|0.13754053568917893|0.0|0.0|0.0|0.0|0.0|0.0|0.0|0.0|0.0|0.0|0.0|0.0|0.0|0.0|0.21623387858714183|0.0|0.0|0.0|0.0|0.0|0.0|0.0|0.0|0.0|0.0|0.0|0.0|0.0|0.0|0.0|0.0|0.0|0.0|0.0|0.0|0.0|0.0|0.0|0.0|0.0|0.0|0.0|0.0|0.0|0.0|0.0|0.0|0.0|0.0|0.0|0.0|0.0|0.0|0.0|0.2302714076632923|0.0|0.1907642521790131|0.0|0.0|0.0|0.0|0.0|0.0|0.0|0.0|0.12175401183968507|0.21623387858714183|0.0|0.0|0.0|0.0|0.0|0.0|0.0|0.0|0.0
2012_003082|Awards|A empresa fornecerá a todos seus empregados refeição, o empregado pagará apenas a importância de 1,14(Um real e quatorze centavos), por refeição fornecida. |empres fornec tod empreg refeiçã empreg pag apen import real quatorz centav refeiçã fornec|0.0|0.0|0.0|0.0|0.0|0.0|0.0|0.0|0.0|0.0|0.0|0.0|0.0|0.0|0.0|0.0|0.0|0.0|0.0|0.2557070784255728|0.0|0.0|0.0|0.0|0.0|0.0|0.0|0.0|0.0|0.0|0.0|0.0|0.0|0.0|0.0|0.0|0.0|0.0|0.0|0.0|0.0|0.0|0.0|0.0|0.0|0.0|0.0|0.0|0.0|0.0|0.0|0.0|0.0|0.0|0.0|0.0|0.0|0.289847456840402|0.0|0.0|0.0|0.0|0.0|0.0|0.0|0.0|0.0|0.0|0.0|0.0|0.0|0.0|0.0|0.0|0.0|0.0|0.0|0.0|0.0|0.0|0.0|0.0|0.0|0.0|0.0|0.0|0.0|0.0|0.0|0.0|0.0|0.0|0.0|0.0|0.0|0.0|0.0|0.0|0.0|0.0|0.0|0.0|0.0|0.0|0.0|0.0|0.0|0.0|0.0|0.0|0.0|0.0|0.0|0.0|0.0|0.0|0.0|0.0|0.0|0.0|0.0|0.0|0.0|0.0|0.0|0.0|0.0|0.0|0.0|0.0|0.0|0.0|0.0|0.0|0.0|0.0|0.24038309515488246|0.0|0.12019154757744123|0.0|0.0|0.0|0.0|0.0|0.0|0.0|0.0|0.0|0.0|0.0|0.0|0.0|0.0|0.0|0.0|0.0|0.0|0.0|0.0|0.0|0.0|0.0|0.0|0.0|0.0|0.0|0.0|0.0|0.0|0.4629681888984799|0.0|0.0|0.0|0.0|0.0|0.0|0.0|0.0|0.0|0.0|0.0|0.0|0.0|0.0|0.0|0.0|0.0|0.0|0.0|0.289847456840402|0.0|0.0|0.0|0.0|0.0|0.0|0.0|0.0|0.0|0.0|0.0|0.0|0.0|0.0|0.0|0.0|0.0|0.0|0.0|0.0|0.0|0.0|0.0|0.0|0.0|0.0|0.0|0.0|0.0|0.0|0.0|0.0|0.0|0.0|0.0|0.0|0.0|0.0|0.0|0.0|0.0|0.0|0.0|0.0|0.0|0.0|0.0|0.0|0.0|0.0|0.0|0.0|0.0|0.0|0.0|0.0|0.0|0.0|0.0|0.0|0.0|0.0|0.0|0.0|0.0|0.0|0.0|0.0|0.0|0.0|0.0|0.0|0.0|0.0|0.0|0.0|0.0|0.0|0.1543319259922704|0.0|0.0|0.0|0.0|0.0|0.0|0.0|0.0|0.0|0.0|0.0|0.0|0.0|0.0|0.0|0.0|0.0|0.0|0.0|0.0|0.0|0.0|0.0|0.0|0.0|0.0|0.0|0.0|0.0|0.0|0.0|0.0|0.0|0.0|0.0|0.0|0.0|0.0|0.0|0.0|0.0|0.0|0.0|0.0|0.0|0.0|0.289847456840402|0.0|0.0|0.0|0.0|0.0|0.289847456840402|0.0|0.0|0.0|0.0|0.0|0.5114141568511456|0.0|0.0|0.0|0.0|0.0|0.0|0.0|0.0|0.0|0.0|0.0|0.0|0.0|0.0|0.0|0.0|0.0|0.0|0.0|0.0|0.0|0.0|0.0|0.0|0.0|0.0|0.0|0.0|0.0|0.0|0.0|0.0|0.0|0.0|0.0|0.0|0.0|0.0|0.0|0.0|0.0|0.0|0.0|0.16320333761958153|0.0|0.0|0.0|0.0|0.0|0.0|0.0|0.0|0.0|0.0|0.0|0.0|0.0|0.0|0.0|0.0|0.0|0.0|0.0|0.0|0.0|0.0|0.0|0.0
2013_073403|Awards|Premio de assiduidade , ora definido como um premio de a todos os fu8ncionários de sua unidade de Itararé, destinados a premiar aqueles funcionários que não faltarem ao serviço mo transcurso do mes. |premi assidu ora defin premi tod unidad itarar destin premi funcionári falt servic mo transcurs mes|0.0|0.0|0.0|0.0|0.0|0.0|0.0|0.0|0.0|0.0|0.0|0.0|0.0|0.0|0.0|0.0|0.0|0.0|0.0|0.0|0.0|0.0|0.0|0.0|0.0|0.20019870440290777|0.0|0.0|0.0|0.0|0.0|0.0|0.0|0.0|0.0|0.0|0.0|0.0|0.0|0.0|0.0|0.0|0.0|0.0|0.0|0.0|0.0|0.0|0.0|0.0|0.0|0.0|0.0|0.0|0.0|0.0|0.0|0.0|0.0|0.0|0.0|0.0|0.0|0.0|0.0|0.0|0.0|0.0|0.0|0.0|0.0|0.0|0.0|0.0|0.0|0.0|0.0|0.0|0.0|0.0|0.0|0.0|0.0|0.0|0.0|0.0|0.0|0.0|0.0|0.0|0.0|0.0|0.0|0.0|0.0|0.0|0.0|0.0|0.0|0.0|0.0|0.0|0.0|0.0|0.0|0.0|0.0|0.2506741790272352|0.0|0.0|0.0|0.0|0.0|0.0|0.0|0.0|0.0|0.0|0.2506741790272352|0.0|0.0|0.0|0.0|0.0|0.0|0.0|0.0|0.0|0.0|0.0|0.0|0.0|0.0|0.0|0.0|0.0|0.0|0.0|0.0|0.0|0.0|0.0|0.0|0.0|0.0|0.0|0.0|0.0|0.0|0.0|0.0|0.0|0.0|0.20019870440290777|0.0|0.0|0.0|0.0|0.0|0.0|0.0|0.0|0.0|0.0|0.0|0.0|0.0|0.0|0.0|0.0|0.0|0.0|0.20019870440290777|0.0|0.0|0.0|0.0|0.0|0.0|0.0|0.0|0.0|0.0|0.0|0.0|0.0|0.0|0.0|0.0|0.0|0.0|0.0|0.0|0.0|0.0|0.0|0.0|0.0|0.0|0.0|0.0|0.0|0.0|0.0|0.0|0.0|0.0|0.2506741790272352|0.0|0.0|0.0|0.0|0.0|0.0|0.0|0.0|0.0|0.0|0.0|0.0|0.0|0.0|0.0|0.0|0.0|0.0|0.0|0.0|0.0|0.0|0.18394923101856264|0.0|0.0|0.0|0.0|0.2506741790272352|0.0|0.0|0.0|0.0|0.0|0.0|0.0|0.0|0.0|0.0|0.0|0.0|0.0|0.0|0.0|0.0|0.0|0.0|0.0|0.0|0.0|0.0|0.0|0.0|0.0|0.0|0.0|0.0|0.0|0.2506741790272352|0.0|0.0|0.0|0.0|0.0|0.0|0.0|0.0|0.0|0.0|0.0|0.0|0.0|0.0|0.0|0.0|0.0|0.0|0.0|0.0|0.0|0.0|0.0|0.0|0.0|0.0|0.6005961132087233|0.0|0.0|0.0|0.0|0.0|0.0|0.0|0.0|0.0|0.0|0.0|0.0|0.0|0.0|0.0|0.0|0.0|0.0|0.0|0.0|0.0|0.0|0.0|0.0|0.0|0.0|0.0|0.0|0.0|0.0|0.0|0.0|0.0|0.0|0.0|0.0|0.0|0.0|0.0|0.0|0.0|0.0|0.0|0.0|0.0|0.0|0.0|0.0|0.0|0.0|0.0|0.0|0.0|0.0|0.0|0.0|0.0|0.0|0.0|0.15944708152176332|0.0|0.0|0.0|0.0|0.0|0.0|0.0|0.0|0.0|0.0|0.0|0.0|0.0|0.0|0.0|0.0|0.0|0.0|0.1411461846802401|0.0|0.0|0.0|0.2506741790272352|0.0|0.0|0.0|0.0|0.0|0.0|0.2506741790272352|0.0|0.0|0.0|0.0|0.0|0.0|0.0|0.0|0.0|0.0|0.0|0.0|0.0
2013_073403|Awards|No dia 20 de cada mês, no cartão vale alimentação no valor de R$ 57,00 ( cinquenta e sete ) reais aqueles funcionários que não tiverem ausencia superior a 4 h no mes, desde que estas horas estejam devidamente atestadas. Paragrafo Primeiro : o premio assiduidade pactuado pelo presente instrumento não incorporará aos salários,nem tampouco haverá incidencia de INSS ou quaisquer encargos trabalhistas. |dia cad mês cartã val aliment valor r cinquent set rea funcionári ausenc superior h mes desd hor devid atest paragraf primeir premi assidu pactu present instrument incorpor salári tampouc hav incidenc inss quaisqu encarg trabalh|0.0|0.0|0.0|0.0|0.0|0.0|0.0|0.0|0.14742777328309153|0.0|0.0|0.0|0.0|0.0|0.0|0.0|0.0|0.0|0.0|0.0|0.0|0.0|0.0|0.0|0.0|0.160451060549974|0.0|0.0|0.0|0.17724099800954266|0.0|0.0|0.0|0.0|0.0|0.17724099800954266|0.0|0.0|0.0|0.0|0.0|0.0|0.0|0.14742777328309153|0.0|0.0|0.0|0.0|0.0|0.0|0.160451060549974|0.0|0.0|0.0|0.0|0.0|0.0|0.0|0.0|0.0|0.17724099800954266|0.0|0.0|0.0|0.0|0.0|0.0|0.0|0.0|0.0|0.0|0.0|0.0|0.0|0.0|0.0|0.0|0.0|0.0|0.0|0.0|0.0|0.0|0.0|0.0|0.0|0.0|0.0|0.0|0.0|0.0|0.0|0.0|0.0|0.0|0.0|0.0|0.0|0.0|0.0|0.0|0.0|0.0|0.0|0.0|0.0|0.0|0.0|0.0|0.0|0.0|0.0|0.0|0.0|0.0|0.2009050857615328|0.0|0.0|0.0|0.0|0.2009050857615328|0.0|0.0|0.14742777328309153|0.0|0.0|0.0|0.0|0.0|0.0|0.0|0.0|0.0|0.0|0.0|0.0|0.0|0.0|0.0|0.17724099800954266|0.0|0.0|0.0|0.0|0.0|0.0|0.0|0.0|0.0|0.0|0.0|0.0|0.0|0.0|0.0|0.0|0.0|0.0|0.0|0.0|0.0|0.0|0.0|0.0|0.0|0.0|0.0|0.0|0.0|0.0|0.0|0.0|0.160451060549974|0.0|0.0|0.0|0.0|0.0|0.0|0.0|0.0|0.0|0.17724099800954266|0.160451060549974|0.0|0.0|0.0|0.0|0.0|0.0|0.0|0.2009050857615328|0.0|0.2009050857615328|0.0|0.0|0.0|0.0|0.0|0.2009050857615328|0.2009050857615328|0.0|0.0|0.0|0.0|0.0|0.0|0.0|0.0|0.0|0.0|0.0|0.0|0.0|0.0|0.0|0.0|0.0|0.0|0.0|0.0|0.0|0.0|0.0|0.0|0.0|0.0|0.0|0.0|0.0|0.14742777328309153|0.0|0.0|0.0|0.0|0.0|0.0|0.0|0.0|0.0|0.0|0.0|0.14742777328309153|0.0|0.0|0.0|0.0|0.0|0.0|0.0|0.0|0.0|0.0|0.0|0.0|0.0|0.0|0.0|0.0|0.0|0.0|0.0|0.0|0.0|0.0|0.0|0.0|0.2009050857615328|0.0|0.0|0.0|0.160451060549974|0.0|0.0|0.0|0.0|0.0|0.0|0.0|0.0|0.0|0.0|0.0|0.0|0.0|0.0|0.0|0.0|0.0|0.0|0.0|0.0|0.160451060549974|0.0|0.14742777328309153|0.0|0.0|0.0|0.0|0.160451060549974|0.0|0.0|0.0|0.0|0.0|0.0|0.0|0.0|0.0|0.0|0.0|0.0|0.2009050857615328|0.0|0.0|0.0|0.0|0.0|0.0|0.12779030417837958|0.0|0.0|0.0|0.0|0.0|0.0|0.0|0.0|0.0|0.0|0.0|0.0|0.0|0.0|0.0|0.0|0.0|0.0|0.0|0.0|0.0|0.12779030417837958|0.0|0.0|0.0|0.0|0.0|0.0|0.0|0.0|0.0|0.0|0.0|0.0|0.2009050857615328|0.0|0.0|0.0|0.0|0.0|0.0|0.0|0.0|0.0|0.0|0.2009050857615328|0.0|0.2009050857615328|0.0|0.0|0.0|0.0|0.0|0.0|0.10697374807153273|0.0|0.0|0.0|0.0|0.0|0.0|0.0|0.0|0.0|0.17724099800954266|0.11312288504599372|0.0|0.0|0.0|0.0|0.0|0.0|0.0|0.0|0.0|0.0
2013_073403|Awards|"As ausencias ( nem mesmo as 4 h compravadas) ao final do período ( junho / 13 a maio / 2014 ) receberão um  ""Plus"", que consiste em um crédito de mais  R$ 96,00 ( noventa e seis ) reais , no cartão alimentação. "|ausenc h comprav final períod junh mai receb plus cons crédit r novent seis rea cartã aliment|0.0|0.0|0.0|0.0|0.0|0.0|0.0|0.0|0.21210246206454364|0.0|0.0|0.0|0.0|0.0|0.0|0.0|0.0|0.0|0.0|0.0|0.0|0.0|0.0|0.0|0.0|0.0|0.0|0.0|0.0|0.0|0.0|0.0|0.0|0.0|0.0|0.2549943692387874|0.0|0.0|0.0|0.0|0.0|0.0|0.0|0.0|0.0|0.0|0.0|0.0|0.0|0.0|0.23083889979242997|0.0|0.0|0.0|0.0|0.0|0.0|0.0|0.0|0.0|0.0|0.0|0.0|0.0|0.0|0.0|0.0|0.2890395912680898|0.0|0.0|0.0|0.0|0.0|0.0|0.0|0.0|0.0|0.0|0.0|0.2890395912680898|0.0|0.0|0.0|0.0|0.0|0.0|0.0|0.0|0.0|0.0|0.0|0.0|0.0|0.0|0.2890395912680898|0.0|0.0|0.0|0.0|0.0|0.0|0.0|0.0|0.0|0.0|0.0|0.0|0.0|0.0|0.0|0.0|0.0|0.0|0.0|0.0|0.0|0.0|0.0|0.0|0.0|0.0|0.0|0.0|0.0|0.0|0.0|0.0|0.0|0.0|0.0|0.0|0.0|0.0|0.0|0.0|0.0|0.0|0.0|0.0|0.0|0.0|0.0|0.0|0.0|0.0|0.0|0.0|0.0|0.0|0.0|0.0|0.0|0.0|0.0|0.0|0.0|0.0|0.0|0.0|0.0|0.0|0.0|0.0|0.2549943692387874|0.0|0.0|0.0|0.0|0.0|0.0|0.0|0.0|0.0|0.0|0.0|0.0|0.0|0.0|0.0|0.0|0.0|0.0|0.0|0.0|0.0|0.0|0.0|0.0|0.0|0.0|0.0|0.0|0.0|0.0|0.0|0.0|0.0|0.0|0.0|0.0|0.0|0.0|0.0|0.0|0.0|0.0|0.0|0.0|0.0|0.2890395912680898|0.0|0.0|0.0|0.0|0.0|0.0|0.0|0.0|0.0|0.0|0.2890395912680898|0.0|0.0|0.0|0.0|0.0|0.0|0.0|0.0|0.0|0.0|0.0|0.0|0.0|0.0|0.0|0.0|0.0|0.0|0.0|0.0|0.0|0.0|0.0|0.0|0.0|0.0|0.0|0.0|0.0|0.0|0.0|0.0|0.2549943692387874|0.0|0.0|0.0|0.0|0.0|0.0|0.0|0.0|0.0|0.0|0.0|0.0|0.0|0.0|0.0|0.0|0.0|0.0|0.0|0.0|0.0|0.0|0.0|0.0|0.0|0.2890395912680898|0.0|0.2549943692387874|0.0|0.0|0.0|0.0|0.0|0.0|0.0|0.0|0.0|0.0|0.0|0.0|0.0|0.0|0.0|0.0|0.0|0.0|0.0|0.0|0.0|0.0|0.0|0.0|0.0|0.0|0.0|0.0|0.0|0.0|0.0|0.0|0.0|0.0|0.0|0.0|0.0|0.18385028506239992|0.0|0.0|0.0|0.23083889979242997|0.0|0.0|0.0|0.0|0.0|0.0|0.0|0.0|0.0|0.0|0.0|0.0|0.0|0.0|0.0|0.0|0.0|0.0|0.0|0.0|0.0|0.0|0.23083889979242997|0.0|0.0|0.0|0.0|0.0|0.0|0.0|0.0|0.0|0.0|0.0|0.0|0.0|0.0|0.0|0.0|0.0|0.0|0.0|0.0|0.0|0.0|0.0|0.0|0.0|0.0|0.0|0.0|0.0|0.0|0.0|0.0|0.0|0.0|0.0|0.0|0.0|0.0|0.0|0.0|0.0|0.0|0.0|0.0|0.0|0.0|0.0|0.0|0.0
2013_073403|Awards|não se aplicam a liderança. Paragrafo primeiro: A liderança receberá um premio Produtividade mensal, quando cumprida a meta de 16 metros cubicos de produção e 1.000 cubicos de serraria , sendo creditado no cartão alimentação o mesmo valor em igual prazo.Paragrafo segundo : O plus funcionará da mesma forma, ou seja atingirem todos os meses receberão o Plus. |aplic lider paragraf primeir lider receb premi produt mensal cumpr met metr cubic produçã cubic serr send credit cartã aliment valor igual prazoparagraf segund plus funcion mesm form ating tod mes receb plus|0.0|0.0|0.0|0.0|0.0|0.0|0.0|0.0|0.12793208686622015|0.0|0.0|0.0|0.0|0.0|0.0|0.0|0.0|0.0|0.0|0.0|0.15380284358003618|0.0|0.0|0.0|0.0|0.0|0.0|0.0|0.0|0.0|0.17433761842252285|0.0|0.0|0.0|0.0|0.0|0.0|0.0|0.0|0.0|0.0|0.0|0.0|0.0|0.0|0.0|0.0|0.0|0.0|0.0|0.13923318896393208|0.0|0.0|0.0|0.0|0.0|0.0|0.0|0.0|0.0|0.0|0.0|0.0|0.0|0.0|0.0|0.0|0.0|0.0|0.0|0.0|0.0|0.0|0.0|0.0|0.0|0.0|0.0|0.0|0.0|0.0|0.0|0.0|0.0|0.0|0.0|0.0|0.0|0.0|0.0|0.0|0.0|0.17433761842252285|0.0|0.0|0.0|0.3486752368450457|0.15380284358003618|0.0|0.0|0.0|0.0|0.0|0.0|0.0|0.0|0.0|0.0|0.0|0.0|0.0|0.0|0.0|0.0|0.0|0.0|0.0|0.0|0.0|0.0|0.0|0.0|0.0|0.0|0.0|0.0|0.0|0.0|0.0|0.0|0.0|0.0|0.0|0.0|0.0|0.0|0.0|0.0|0.0|0.0|0.0|0.0|0.0|0.0|0.0|0.0|0.0|0.0|0.0|0.0|0.0|0.0|0.0|0.0|0.0|0.0|0.0|0.0|0.0|0.0|0.0|0.0|0.0|0.0|0.0|0.0|0.0|0.0|0.15380284358003618|0.0|0.0|0.17433761842252285|0.0|0.0|0.0|0.0|0.0|0.0|0.0|0.0|0.0|0.0|0.0|0.0|0.0|0.0|0.0|0.17433761842252285|0.0|0.0|0.0|0.0|0.0|0.0|0.0|0.0|0.0|0.0|0.0|0.0|0.0|0.0|0.0|0.0|0.0|0.0|0.0|0.0|0.0|0.0|0.0|0.0|0.0|0.0|0.0|0.0|0.0|0.0|0.3486752368450457|0.0|0.0|0.0|0.0|0.0|0.0|0.0|0.0|0.0|0.12793208686622015|0.0|0.12793208686622015|0.11869841412144541|0.17433761842252285|0.17433761842252285|0.0|0.0|0.0|0.0|0.0|0.0|0.0|0.0|0.0|0.0|0.0|0.0|0.0|0.0|0.0|0.0|0.0|0.0|0.0|0.0|0.0|0.0|0.0|0.0|0.0|0.0|0.0|0.0|0.0|0.0|0.0|0.0|0.0|0.0|0.0|0.0|0.0|0.13923318896393208|0.0|0.0|0.0|0.0|0.0|0.0|0.0|0.0|0.0|0.30760568716007236|0.0|0.0|0.0|0.0|0.0|0.0|0.0|0.17433761842252285|0.0|0.0|0.13923318896393208|0.0|0.0|0.0|0.0|0.0|0.0|0.13923318896393208|0.0|0.17433761842252285|0.17433761842252285|0.0|0.0|0.0|0.0|0.0|0.0|0.0|0.0|0.0|0.0|0.0|0.0|0.0|0.0|0.0|0.0|0.0|0.0|0.0|0.0|0.27846637792786416|0.0|0.0|0.0|0.0|0.0|0.0|0.0|0.0|0.0|0.0|0.0|0.0|0.0|0.0|0.0|0.0|0.0|0.0|0.0|0.0|0.17433761842252285|0.0|0.0|0.0|0.13923318896393208|0.0|0.0|0.17433761842252285|0.0|0.0|0.0|0.0|0.0|0.0|0.0|0.0|0.0|0.0|0.0|0.0|0.0|0.0|0.0|0.0|0.0|0.0|0.0|0.09816363927895871|0.0|0.0|0.0|0.0|0.0|0.0|0.0|0.0|0.0|0.0|0.0|0.0|0.0|0.09816363927895871|0.0|0.0|0.0|0.0|0.0|0.0|0.0|0.0|0.0|0.0
2013_073403|Awards|serão aqueles fixados em Convenção Coletiva de Trabalho celebrada em ambito intermunicipal entre o sindicato dos Trabalhadores e Sindicato Patronal.Nos temos do artigo 3 ( terceiro ) da Lei 10.101/2000, os valores pagos a titlulo de PLR não integrarão a remuneração do empregado e , portanto, não constitui base de incidência de qualquer encargo trabalhista ou previdenciario, não se lhe aplicando, tambem o principio de habitualidade.|fix convençã colet trabalh celebr ambit intermunicipal sindicat trabalh sindicat patronaln artig terceir lei valor pag titlul plr integr remuner empreg portant constitu bas incident qualqu encarg trabalh previdenciari aplic tamb principi habitual|0.0|0.0|0.0|0.0|0.0|0.0|0.0|0.0|0.0|0.0|0.18479449154552918|0.0|0.0|0.0|0.0|0.0|0.0|0.0|0.0|0.0|0.1630280288029763|0.0|0.0|0.1630280288029763|0.0|0.0|0.0|0.0|0.0|0.0|0.0|0.0|0.0|0.0|0.0|0.0|0.0|0.0|0.1630280288029763|0.0|0.0|0.0|0.0|0.0|0.0|0.0|0.0|0.0|0.0|0.0|0.0|0.0|0.0|0.0|0.18479449154552918|0.0|0.0|0.0|0.0|0.0|0.0|0.0|0.18479449154552918|0.0|0.0|0.0|0.0|0.0|0.0|0.0|0.0|0.0|0.0|0.0|0.0|0.0|0.0|0.0|0.0|0.0|0.0|0.0|0.18479449154552918|0.0|0.0|0.0|0.0|0.0|0.0|0.1630280288029763|0.0|0.0|0.0|0.0|0.0|0.0|0.0|0.0|0.0|0.0|0.0|0.0|0.0|0.0|0.0|0.0|0.0|0.0|0.0|0.0|0.0|0.0|0.0|0.0|0.0|0.0|0.0|0.0|0.0|0.0|0.0|0.0|0.0|0.0|0.0|0.0|0.0|0.0|0.0|0.0|0.0|0.0|0.0|0.0|0.0|0.0|0.0766290522772238|0.0|0.0|0.1630280288029763|0.0|0.0|0.0|0.0|0.0|0.0|0.0|0.0|0.0|0.0|0.0|0.0|0.0|0.0|0.0|0.0|0.0|0.0|0.0|0.0|0.0|0.0|0.0|0.0|0.0|0.18479449154552918|0.0|0.0|0.0|0.0|0.0|0.0|0.0|0.0|0.0|0.0|0.0|0.0|0.0|0.0|0.0|0.18479449154552918|0.0|0.0|0.0|0.0|0.0|0.0|0.0|0.0|0.0|0.0|0.18479449154552918|0.0|0.0|0.0|0.0|0.0|0.0|0.0|0.0|0.18479449154552918|0.18479449154552918|0.0|0.0|0.0|0.0|0.0|0.0|0.0|0.0|0.0|0.0|0.0|0.0|0.0|0.1630280288029763|0.0|0.0|0.0|0.0|0.0|0.0|0.0|0.0|0.0|0.0|0.0|0.0|0.0|0.0|0.0|0.0|0.0|0.0|0.0|0.0|0.0|0.0|0.0|0.0|0.0|0.0|0.0|0.0|0.0|0.0|0.0|0.0|0.0|0.0|0.0|0.0|0.0|0.0|0.0|0.0|0.0|0.0|0.0|0.0|0.0|0.0|0.0|0.0|0.0|0.0|0.0|0.0983955150197767|0.0|0.0|0.0|0.0|0.0|0.0|0.18479449154552918|0.0|0.0|0.0|0.0|0.18479449154552918|0.0|0.0|0.0|0.0|0.0|0.0|0.0|0.18479449154552918|0.0|0.0|0.0|0.0|0.0|0.0|0.0|0.18479449154552918|0.0|0.0|0.0|0.18479449154552918|0.0|0.0|0.0|0.0|0.0|0.0|0.0|0.0|0.0|0.0|0.0|0.0|0.1475844777143542|0.0|0.0|0.0|0.0|0.0|0.0|0.0|0.0|0.0|0.0|0.0|0.0|0.0|0.0|0.0|0.0|0.0|0.13560552885095167|0.0|0.0|0.0|0.0|0.0|0.0|0.0|0.0|0.0|0.0|0.0|0.0|0.0|0.0|0.0|0.0|0.0|0.0|0.0|0.0|0.0|0.0|0.0|0.0|0.0|0.0|0.0|0.3260560576059526|0.0|0.0|0.0|0.0|0.0|0.0|0.18479449154552918|0.0|0.0|0.18479449154552918|0.18479449154552918|0.0|0.0|0.0|0.2951865450593301|0.0|0.0|0.0|0.0|0.0|0.0|0.0|0.0|0.0|0.0|0.10405155222924839|0.0|0.0|0.0|0.0|0.0|0.0|0.0|0.0|0.0|0.0
2017_039364|Tenure Pay|Fica assegurado um adicional a cada quinquênio de serviço na empresa, correspondente a 6% (seis por cento) calculado sobre o salário base da categoria. |fic assegur adicional cad quinquêni servic empres correspondent seis cent calcul sobr salári bas categor|0.0|0.0|0.0|0.0|0.0|0.26712420580442026|0.0|0.0|0.0|0.0|0.0|0.0|0.0|0.0|0.0|0.0|0.0|0.0|0.0|0.0|0.0|0.0|0.0|0.0|0.29507664621846336|0.0|0.0|0.0|0.0|0.0|0.0|0.0|0.0|0.0|0.0|0.0|0.0|0.0|0.29507664621846336|0.0|0.0|0.0|0.0|0.24544260858590092|0.0|0.29507664621846336|0.0|0.0|0.0|0.0|0.0|0.0|0.0|0.3344733982571802|0.0|0.0|0.19977501335166029|0.0|0.0|0.0|0.0|0.0|0.0|0.0|0.0|0.0|0.0|0.0|0.0|0.0|0.0|0.0|0.0|0.0|0.0|0.0|0.0|0.0|0.0|0.0|0.0|0.0|0.0|0.0|0.0|0.0|0.0|0.0|0.0|0.0|0.0|0.29507664621846336|0.0|0.0|0.0|0.0|0.0|0.0|0.0|0.0|0.0|0.0|0.0|0.0|0.0|0.0|0.0|0.0|0.0|0.0|0.0|0.0|0.0|0.0|0.0|0.0|0.0|0.0|0.0|0.0|0.0|0.0|0.0|0.0|0.0|0.0|0.0|0.0|0.0|0.0|0.0|0.0|0.0|0.0|0.0|0.0|0.0|0.0|0.1386966640944241|0.0|0.0|0.0|0.0|0.0|0.0|0.0|0.0|0.0|0.0|0.0|0.0|0.0|0.0|0.0|0.0|0.0|0.0|0.0|0.0|0.0|0.0|0.19977501335166029|0.0|0.0|0.0|0.0|0.0|0.0|0.0|0.0|0.0|0.0|0.0|0.0|0.0|0.0|0.0|0.0|0.0|0.0|0.0|0.0|0.0|0.0|0.0|0.0|0.0|0.0|0.0|0.0|0.0|0.0|0.0|0.0|0.0|0.0|0.0|0.0|0.0|0.0|0.0|0.0|0.0|0.0|0.0|0.0|0.0|0.0|0.0|0.0|0.0|0.0|0.0|0.0|0.0|0.0|0.0|0.0|0.0|0.0|0.0|0.0|0.0|0.0|0.0|0.0|0.0|0.0|0.0|0.0|0.0|0.0|0.0|0.0|0.0|0.0|0.0|0.0|0.0|0.0|0.0|0.0|0.0|0.0|0.0|0.0|0.0|0.0|0.0|0.0|0.0|0.0|0.0|0.0|0.0|0.0|0.0|0.0|0.0|0.0|0.0|0.0|0.0|0.0|0.0|0.0|0.0|0.0|0.0|0.0|0.0|0.0|0.0|0.0|0.0|0.0|0.0|0.0|0.0|0.0|0.0|0.0|0.0|0.0|0.0|0.0|0.0|0.0|0.0|0.0|0.0|0.0|0.0|0.0|0.0|0.0|0.0|0.0|0.0|0.0|0.0|0.0|0.0|0.0|0.0|0.0|0.0|0.0|0.0|0.0|0.0|0.0|0.0|0.0|0.0|0.0|0.0|0.0|0.29507664621846336|0.0|0.0|0.0|0.0|0.0|0.0|0.0|0.0|0.0|0.0|0.0|0.0|0.0|0.0|0.0|0.0|0.0|0.0|0.0|0.0|0.0|0.0|0.21274950378107965|0.0|0.0|0.0|0.0|0.26712420580442026|0.0|0.0|0.0|0.0|0.0|0.21274950378107965|0.0|0.0|0.0|0.0|0.0|0.0|0.0|0.0|0.24544260858590092|0.0|0.0|0.0|0.0|0.0|0.0|0.0|0.0|0.0|0.0|0.0|0.0|0.0|0.0|0.0|0.0|0.0|0.0|0.0|0.0|0.0|0.0|0.0|0.0|0.0|0.0|0.0|0.0|0.0|0.0|0.0|0.0|0.0|0.0
2013_073410|Other Bonuses| a)  Sempre que ocorrer promoção, a mesma deverá ser comunicada por escrito ao empregado e obrigatoriamente anotada na CTPS. b)    A toda promoção para função sem paradigma será garantido reajuste salarial, de acordo com a política de salários, de cada empresa, respeitando aumento mínimo de 10% (dez por cento). c)   Havendo paradigma, será garantido o menor salário da função. d)    O aumento por promoção não será compensado nem deduzido por ocasião da primeira data-base subseqüente, garantido-se à empresa o direito de compensar reajustes espontâneos e antecipações havidas entre a data-base passada e a data da promoção. |sempr ocorr promoçã mesm dev comunic escrit empreg obrigatori anot ctps b tod promoçã funçã paradigm garant reajust salarial acord polít salári cad empres respeit aument mínim dez cent c hav paradigm garant menor salári funçã d aument promoçã compens deduz ocasiã primeir databas subsequent garantidos empres direit compens reajust espontân antecip hav databas pass dat promoçã|0.0|0.0|0.0|0.0|0.08738678591983322|0.0|0.0|0.0|0.0|0.0|0.0|0.0|0.0|0.11908509047299262|0.0|0.0|0.105058367255784|0.0|0.0|0.0|0.0|0.0|0.0|0.0|0.0|0.0|0.0|0.0|0.0|0.0|0.0|0.0|0.0|0.0|0.23817018094598524|0.0|0.0|0.0|0.0|0.0|0.0|0.0|0.0|0.08738678591983322|0.0|0.0|0.0|0.0|0.0|0.0|0.0|0.0|0.0|0.0|0.0|0.0|0.07112740703203312|0.0|0.0|0.0|0.0|0.0|0.0|0.0|0.0|0.210116734511568|0.0|0.0|0.0|0.0|0.0|0.11908509047299262|0.0|0.0|0.0|0.0|0.0|0.0|0.0|0.0|0.0|0.0|0.0|0.0|0.0|0.0|0.0|0.0|0.0|0.0|0.0|0.0|0.0|0.0|0.0|0.11908509047299262|0.0|0.0|0.0|0.0|0.0|0.0|0.0|0.0|0.11908509047299262|0.23817018094598524|0.11908509047299262|0.0|0.0|0.0|0.0|0.0|0.0|0.0|0.0|0.0|0.0|0.0|0.0|0.09510624875251286|0.0|0.105058367255784|0.0|0.0|0.0|0.0|0.09510624875251286|0.0|0.0|0.0|0.0|0.0|0.0|0.0|0.0|0.0|0.04938122098214486|0.0|0.09876244196428972|0.0|0.0|0.0|0.0|0.11908509047299262|0.0|0.11908509047299262|0.0|0.0|0.0|0.0|0.0|0.0|0.0|0.0|0.0|0.0|0.0|0.0|0.0|0.0|0.0|0.0|0.0|0.0|0.0|0.0|0.0|0.0|0.0|0.0|0.0|0.0|0.0|0.23817018094598524|0.0|0.0|0.17477357183966644|0.11908509047299262|0.0|0.0|0.0|0.0|0.210116734511568|0.0|0.0|0.0|0.0|0.0|0.0|0.0|0.0|0.0|0.0|0.0|0.0|0.0|0.0|0.0|0.0|0.0|0.0|0.0|0.0|0.0|0.0|0.0|0.0|0.0|0.0|0.0|0.0|0.0|0.0|0.0|0.0|0.0|0.0|0.0|0.0|0.0|0.0|0.0|0.0|0.0|0.0|0.0|0.0|0.11908509047299262|0.0|0.0|0.0|0.08107952553530426|0.0|0.0|0.0|0.0|0.0|0.0|0.0|0.0|0.0|0.0|0.0|0.11908509047299262|0.0|0.0|0.0|0.0|0.0|0.0|0.0|0.0|0.0|0.0|0.0|0.0|0.0|0.0|0.105058367255784|0.11908509047299262|0.105058367255784|0.0|0.0|0.0|0.0|0.0|0.0|0.0|0.0|0.0|0.23817018094598524|0.0|0.0|0.0|0.11908509047299262|0.0|0.0|0.0|0.0|0.0|0.0|0.0|0.0|0.0|0.11908509047299262|0.0|0.0|0.0|0.0|0.0|0.0|0.0|0.0|0.0|0.0|0.0|0.0|0.0|0.0|0.09510624875251286|0.0|0.0|0.0|0.4763403618919705|0.0|0.0|0.0|0.0|0.0|0.0|0.0|0.0|0.0|0.0|0.0|0.0|0.0|0.0|0.0|0.0|0.23817018094598524|0.0|0.0|0.0|0.0|0.0|0.0|0.0|0.0|0.0|0.0|0.0|0.0|0.0|0.0|0.0|0.11908509047299262|0.0|0.0|0.0|0.09510624875251286|0.15149362572848665|0.0|0.0|0.0|0.0|0.0|0.105058367255784|0.0|0.0|0.0|0.0|0.0|0.0|0.0|0.0|0.0|0.0|0.0|0.0|0.0|0.0|0.0|0.11908509047299262|0.0|0.0|0.0|0.0|0.0|0.0|0.0|0.06705280231809563|0.0|0.0|0.0|0.0|0.0|0.0|0.0|0.0|0.0|0.0|0.0|0.0|0.0|0.0|0.0|0.0|0.0|0.0|0.0|0.0|0.0|0.0|0.0|0.0
2010_074884|Other Bonuses|As partes recomendam que sejam tomadas providencias para que seja concedida aos empregados com contrato de trabalho na vigência do presente acordo, assistência médica, assistência odontológica (extensiva aos dependentes considerados conforme critérios de elegibilidade atualmente vigente na empresa), vale refeição, seguro de vida em grupo e vale transporte, cabendo à empresa a sistemática e o modelo de administração dos benefícios mencionados. PARÁGRAFO ÚNICO - Nenhum dos benefícios acima mencionados tem cunho salarial para qualquer fim ou efeito.|part recomend tom providenc conced empreg contrat trabalh vigênc present acord assistent médic assistent odontológ extens dependent consider conform critéri elegibil atual vigent empres val refeiçã segur vid grup val transport cab empres sistemát model administr benefíci mencion parágraf únic nenhum benefíci acim mencion cunh salarial qualqu fim efeit|0.0|0.0|0.0|0.12843124255926555|0.10682817363437389|0.0|0.14557856303336916|0.0|0.0|0.0|0.0|0.0|0.0|0.0|0.0|0.0|0.0|0.0|0.0|0.0|0.0|0.0|0.0|0.0|0.0|0.0|0.0|0.2911571260667383|0.0|0.0|0.0|0.0|0.14557856303336916|0.0|0.0|0.0|0.0|0.0|0.0|0.0|0.2568624851185311|0.0|0.14557856303336916|0.0|0.0|0.0|0.0|0.0|0.0|0.0|0.0|0.0|0.0|0.0|0.0|0.0|0.0|0.0|0.0|0.0|0.0|0.0|0.0|0.0|0.0|0.0|0.0|0.0|0.0|0.0|0.0|0.0|0.0|0.12843124255926555|0.0|0.0|0.0|0.0|0.12843124255926555|0.0|0.14557856303336916|0.0|0.0|0.0|0.0|0.0|0.12843124255926555|0.0|0.0|0.0|0.0|0.0|0.0|0.14557856303336916|0.0|0.0|0.0|0.0|0.0|0.14557856303336916|0.0|0.0|0.0|0.0|0.0|0.0|0.0|0.0|0.0|0.0|0.12843124255926555|0.0|0.0|0.0|0.0|0.0|0.0|0.0|0.0|0.0|0.0|0.0|0.0|0.0|0.0|0.0|0.0|0.0|0.0|0.0|0.0|0.0|0.0|0.0|0.12843124255926555|0.14557856303336916|0.06036731519336815|0.0|0.1207346303867363|0.0|0.0|0.0|0.0|0.0|0.0|0.0|0.0|0.0|0.0|0.0|0.0|0.14557856303336916|0.0|0.0|0.0|0.0|0.0|0.0|0.0|0.0|0.0|0.0|0.14557856303336916|0.0|0.0|0.0|0.0|0.0|0.0|0.0|0.0|0.0|0.0|0.0|0.0|0.0|0.0|0.0|0.0|0.0|0.14557856303336916|0.0|0.0|0.0|0.0|0.0|0.0|0.0|0.0|0.0|0.0|0.0|0.0|0.0|0.0|0.0|0.0|0.0|0.0|0.0|0.0|0.0|0.0|0.0|0.0|0.0|0.0|0.0|0.0|0.0|0.0|0.0|0.0|0.0|0.0|0.0|0.0|0.0|0.0|0.0|0.0|0.0|0.0|0.0|0.0|0.0|0.2911571260667383|0.0|0.0|0.0|0.0|0.0|0.0|0.0|0.0|0.0|0.14557856303336916|0.0|0.0|0.0|0.0|0.14557856303336916|0.0|0.0|0.0|0.0|0.0|0.14557856303336916|0.0|0.0|0.0|0.0|0.0|0.0|0.0|0.0|0.0|0.0|0.0|0.0|0.0|0.14557856303336916|0.0|0.0|0.0|0.0|0.0|0.0|0.0|0.0|0.0|0.0|0.08695148709956492|0.09911770459236344|0.0|0.0|0.0|0.0|0.0|0.0|0.0|0.0|0.0|0.0|0.0|0.0|0.0|0.0|0.0|0.0|0.0|0.0|0.0|0.0|0.10682817363437389|0.0|0.0|0.0|0.0|0.0|0.0|0.0|0.0|0.0|0.0|0.0|0.14557856303336916|0.0|0.0|0.0|0.0|0.0|0.0|0.11626502506646705|0.0|0.0|0.0|0.0|0.0|0.0|0.0|0.0|0.0|0.0|0.0|0.0|0.14557856303336916|0.12843124255926555|0.0|0.0|0.0|0.0|0.0|0.0|0.0|0.0|0.0|0.0|0.0|0.0|0.11626502506646705|0.0|0.0|0.0|0.0|0.14557856303336916|0.0|0.0|0.0|0.0|0.0|0.0|0.0|0.0|0.0|0.0|0.0|0.0|0.0|0.0|0.14557856303336916|0.0|0.0|0.0|0.0|0.0|0.0|0.0|0.0|0.0|0.0|0.0|0.0|0.14557856303336916|0.07751463566747177|0.0|0.12843124255926555|0.0|0.0|0.0|0.0|0.0|0.0|0.0|0.2568624851185311|0.0|0.0|0.0|0.14557856303336916|0.0|0.14557856303336916|0.12843124255926555|0.0|0.0|0.11626502506646705|0.0
2014_038173|Other Bonuses|A empresa se compromete a remunerar em dobro o trabalho realizado nos domingos e feriados que não tenham sido compensados.|empres compromet remuner dobr trabalh realiz doming feri sid compens|0.0|0.0|0.0|0.0|0.0|0.0|0.0|0.0|0.0|0.0|0.0|0.0|0.0|0.0|0.0|0.0|0.0|0.0|0.0|0.0|0.0|0.0|0.0|0.0|0.0|0.0|0.0|0.0|0.0|0.0|0.0|0.0|0.0|0.0|0.0|0.0|0.0|0.0|0.0|0.0|0.0|0.0|0.0|0.0|0.0|0.0|0.0|0.0|0.0|0.0|0.0|0.0|0.0|0.0|0.0|0.0|0.0|0.0|0.0|0.0|0.0|0.0|0.0|0.0|0.0|0.33424148537187687|0.0|0.0|0.37886727697213496|0.0|0.0|0.0|0.0|0.0|0.0|0.0|0.0|0.0|0.0|0.0|0.0|0.0|0.0|0.0|0.0|0.0|0.0|0.0|0.0|0.0|0.0|0.0|0.0|0.0|0.0|0.0|0.0|0.0|0.0|0.0|0.0|0.0|0.0|0.0|0.0|0.0|0.0|0.0|0.0|0.0|0.0|0.0|0.0|0.0|0.0|0.0|0.0|0.0|0.0|0.0|0.0|0.0|0.0|0.0|0.0|0.0|0.0|0.0|0.37886727697213496|0.0|0.0|0.33424148537187687|0.0|0.0|0.0|0.0|0.0|0.0|0.15710555076840194|0.0|0.0|0.0|0.0|0.0|0.0|0.0|0.0|0.0|0.0|0.0|0.0|0.0|0.0|0.0|0.0|0.0|0.0|0.0|0.0|0.33424148537187687|0.0|0.0|0.0|0.0|0.0|0.0|0.0|0.0|0.0|0.0|0.0|0.0|0.0|0.0|0.0|0.0|0.0|0.0|0.0|0.0|0.0|0.0|0.0|0.0|0.0|0.0|0.0|0.0|0.0|0.0|0.0|0.0|0.0|0.0|0.0|0.0|0.0|0.0|0.0|0.0|0.0|0.0|0.0|0.0|0.0|0.0|0.0|0.0|0.0|0.0|0.0|0.0|0.0|0.0|0.0|0.0|0.0|0.0|0.0|0.0|0.0|0.0|0.0|0.0|0.0|0.0|0.0|0.0|0.0|0.0|0.0|0.0|0.0|0.0|0.0|0.0|0.0|0.0|0.0|0.0|0.0|0.0|0.0|0.0|0.0|0.0|0.0|0.0|0.0|0.0|0.0|0.0|0.0|0.0|0.0|0.0|0.0|0.0|0.0|0.0|0.0|0.0|0.0|0.0|0.0|0.0|0.0|0.0|0.0|0.0|0.0|0.0|0.0|0.0|0.0|0.0|0.0|0.0|0.0|0.0|0.0|0.0|0.0|0.0|0.0|0.0|0.0|0.0|0.0|0.0|0.0|0.0|0.0|0.0|0.0|0.0|0.0|0.0|0.0|0.0|0.0|0.0|0.0|0.0|0.0|0.0|0.0|0.0|0.0|0.0|0.0|0.0|0.0|0.0|0.0|0.0|0.0|0.0|0.0|0.0|0.0|0.0|0.3025789823459967|0.0|0.0|0.0|0.0|0.0|0.0|0.0|0.0|0.27801963699479826|0.0|0.0|0.0|0.0|0.0|0.0|0.0|0.0|0.0|0.0|0.0|0.0|0.0|0.0|0.0|0.0|0.0|0.0|0.0|0.0|0.0|0.0|0.0|0.0|0.0|0.0|0.37886727697213496|0.0|0.0|0.0|0.0|0.0|0.0|0.0|0.0|0.0|0.0|0.0|0.0|0.0|0.0|0.0|0.20173134236866005|0.0|0.0|0.0|0.0|0.0|0.0|0.0|0.0|0.0|0.0|0.0|0.0|0.0|0.0|0.0|0.0|0.0|0.0|0.0|0.0|0.0
2016_082062|Other Bonuses|INDENIZAÇÃO DE QUEBRA DE CAIXA: O empregado que exercer as funções de caixa terá direito à indenização por “quebra-de-caixa” mensal, no valor de R$ 66,00 (sessenta e seis reais), a partir de 01 de setembro de 2016.  Parágrafo 1º - A conferência dos valores do caixa será sempre realizada na presença do respectivo operador e, se houver impedimento por parte da empresa, ficará aquele isento de qualquer responsabilidade.  Parágrafo 2º - As empresas que não descontam de seus empregados as eventuais diferenças de caixa não estão sujeitas ao pagamento da indenização por “quebra-de-caixa” prevista no “caput” desta cláusula.  |indeniz quebr caix empreg exerc funçõ caix direit indeniz quebradecaix mensal valor r sessent seis rea part setembr parágraf conferent valor caix sempr realiz presenc respect oper imped part empres fic isent qualqu respons parágraf empres descont empreg eventu diferenc caix sujeit pagament indeniz quebradecaix previst caput dest cláusul|0.0|0.0|0.0|0.0|0.0|0.0|0.0|0.0|0.0|0.0|0.0|0.0|0.0|0.0|0.0|0.0|0.0|0.0|0.0|0.0|0.0|0.0|0.0|0.0|0.0|0.0|0.0|0.0|0.0|0.0|0.0|0.0|0.0|0.0|0.0|0.0|0.0|0.0|0.0|0.0|0.0|0.0|0.0|0.0|0.48602155179810275|0.0|0.12150538794952569|0.0|0.0|0.0|0.0|0.0|0.0|0.0|0.0|0.0|0.0|0.0|0.0|0.0|0.0|0.12150538794952569|0.0|0.0|0.0|0.0|0.0|0.0|0.0|0.0|0.0|0.0|0.0|0.0|0.0|0.0|0.0|0.13772801248373404|0.0|0.0|0.0|0.0|0.0|0.0|0.0|0.0|0.0|0.0|0.0|0.0|0.0|0.0|0.0|0.0|0.0|0.0|0.0|0.0|0.0|0.0|0.0|0.0|0.0|0.0|0.0|0.0|0.0|0.0|0.0|0.0|0.0|0.0|0.0|0.0|0.10999525266714973|0.0|0.0|0.12150538794952569|0.0|0.0|0.0|0.0|0.0|0.0|0.0|0.13772801248373404|0.10999525266714973|0.0|0.0|0.0|0.0|0.0|0.0|0.0|0.0|0.0|0.11422382756527057|0.0|0.11422382756527057|0.0|0.0|0.0|0.0|0.0|0.0|0.0|0.0|0.0|0.13772801248373404|0.0|0.13772801248373404|0.0|0.0|0.0|0.0|0.0|0.0|0.0|0.0|0.0|0.0|0.0822624928505654|0.0|0.0|0.0|0.0|0.0|0.0|0.0|0.0|0.0|0.0|0.0|0.0|0.13772801248373404|0.0|0.0|0.0|0.0|0.0|0.0|0.0|0.0|0.0|0.0|0.0|0.0|0.0|0.13772801248373404|0.0|0.0|0.0|0.0|0.0|0.36451616384857705|0.0|0.0|0.0|0.0|0.0|0.0|0.0|0.0|0.0|0.0|0.0|0.13772801248373404|0.0|0.0|0.0|0.0|0.0|0.0|0.0|0.0|0.0|0.0|0.0|0.0|0.0|0.0|0.0|0.0|0.0|0.0|0.0|0.0|0.0|0.10106729813342794|0.0|0.0|0.0|0.0|0.0|0.0|0.0|0.0|0.0|0.0|0.0|0.0|0.0|0.0|0.0|0.0|0.0|0.0|0.0|0.0|0.0|0.0|0.0|0.0|0.0|0.0|0.0|0.0|0.0|0.0|0.0|0.0|0.0|0.0|0.0|0.12150538794952569|0.0|0.0|0.0|0.0|0.10106729813342794|0.0|0.0|0.1645249857011308|0.18754525626588275|0.0|0.0|0.0|0.0|0.0|0.0|0.0|0.0|0.0|0.0|0.0|0.0|0.0|0.0|0.0|0.0|0.0|0.0|0.0|0.13772801248373404|0.0|0.0|0.0|0.0|0.10999525266714973|0.0|0.0|0.0|0.0|0.0|0.0|0.0|0.0|0.0|0.0|0.0|0.0|0.0|0.0|0.10999525266714973|0.0|0.0|0.13772801248373404|0.27545602496746807|0.0|0.08760507252698904|0.0|0.0|0.10999525266714973|0.0|0.0|0.0|0.0|0.0|0.0|0.0|0.0|0.0|0.0|0.0|0.0|0.12150538794952569|0.0|0.13772801248373404|0.0|0.0|0.0|0.0|0.0|0.0|0.0|0.0|0.10999525266714973|0.12150538794952569|0.0|0.0|0.0|0.0|0.0|0.13772801248373404|0.0|0.13772801248373404|0.0|0.0|0.0|0.0|0.0|0.0|0.0|0.0|0.13772801248373404|0.0|0.0|0.0|0.0|0.0|0.0|0.0|0.0|0.0|0.0|0.0|0.0|0.0|0.0|0.0|0.0|0.0|0.0|0.0|0.0|0.15510000719746603|0.0|0.0|0.0|0.0|0.0|0.0|0.0|0.0|0.0|0.0
2016_082062|Other Bonuses|DIA DO COMERCIÁRIO: Pelo Dia do Comerciário - 30 de outubro - será concedida ao empregado do comércio, que pertencer ao quadro de trabalho da empresa nesse dia, uma indenização correspondente a 1 (um) ou 2 (dois) dias da sua respectiva remuneração mensal auferida no mês de outubro/2016 e outubro/2017, a ser paga juntamente com esta, conforme proporção abaixo:  a) até 90 (noventa) dias de contrato de trabalho na empresa, o empregado não faz jus ao benefício;  b) de 91 (noventa e um) dias até 180 (cento e oitenta) dias de contrato de trabalho na empresa, o empregado fará jus a 1 (um) dia;  c) acima de 181 (cento e oitenta e um) dias de contrato de trabalho na empresa, o empregado fará jus a 2 (dois) dias.  Parágrafo 1º - Fica facultado às partes, de comum acordo, converter a indenização em descanso, obedecida a proporcionalidade acima, durante a vigência da presente Convenção.  Parágrafo 2º - A indenização prevista no “caput” deste artigo fica garantida aos Empregados em gozo de férias e às empregadas em gozo de licença maternidade. |dia comerciári dia comerciári outubr conced empreg comérci pertenc quadr trabalh empres ness dia indeniz correspondent dois dias respect remuner mensal aufer mês pag junt conform proporçã abaix novent dias contrat trabalh empres empreg faz jus benefíci b novent dias cent oitent dias contrat trabalh empres empreg far jus dia c acim cent oitent dias contrat trabalh empres empreg far jus dois dias parágraf fic facult part comum acord convert indeniz descans obedec proporcional acim durant vigênc present convençã parágraf indeniz previst caput dest artig fic garant empreg goz fér empreg goz licenc matern|0.08566033529160318|0.0|0.0|0.15114125418344973|0.06285909808034383|0.0|0.0|0.0|0.0|0.0|0.0|0.0|0.0|0.0|0.0|0.0|0.0|0.0|0.0|0.0|0.0|0.0|0.0|0.07557062709172487|0.0|0.0|0.0|0.0|0.0|0.0|0.0|0.0|0.0|0.08566033529160318|0.0|0.0|0.0|0.0|0.0|0.0|0.07557062709172487|0.0|0.0|0.0|0.0|0.0|0.07557062709172487|0.0|0.0|0.0|0.0|0.0|0.0|0.0|0.0|0.0|0.10232679020667294|0.0|0.0|0.0|0.0|0.0|0.0|0.15114125418344973|0.0|0.0|0.0|0.0|0.0|0.0|0.08566033529160318|0.0|0.08566033529160318|0.07557062709172487|0.0|0.0|0.0|0.0|0.07557062709172487|0.0|0.0|0.0|0.0|0.0|0.0|0.0|0.22671188127517458|0.0|0.0|0.07557062709172487|0.08566033529160318|0.07557062709172487|0.0|0.0|0.0|0.0|0.0|0.0|0.0|0.0|0.0|0.0|0.0|0.0|0.0|0.0|0.0|0.0|0.0|0.0|0.0|0.0|0.0|0.07557062709172487|0.0|0.0|0.0|0.07557062709172487|0.0|0.0|0.0|0.0|0.0|0.2514363923213753|0.5139620117496191|0.0|0.0|0.0|0.0|0.0|0.12571819616068766|0.0|0.0|0.08566033529160318|0.0|0.0|0.21312551871799298|0.0|0.14208367914532866|0.0|0.0|0.0|0.0|0.0|0.0|0.0|0.0|0.0|0.0|0.0|0.0|0.0|0.08566033529160318|0.0|0.15114125418344973|0.06841186519746982|0.0|0.0|0.0|0.0|0.0|0.10232679020667294|0.0|0.0|0.0|0.0|0.0|0.0|0.0|0.0|0.0|0.0|0.0|0.0|0.0|0.08566033529160318|0.06285909808034383|0.0|0.17132067058320635|0.0|0.0|0.0|0.0|0.0|0.0|0.0|0.0|0.0|0.0|0.0|0.0|0.0|0.0|0.0|0.22671188127517458|0.0|0.0|0.0|0.0|0.0|0.0|0.0|0.0|0.0|0.0|0.0|0.0|0.0|0.0|0.0|0.08566033529160318|0.20523559559240948|0.0|0.0|0.0|0.0|0.0|0.08566033529160318|0.0|0.0|0.0|0.08566033529160318|0.0|0.0|0.0|0.0|0.0|0.0|0.06285909808034383|0.0|0.0|0.0|0.0|0.0|0.0|0.0|0.0|0.0|0.0|0.0|0.0|0.0|0.06285909808034383|0.0|0.0|0.0|0.0|0.0|0.08566033529160318|0.0|0.0|0.0|0.0|0.15114125418344973|0.0|0.08566033529160318|0.0|0.0|0.0|0.0|0.0|0.0|0.17132067058320635|0.0|0.0|0.0|0.08566033529160318|0.0|0.045610627986210475|0.0|0.0|0.0|0.05116339510333647|0.11664431399518302|0.0|0.0|0.0|0.0|0.08566033529160318|0.0|0.0|0.0|0.0|0.0|0.0|0.0|0.0|0.0|0.0|0.0|0.0|0.0|0.0|0.0|0.06285909808034383|0.0|0.0|0.0|0.06841186519746982|0.0|0.0|0.0|0.0|0.0|0.07557062709172487|0.08566033529160318|0.0|0.0|0.0|0.0|0.0|0.06841186519746982|0.0|0.0|0.0|0.0|0.0|0.0|0.0|0.0|0.0|0.0|0.0|0.0|0.0|0.0|0.0|0.0|0.0|0.0|0.0|0.06285909808034383|0.0|0.0|0.0|0.07557062709172487|0.0|0.0|0.0|0.0|0.0|0.0|0.0|0.0|0.0|0.0|0.0|0.0|0.0|0.0|0.0|0.0|0.0|0.0|0.0|0.0|0.0|0.0|0.0|0.0|0.0|0.0|0.0|0.0|0.0|0.0|0.0|0.0|0.0|0.0|0.0|0.0|0.0|0.0|0.1824425119448419|0.0|0.0|0.0|0.0|0.0|0.0|0.0|0.0|0.0|0.0|0.0|0.0|0.0|0.0|0.0|0.0|0.07557062709172487|0.0|0.0|0.0|0.0
2016_082062|Disciplinary Norms|DOCUMENTOS – RECEBIMENTO PELA EMPRESA: A Carteira de Trabalho e Previdência Social, bem como certidões de nascimento, de casamento e atestados serão recebidos pela empresa, contra recibo, em nome do empregado. |document receb empres carteir trabalh prevident social bem certidõ nasciment casament atest receb empres contr recib nom empreg|0.0|0.0|0.0|0.0|0.0|0.0|0.0|0.0|0.0|0.0|0.0|0.0|0.0|0.0|0.0|0.0|0.0|0.0|0.0|0.0|0.0|0.0|0.0|0.0|0.0|0.0|0.0|0.0|0.0|0.22925997421278357|0.0|0.0|0.0|0.0|0.0|0.0|0.0|0.0|0.0|0.22925997421278357|0.0|0.0|0.0|0.0|0.0|0.0|0.0|0.0|0.0|0.25986930393173613|0.0|0.0|0.25986930393173613|0.0|0.0|0.0|0.0|0.0|0.25986930393173613|0.0|0.0|0.0|0.0|0.0|0.0|0.0|0.0|0.0|0.0|0.0|0.0|0.0|0.0|0.0|0.0|0.0|0.0|0.0|0.0|0.0|0.0|0.0|0.0|0.0|0.0|0.25986930393173613|0.0|0.0|0.0|0.0|0.0|0.0|0.0|0.0|0.0|0.0|0.0|0.0|0.0|0.0|0.0|0.0|0.0|0.0|0.0|0.0|0.0|0.0|0.0|0.0|0.0|0.0|0.0|0.0|0.0|0.0|0.0|0.0|0.0|0.0|0.0|0.0|0.0|0.0|0.0|0.0|0.0|0.0|0.0|0.25986930393173613|0.0|0.0|0.0|0.0|0.0|0.0|0.10776045492310858|0.0|0.21552090984621716|0.0|0.0|0.0|0.0|0.0|0.0|0.0|0.0|0.0|0.0|0.0|0.0|0.0|0.0|0.0|0.0|0.0|0.0|0.0|0.0|0.0|0.0|0.0|0.0|0.0|0.0|0.0|0.0|0.0|0.0|0.0|0.0|0.0|0.0|0.0|0.0|0.0|0.0|0.0|0.0|0.0|0.0|0.0|0.0|0.0|0.0|0.0|0.0|0.0|0.0|0.0|0.0|0.0|0.0|0.0|0.0|0.0|0.0|0.0|0.0|0.0|0.0|0.0|0.0|0.0|0.0|0.0|0.0|0.0|0.0|0.0|0.0|0.0|0.0|0.0|0.0|0.0|0.0|0.0|0.0|0.0|0.0|0.0|0.0|0.0|0.0|0.0|0.0|0.0|0.0|0.0|0.0|0.0|0.0|0.0|0.0|0.0|0.0|0.0|0.0|0.0|0.0|0.0|0.0|0.0|0.25986930393173613|0.0|0.0|0.0|0.0|0.22925997421278357|0.0|0.0|0.0|0.0|0.0|0.0|0.0|0.0|0.0|0.0|0.0|0.0|0.0|0.0|0.0|0.0|0.0|0.0|0.0|0.0|0.0|0.0|0.0|0.0|0.0|0.0|0.0|0.0|0.0|0.0|0.0|0.0|0.0|0.0|0.0|0.0|0.0|0.0|0.0|0.0|0.0|0.0|0.0|0.0|0.0|0.0|0.0|0.25986930393173613|0.0|0.0|0.0|0.0|0.0|0.0|0.0|0.0|0.0|0.0|0.0|0.0|0.0|0.0|0.0|0.0|0.0|0.0|0.0|0.0|0.0|0.0|0.0|0.0|0.0|0.41508461831297416|0.0|0.25986930393173613|0.0|0.0|0.0|0.0|0.0|0.0|0.0|0.0|0.0|0.0|0.0|0.0|0.0|0.0|0.0|0.0|0.0|0.0|0.0|0.0|0.0|0.0|0.0|0.0|0.0|0.0|0.0|0.0|0.0|0.0|0.0|0.0|0.0|0.0|0.0|0.0|0.22925997421278357|0.0|0.0|0.0|0.0|0.0|0.0|0.0|0.0|0.0|0.0|0.0|0.13836978464206112|0.0|0.0|0.0|0.0|0.0|0.0|0.0|0.0|0.0|0.0|0.0|0.0|0.0|0.0|0.0|0.0|0.0|0.0|0.0|0.0|0.0
2010_075192|Production or Task Salary|O empregado-jornalista não poderá ser obrigado a fazer matéria paga com fins publicitários. Caso concorde em fazê-la, ser-lhe-á garantido um pagamento pela empresa empregadora, de valor a ser negociado entre as partes. |empregadojornal pod obrig faz matér pag fins publicitári cas concord fazêl serlhe garant pagament empres empreg valor negoc part|0.0|0.0|0.0|0.0|0.0|0.0|0.0|0.0|0.0|0.0|0.0|0.0|0.0|0.0|0.0|0.0|0.0|0.0|0.0|0.0|0.0|0.0|0.0|0.0|0.0|0.0|0.0|0.0|0.0|0.0|0.0|0.0|0.0|0.0|0.0|0.0|0.0|0.0|0.0|0.0|0.0|0.0|0.0|0.0|0.0|0.0|0.0|0.0|0.0|0.0|0.0|0.22280728808157438|0.0|0.0|0.0|0.0|0.0|0.0|0.0|0.0|0.0|0.0|0.0|0.0|0.0|0.0|0.0|0.0|0.0|0.0|0.0|0.0|0.0|0.0|0.0|0.278982994359089|0.0|0.0|0.0|0.0|0.0|0.0|0.0|0.0|0.0|0.0|0.0|0.0|0.0|0.0|0.0|0.0|0.0|0.0|0.0|0.0|0.0|0.0|0.0|0.0|0.0|0.0|0.0|0.0|0.0|0.0|0.0|0.0|0.0|0.0|0.0|0.0|0.0|0.0|0.0|0.0|0.0|0.0|0.0|0.0|0.0|0.0|0.0|0.0|0.0|0.0|0.0|0.0|0.0|0.0|0.0|0.0|0.0|0.0|0.0|0.0|0.11568636207931533|0.278982994359089|0.11568636207931533|0.0|0.0|0.0|0.0|0.0|0.0|0.0|0.0|0.0|0.0|0.0|0.0|0.0|0.0|0.0|0.0|0.22280728808157438|0.278982994359089|0.0|0.0|0.0|0.0|0.0|0.0|0.0|0.24612231273521692|0.0|0.0|0.0|0.0|0.0|0.0|0.0|0.0|0.0|0.0|0.0|0.20472274998070206|0.0|0.0|0.0|0.0|0.0|0.0|0.0|0.0|0.0|0.0|0.0|0.0|0.0|0.0|0.0|0.0|0.0|0.0|0.0|0.0|0.0|0.0|0.0|0.0|0.0|0.0|0.0|0.0|0.0|0.0|0.0|0.0|0.0|0.0|0.0|0.0|0.0|0.0|0.0|0.0|0.0|0.0|0.0|0.0|0.0|0.278982994359089|0.0|0.0|0.0|0.0|0.0|0.0|0.0|0.0|0.0|0.0|0.0|0.0|0.0|0.0|0.0|0.0|0.0|0.0|0.0|0.0|0.0|0.0|0.0|0.278982994359089|0.0|0.0|0.0|0.0|0.0|0.0|0.0|0.0|0.0|0.0|0.24612231273521692|0.0|0.0|0.0|0.0|0.0|0.0|0.0|0.0|0.0|0.0|0.14854704370318741|0.20472274998070206|0.0|0.0|0.16663158180405974|0.0|0.0|0.0|0.0|0.0|0.0|0.0|0.0|0.0|0.0|0.22280728808157438|0.0|0.0|0.0|0.0|0.0|0.0|0.0|0.0|0.0|0.0|0.0|0.0|0.0|0.0|0.0|0.0|0.0|0.0|0.0|0.0|0.0|0.0|0.0|0.0|0.0|0.0|0.278982994359089|0.0|0.0|0.0|0.0|0.0|0.0|0.0|0.0|0.0|0.0|0.0|0.0|0.0|0.0|0.0|0.0|0.0|0.0|0.0|0.0|0.0|0.0|0.0|0.0|0.0|0.0|0.0|0.0|0.0|0.0|0.0|0.0|0.0|0.0|0.0|0.0|0.0|0.0|0.0|0.278982994359089|0.0|0.0|0.0|0.0|0.0|0.0|0.0|0.0|0.0|0.0|0.0|0.0|0.0|0.0|0.0|0.0|0.0|0.0|0.0|0.0|0.0|0.0|0.0|0.0|0.0|0.0|0.0|0.0|0.0|0.0|0.0|0.0|0.0|0.0|0.15708592483383016|0.0|0.0|0.0|0.0|0.0|0.0|0.0|0.0|0.0|0.0
2015_043120|Tenure Pay|A empresa fica obrigada a pagar o valor de R$ 50,00 (cinqüenta reais), anual a partir de 01/01/2014, como prêmio por tempo de serviço a todos os trabalhadores Movimentador de Mercadorias, que estiver registrado no quadro social da empresa a mais de 1 (um) ano;  |empres fic obrig pag valor r cinquent rea anual part prêmi temp servic tod trabalh moviment mercador registr quadr social empres ano|0.0|0.0|0.0|0.0|0.0|0.0|0.0|0.0|0.0|0.0|0.0|0.2819560146628968|0.0|0.0|0.0|0.0|0.0|0.0|0.2819560146628968|0.0|0.0|0.0|0.0|0.0|0.0|0.0|0.0|0.0|0.0|0.0|0.0|0.0|0.0|0.0|0.0|0.0|0.0|0.0|0.0|0.0|0.0|0.0|0.0|0.0|0.0|0.0|0.0|0.0|0.0|0.0|0.0|0.0|0.0|0.0|0.0|0.0|0.0|0.0|0.0|0.0|0.24874514870650233|0.0|0.0|0.0|0.0|0.0|0.0|0.0|0.0|0.0|0.0|0.0|0.0|0.0|0.0|0.0|0.0|0.0|0.0|0.0|0.0|0.0|0.0|0.0|0.0|0.0|0.0|0.0|0.0|0.0|0.0|0.0|0.0|0.0|0.0|0.0|0.0|0.0|0.0|0.0|0.0|0.0|0.0|0.0|0.0|0.0|0.0|0.0|0.0|0.0|0.0|0.0|0.0|0.0|0.0|0.0|0.0|0.0|0.0|0.0|0.0|0.0|0.0|0.0|0.0|0.0|0.0|0.0|0.0|0.0|0.0|0.0|0.0|0.0|0.0|0.0|0.0|0.0|0.23383837912893163|0.0|0.0|0.0|0.0|0.0|0.0|0.0|0.0|0.0|0.0|0.0|0.0|0.0|0.0|0.0|0.0|0.0|0.0|0.0|0.0|0.0|0.0|0.16840731396686476|0.0|0.0|0.0|0.0|0.0|0.0|0.0|0.0|0.0|0.0|0.0|0.0|0.0|0.0|0.0|0.0|0.0|0.0|0.0|0.0|0.0|0.0|0.0|0.0|0.0|0.0|0.0|0.0|0.0|0.0|0.0|0.0|0.0|0.0|0.0|0.0|0.0|0.0|0.0|0.0|0.0|0.0|0.0|0.0|0.0|0.0|0.0|0.0|0.0|0.0|0.0|0.0|0.0|0.0|0.0|0.0|0.0|0.0|0.0|0.0|0.0|0.0|0.0|0.0|0.0|0.0|0.0|0.2819560146628968|0.0|0.0|0.0|0.0|0.0|0.0|0.0|0.0|0.2819560146628968|0.0|0.0|0.0|0.0|0.0|0.0|0.0|0.0|0.0|0.0|0.0|0.0|0.0|0.0|0.0|0.0|0.0|0.0|0.24874514870650233|0.0|0.0|0.0|0.0|0.0|0.0|0.0|0.0|0.0|0.0|0.15013005552086028|0.0|0.0|0.0|0.16840731396686476|0.0|0.0|0.0|0.0|0.0|0.0|0.0|0.0|0.0|0.0|0.0|0.0|0.0|0.0|0.0|0.0|0.0|0.0|0.0|0.0|0.0|0.0|0.0|0.0|0.0|0.0|0.0|0.0|0.0|0.0|0.0|0.0|0.0|0.0|0.24874514870650233|0.0|0.0|0.0|0.2251816643148808|0.0|0.0|0.0|0.0|0.0|0.0|0.0|0.1793446131147872|0.0|0.0|0.0|0.0|0.0|0.0|0.0|0.0|0.0|0.24874514870650233|0.0|0.0|0.0|0.0|0.0|0.0|0.0|0.0|0.0|0.0|0.0|0.0|0.0|0.0|0.0|0.0|0.0|0.0|0.0|0.0|0.0|0.0|0.1793446131147872|0.0|0.0|0.0|0.0|0.0|0.0|0.0|0.0|0.0|0.24874514870650233|0.0|0.0|0.0|0.0|0.0|0.2251816643148808|0.0|0.0|0.1587599324020918|0.0|0.0|0.15013005552086028|0.0|0.0|0.0|0.0|0.0|0.0|0.0|0.0|0.0|0.0|0.1587599324020918|0.0|0.0|0.0|0.0|0.0|0.0|0.0|0.0|0.0|0.0
2012_032551|Awards|O PTS (Prêmio Por Tempo de Serviço), a que faz jus todo empregado com 02 (dois) anos ou mais anos de serviços prestados à mesma empresa, será de 5% (cinco por cento) calculado sobre o salário normativo dos mesmos.  PARÁGRAFO ÚNICO  O PTS (Prêmio Por Tempo de Serviço), não tem natureza salarial, para fins de equiparação, sendo devido a partir do mês seguinte àquele em que o empregado completar 02 (dois) anos de serviços na mesma empresa, não sendo devido cumulativamente. |pts prêmi temp servic faz jus tod empreg dois anos anos servic prest mesm empres cinc cent calcul sobr salári normat mesm parágraf únic pts prêmi temp servic natur salarial fins equipar send dev part mês seguint àquel empreg complet dois anos servic mesm empres send dev cumul|0.0|0.0|0.0|0.0|0.0|0.0|0.0|0.0|0.0|0.0|0.0|0.0|0.37110328910972007|0.0|0.0|0.0|0.0|0.0|0.0|0.0|0.0|0.0|0.0|0.0|0.0|0.0|0.0|0.0|0.0|0.0|0.0|0.0|0.0|0.0|0.0|0.0|0.0|0.0|0.0|0.0|0.0|0.0|0.0|0.0|0.0|0.1237010963699067|0.0|0.0|0.0|0.0|0.0|0.0|0.0|0.0|0.0|0.0|0.0837490479020052|0.0|0.0|0.11198296289596299|0.0|0.0|0.0|0.0|0.0|0.0|0.1237010963699067|0.0|0.0|0.0|0.0|0.0|0.0|0.0|0.0|0.0|0.0|0.0|0.0|0.0|0.0|0.0|0.0|0.0|0.0|0.0|0.0|0.0|0.0|0.0|0.0|0.0|0.0|0.0|0.0|0.0|0.0|0.0|0.1402168778899208|0.0|0.0|0.0|0.0|0.0|0.0|0.0|0.0|0.0|0.0|0.0|0.0|0.0|0.0|0.0|0.0|0.0|0.0|0.0|0.0|0.22396592579192598|0.0|0.0|0.0|0.0|0.0|0.0|0.0|0.0|0.0|0.0|0.20578734486149286|0.0|0.0|0.0|0.0|0.0|0.11628795183354909|0.0|0.11628795183354909|0.0|0.0|0.1402168778899208|0.0|0.0|0.0|0.0|0.0|0.0|0.0|0.0|0.0|0.0|0.0|0.0|0.0|0.11198296289596299|0.0|0.0|0.0|0.0|0.0|0.0|0.0|0.0|0.1237010963699067|0.0|0.0|0.0|0.0|0.0|0.0|0.0|0.0|0.0|0.0|0.0|0.0|0.0|0.0|0.0|0.0|0.0|0.0|0.0|0.0|0.0|0.0|0.0|0.0|0.0|0.0|0.0|0.0|0.0|0.0|0.0|0.0|0.0|0.0|0.0|0.0|0.0|0.0|0.0|0.0|0.0|0.0|0.0|0.0|0.0|0.0|0.11198296289596299|0.0|0.0|0.0|0.0|0.0|0.0|0.0|0.0|0.0|0.0|0.0|0.0|0.0|0.0|0.0|0.0|0.0|0.0|0.0|0.2864015441278467|0.0|0.0|0.0|0.0|0.0|0.0|0.0|0.0|0.0|0.0|0.10289367243074643|0.0|0.0|0.1402168778899208|0.0|0.0|0.0|0.0|0.0|0.0|0.1402168778899208|0.0|0.0|0.0|0.0|0.0|0.0|0.0|0.0|0.0|0.0|0.0|0.0|0.0|0.0|0.0|0.0|0.0|0.0|0.0|0.0837490479020052|0.09546718137594891|0.0|0.0|0.0|0.0|0.0|0.0|0.0|0.0|0.0|0.0|0.0|0.0|0.0|0.0|0.0|0.0|0.0|0.0|0.0|0.0|0.0|0.1237010963699067|0.0|0.0|0.0|0.0|0.0|0.0|0.0|0.0|0.0|0.0|0.0|0.2474021927398134|0.0|0.2804337557798416|0.0|0.0|0.0|0.0|0.0|0.0|0.0|0.0|0.0|0.0|0.0|0.0|0.0|0.0|0.0|0.0|0.0|0.0|0.0|0.0|0.0|0.0|0.0|0.0|0.0|0.0|0.0|0.0|0.0|0.0|0.11198296289596299|0.08918817265663519|0.0|0.11198296289596299|0.0|0.0|0.0|0.0|0.22396592579192598|0.0|0.0|0.0|0.35675269062654075|0.0|0.0|0.0|0.0|0.0|0.0|0.0|0.0|0.10289367243074643|0.0|0.0|0.0|0.0|0.0|0.0|0.22396592579192598|0.0|0.0|0.0789513998559348|0.0|0.0|0.0|0.0|0.0|0.0|0.0|0.0|0.0|0.0|0.0|0.0|0.0|0.0|0.0|0.0|0.0|0.0|0.0|0.0|0.0|0.1402168778899208|0.11198296289596299|0.0
2015_043084|Tenure Pay|Os empregadores pagarão um adicional de 5% (cinco por cento) por qüinqüênio completo de serviços prestados, ininterruptamente, à mesma empregadora, que incidirá sobre o salário final que perceber o empregado. |empreg pag adicional cinc cent quinquêni complet servic prest ininterrupt mesm empreg incid sobr salári final perceb empreg|0.0|0.0|0.0|0.0|0.0|0.23666258250393232|0.0|0.0|0.0|0.0|0.0|0.0|0.0|0.0|0.0|0.0|0.0|0.0|0.0|0.0|0.0|0.0|0.0|0.0|0.0|0.0|0.0|0.0|0.0|0.0|0.0|0.0|0.0|0.0|0.0|0.0|0.0|0.0|0.0|0.0|0.0|0.0|0.0|0.0|0.0|0.0|0.0|0.0|0.0|0.0|0.0|0.0|0.0|0.0|0.0|0.0|0.17699358407892785|0.0|0.0|0.23666258250393232|0.0|0.0|0.0|0.0|0.0|0.0|0.2614274543947195|0.0|0.0|0.0|0.0|0.0|0.0|0.0|0.0|0.0|0.0|0.0|0.0|0.0|0.0|0.0|0.0|0.0|0.0|0.0|0.0|0.0|0.0|0.0|0.0|0.0|0.0|0.0|0.0|0.0|0.0|0.0|0.0|0.0|0.0|0.0|0.0|0.0|0.0|0.0|0.0|0.0|0.0|0.0|0.0|0.0|0.0|0.0|0.0|0.0|0.0|0.0|0.0|0.0|0.0|0.0|0.0|0.0|0.0|0.0|0.0|0.0|0.0|0.0|0.0|0.0|0.0|0.0|0.0|0.0|0.36864099167373554|0.0|0.0|0.0|0.0|0.0|0.0|0.0|0.0|0.0|0.0|0.0|0.0|0.0|0.0|0.0|0.0|0.0|0.0|0.0|0.0|0.0|0.0|0.0|0.0|0.0|0.0|0.2614274543947195|0.0|0.0|0.0|0.0|0.0|0.0|0.0|0.0|0.0|0.0|0.0|0.0|0.0|0.0|0.0|0.0|0.0|0.0|0.0|0.0|0.0|0.0|0.0|0.0|0.0|0.0|0.29633158092893674|0.0|0.0|0.0|0.0|0.0|0.0|0.0|0.29633158092893674|0.0|0.0|0.0|0.0|0.0|0.0|0.0|0.0|0.0|0.0|0.0|0.0|0.0|0.0|0.0|0.0|0.0|0.0|0.0|0.0|0.0|0.0|0.0|0.0|0.0|0.0|0.0|0.0|0.0|0.0|0.0|0.0|0.201758455969715|0.0|0.0|0.0|0.0|0.0|0.0|0.0|0.0|0.0|0.0|0.0|0.0|0.0|0.0|0.0|0.0|0.0|0.0|0.0|0.0|0.0|0.0|0.0|0.0|0.0|0.0|0.0|0.0|0.0|0.0|0.0|0.0|0.0|0.0|0.0|0.0|0.15778445709212915|0.0|0.0|0.0|0.0|0.0|0.0|0.0|0.29633158092893674|0.0|0.0|0.0|0.0|0.0|0.0|0.0|0.0|0.0|0.0|0.0|0.0|0.0|0.0|0.0|0.0|0.0|0.0|0.2614274543947195|0.0|0.0|0.0|0.0|0.0|0.0|0.0|0.0|0.0|0.0|0.0|0.0|0.0|0.0|0.0|0.0|0.0|0.0|0.0|0.0|0.0|0.0|0.2614274543947195|0.0|0.0|0.0|0.0|0.0|0.0|0.0|0.0|0.0|0.0|0.0|0.0|0.0|0.0|0.0|0.0|0.0|0.0|0.0|0.0|0.0|0.0|0.18848852293125753|0.0|0.0|0.0|0.0|0.0|0.0|0.0|0.0|0.0|0.0|0.18848852293125753|0.0|0.0|0.0|0.0|0.0|0.0|0.0|0.0|0.2174534555171336|0.0|0.0|0.0|0.0|0.0|0.0|0.0|0.0|0.0|0.0|0.0|0.0|0.0|0.0|0.0|0.0|0.0|0.0|0.0|0.0|0.0|0.0|0.0|0.0|0.0|0.0|0.0|0.0|0.0|0.0|0.0|0.0|0.0|0.0
