contract_id|title|text
2016_082054|Other Assistances|COMPLEMENTAÇÃO DO AUXÍLIO PREVIDENCIÁRIO  A) Ao empregado em gozo de benefício do auxílio previdenciário ou acidentário fica garantida, entre o 16º (décimo sexto) e o 120º (centésimo vigésimo) dia de afastamento, uma complementação de salário em valor equivalente a diferença entre o efetivamente percebido da Previdência Social e o salário nominal, respeitado sempre, para efeito da complementação o limite máximo de 7 (sete) vezes o menor Salário Normativo, vigente na época do evento;  B) Quando o empregado não tiver direito ao auxílio previdenciário ou acidentário, por não ter ainda completado o período de carência exigido pela Previdência Social, a empresa pagará seu salário nominal entre o 16º (décimo sexto) e o 120º (centésimo vigésimo) dia de afastamento, respeitado também o limite máximo de 7 (sete) vezes o menor Salário Normativo, vigente na época do evento;  C) Não sendo conhecido o valor básico do benefício previdenciário ou acidentário, no caso da letra "A", a complementação deverá ser paga em valores estimados. Se ocorrerem diferenças, a maior ou a menor, deverão ser compensadas no pagamento imediatamente posterior;  D) O pagamento previsto nesta cláusula deverá ocorrer junto com o pagamento mensal dos demais empregados.   26 - ABONO POR APOSENTADORIA  Aos empregados com 5 (cinco) anos ou mais de serviços contínuos dedicados à empresa, quando dela vier a desligar-se definitivamente por motivo de aposentadoria, será pago um abono equivalente ao seu último salário nominal, acrescido de 5% (cinco por cento) desse mesmo salário para cada ano de serviço que ultrapassar 5 (cinco);  Se o empregado permanecer trabalhando na empresa após aposentadoria, será garantido este abono, apenas por ocasião do desligamento definitivo.  Para os empregados com menos de 5 (cinco) anos de serviço na empresa, será pago um abono correspondente a 5% (cinco por cento) para cada ano de serviço, até o limite de 20% (vinte por cento) do seu salário nominal.  Caso a empresa mantenha, às suas expensas, plano de complementação de aposentadoria ou pecúlio aos seus empregados, salvo contribuições voluntárias do empregado, cujo benefício seja igual ou superior aos valores mencionados, desobriga-se ao cumprimento desta cláusula;  O disposto nesta cláusula não se acumulará com os dispositivos que vierem a regulamentar o inciso XX - art. 7º - da Constituição Federal. Serão aplicados exclusivamente os dispositivos mais favoráveis ao empregado. 
2016_082054|Other Assistances|TRANSPORTE E ALIMENTAÇÃO - REAJUSTES  Na hipótese de a empresa oferecer aos seus empregados serviço de alimentação e de transporte coletivo, preservadas as condições mais vantajosas já existentes, somente poderá reajustar os preços cobrados na época dos reajustes ou aumentos gerais de salário, espontâneos ou não, em percentual não superior ao limite máximo do aumento.  Quando os aumentos salariais gerais ou espontâneos forem compensáveis, os reajustes dos preços de refeições e transportes também o serão na mesma proporção.  Os serviços de transporte fornecidos pela empresa, deverão obedecer condições de segurança, higiene e conforto, assim como deverão obedecer a legislação vigente a respeito.  Pretendendo a empresa introduzir melhorias nos seus serviços de alimentação e de transporte, poderá reajustar os preços até então praticados, independente de vinculação e aumentos gerais de salários desde que mediante entendimento específico com o sindicato signatário deste instrumento. 
2016_082054|Other Specific Groups|DIVERSIDADE NAS CONTRATAÇÕES  A empresa se compromete em despender todos os esforços para que, nas novas contratações, respeitada a capacitação individual, sejam observados os princípios da igualdade de oportunidade para os jovens entre 18(dezoito) e 24 (vinte e quatro) anos e as pessoas com idade superior a 40 (quarenta) anos de idade, independente do sexo, origem étnica ou religiosidade. 
2016_082054|Other Provisions|Em que pese às diversas tentativas de negociação acerca da data-base de 2016 entre a Federação dos Sindicatos Metalúrgicos da CUT no Estado de São – (FEM-CUT/SP) e  SINDICATO  DA INDÚSTRIA  DE  LÂMPADAS  E  APARELHOS  ELÉTRICOS  DE  ILUMINAÇÃO DO ESTADO DE SÃO PAULO;  SINDICATO DA INDÚSTRIA MECÂNICA DO ESTADO DE SÃO PAULO; SINDICATO DA INDÚSTRIA DE REPARAÇÃO DE VEÍCULOS E ACESSÓRIOS DO ESTADO DE SÃO PAULO; SINDICATO DA INDÚSTRIA DA PROTEÇÃO, TRATAMENTO E TRANSFORMAÇÃO DE SUPERFÍCIES DO ESTADO DE SÃO PAULO; SINDICATO NACIONAL DA INDÚSTRIA DE MATERIAL BÉLICO; SINDICATO NACIONAL DA INDÚSTRIA DE ROLHAS METÁLICAS,  não houve consenso sobre os itens econômicos da pauta; Não obstante o impasse das negociações naquele âmbito, as partes neste instrumento reconhecem que a empresa possui condição econômica própria diferenciada que lhe permite o avanço nas tratativas; Assim, reconhecem que a melhor solução, neste caso, é a negociação direta entre o Sindicato e a Empresa, razão pela qual celebram o presente Acordo Coletivo de Trabalho, que se regerá pelas seguintes cláusulas econômicas e sociais, ressalvada a aplicação e prevalência de normas e/ou cláusulas mais benéficas, constantes de Convenção Coletiva de Trabalho que venha a ser celebrada. 
2012_002993|Other Assurances|É vedada a dispensa do empregado no período de (30) trinta dias que antecedem e 30 trinta dias que sucedem à data-base da categoria, sob pena de pagamento dos salários do período e de multa igual a 01 (um) salário do Empregado na respectiva função.
2012_002993|Other Assurances|Fica garantida a todo Empregado após o retorno das férias uma estabilidade de 30 (trinta) dias corridos.
2012_002993|Other Provisions|
2012_002993|Other Provisions|É vedado ao empregador efetuar anotações desabonadoras à conduta do empregado em sua Carteira de Trabalho e Previdência Social. (Acrescentado pela L-010.270-2001).
2012_002993|Other Provisions|
2012_002993|Other Provisions|Eventuais interrupções do trabalho ocasionadas ou decorrentes de casos fortuitos ou de força maior não poderão ser descontadas nem trabalhadas como compensação.  Parágrafo único:  O atraso ao trabalho, desde que não ultrapasse (15) quinze minutos,  não acarretará qualquer desconto da remuneração do trabalhador.
2012_002993|Other Provisions|O Empregador abonará (5) cinco dias alternados de ausência do empregado dentro do período de (12) doze meses em caso de internação hospitalar da esposa e filhos, desde que haja incompatibilidade de horário para o comparecimento ao serviço.
2012_002993|Other Provisions|Fica garantida a Entidade Sindical Signatária a promoção perante a Justiça do Trabalho e o Foro em Geral de ações plúrimas em nome dos empregados e em nome próprio ou ainda, como parte interessada, em caso de descumprimento de qualquer cláusula avençada ou determinada neste Acordo Coletivo. 
2012_002993|Other Provisions|As partes conveniadas comprometem-se a divulgar os termos do presente acordo aos seus representados.
2014_081501|Other Provisions|Fica acordado que a partir de 01/01/2014 os empregados poderão trabalhar no dia de domingo que estiver de folga, mediante o pagamento de SERVIÇOS EXTRAS no valor mínimo de R$ 70,00 (setenta reais) pela jornada máxima de sete horas. 
2014_081501|Other Provisions|A empresa concederá uma folga semanal a  todos os seus empregados, nos dias da semana compreendida de segunda-feira a sábado.  A folga no domingo prevista na Cláusula sexta da CCT 2014/2016 poderá ser concedida mediante solicitação do empregado, com uma semana de antecedência, de comum acordo com a empresa. Parágrafo Único - As horas extras trabalhadas nos dias de domingos de folga alem da jornada prevista acima serão pagas em dobro.
2017_084835|Other Provisions|O Acordo de Compensação de Horas “BANCO DE HORAS” é um sistema de compensação de horas trabalhadas a mais ou a menos que o previsto, que as partes estabelecem, de modo a permitir que a Empresa ajuste o potencial da mão de obra à demanda do mercado consumidor. A Empresa fornecerá ao SITIBRON, uma planilha do BANCO DE HORAS contendo o acumulado das horas do período, com um prazo de três dias depois do fechamento da folha de pagamento.  Parágrafo Único: O numero de Empregado envolvido no sistema de compensação de horas trabalhadas, banco de horas, neste acordo é de 152 colaboradores.
2017_084835|Other Provisions|A Empresa fixará, com antecedência mínima de 24 horas, os dias em que haverá trabalho, bem como a sua duração e forma de cumprimento diário, podendo abranger todos ou apenas parte dos empregados. Parágrafo Primeiro: O sistema de flexibilização não prejudicará o direito dos empregados quanto ao intervalo de alimentação, no período de descanso entre duas jornadas diárias de trabalho e o repouso semanal. Parágrafo Segundo: Não será aplicado aos Trabalhadores a compensação de horas nos domingos e feriados
2017_084835|Other Provisions|O Trabalho além das 44 horas semanais será convertido em folgas remuneradas, na proporção de 01 hora de trabalho por 01 hora de descanso. Compromete-se a não passar de duas horas diárias da jornada de trabalho. Parágrafo Único: Os trabalhos prestados em repousos semanais ou feriados serão compensados em forma de horas extras em 100%.
2017_084835|Other Provisions|As horas serão controladas por um sistema manual ou informatizado, de debito e crédito, e cada funcionário receberá, mensalmente um extrato onde poderá verificar seu saldo de hora a cada final de mês.
2017_084835|Other Provisions|Durante a vigência do presente acordo, a jornada normal de trabalho não poderá ultrapassar a 02 (duas) horas diárias adicionais, caso seja ultrapassada deve ser contabilizada 02 (horas) no Banco de Horas e o restante será contabilizado com horas extras em 50% (cinquenta) por cento.
2017_084835|Other Provisions|A compensação das horas deverá ocorrer 180 (cento e oitenta dias) 6 – 6 meses após a ocorrência das mesmas; não havendo a compensação das mesmas, estas serão pagas aplicando-se os percentuais devidos de 50% (cinquenta) pr cento conforme determina a Lei. Parágrafo Primeiro: As folgas dos funcionários deverão ser programadas e ajustadas diretamente entre o empregado e o seu superior imediato. Parágrafo Segundo: As horas a crédito dos funcionários poderão ser compensadas com acréscimos de dias de férias futuras, desde que o período de gozo das férias dos funcionários aconteça dentro dos 60 dias determinados por lei.  Parágrafo Terceiro: As horas ou dias pagos e não trabalhados na semana, serão compensados na oportunidade que a empresa determinar, salvo casos em que o empregado esteja disponível na empresa a mesma não dispor do seu trabalho por motivo de força maior, como também aqueles funcionários que comprovarem por meio de atestado medica que não se encontra em condição de trabalhar, não se aplica este parágrafo as mulheres em licença maternidade. Parágrafo Quarto: Por deliberação da assembleia geral ordinária, após a assinatura deste instrumento normativo de trabalho (BANCO DE HORAS), e o seu deposito no MTE, art. 614 da CLT, fica devidamente quitado pela empresa qualquer valor monetário referente a horas extraordinárias retroativas de seus empregados, desde a sua admissão até a presente data deste instrumento, da área administrativa, operadores, auxiliares, empilhador, motoboy e outras funções que englobe o quadro de funcionários da Majestic Industria e Comércio de Bebidas Ltda.
2017_084835|Other Provisions|Ocorrendo demissão do empregado, a empresa pagará, junto com as demais verbas rescisórias, o saldo credor de horas, aplicando-se o percentual de trabalho extraordinário vigente.   Parágrafo Único: O saldo devedor será assumido pela empresa, exceto quando da ruptura do contrato de trabalho de se der por iniciativa do empregado ou por motivo de justa causa, quando o desconto das horas se fará no acerto das verbas rescisórias.
2017_084835|Other Provisions|Para a concessão dos benefícios: vale transporte e alimentação, a empresa não levará em consideração os dias efetivamente trabalhados no mês.
2017_084835|Other Provisions|O descumprimento por parte do empregador sujeita a multa de 5 (cinco salários) do piso da categoria por empregado, cujo montante será revertido em favor da parte prejudicada.
2017_084835|Other Provisions|O presente acordo terá validade de 01 ano e vigorará no período de 01/12/2017 à 30/11/2018, podendo ser renovado por igual período, conforme acordo entre as partes. Parágrafo Único: No final do acordo será feito acerto para zera o período. Na hipótese de existir saldo positivo ou negativo de horas, a empresa terá 30 dias, subseqüente ao término do acordo, para regularizar. Se ao término deste período ainda subsistirem horas, essas horas serão pagas como horas extras de 100%. E por estarem assim justos e acordados, firmam o presente termo de acordo em 02 (duas) vias de igual teor e forma, para que produza seus jurídicos e legais efeitos, , devendo ser efetuado o registro do acordo no sistema mediador do Ministério do Trabalho e Emprego e arquivo na Superintendência Regional do Trabalho Local.
2016_082084|Other Assistances| 1. A empresa se compromete a manter convênio com farmácia, ou rede de farmácias, para a aquisição de medicamentos pelos seus empregados. O valor dos medicamentos será descontado em folha no mês subsequente ao da aquisição dos mesmos.  2. Na hipótese de os empregados comprovarem a possibilidade de celebração do referido convênio com outra farmácia que ofereça preço mais reduzido na tabela geral de medicamentos e/ou parcelamento, o empregador se compromete a proceder à permuta do convênio para a farmácia indicada.  3. Não se aplicará o estipulado no item 2 desta cláusula nas hipóteses de a farmácia ser instalada no interior do estabelecimento do empregador ou quando a empresa empregadora participar do custo de aquisição dos medicamentos.
2016_082084|Other Assistances|1. A empresa deverá preencher os formulários exigíveis para benefícios da Previdência Social no prazo máximo de 5 (cinco) dias úteis, quando se tratar de auxílio-doença, e de 20 (vinte) dias corridos, quando se tratar de aposentadorias de quaisquer naturezas, a contar do requerimento por parte do interessado.
2014_009174|Other Provisions|E por estarem justos e acertados o presente termo aditivo, que passa a integrar a Convenção Coletiva da Categoria registrada no Ministerio do Trabalho e Emprego em Petropolis, sob o nº RJ0002188/2013, processo 46666.002715/2013-05, ficando como parte integrante da Convenção Coletiva da Categoria.
2015_043073|General Assurances|O empregado que ficar afastado do serviço por motivo de doença em período superior a 45 (quarenta e cinco) dias, mediante atestado firmado pela Previdência Social, gozará de garantia de emprego, nos moldes do art. 165, da CLT, pelo prazo de 90 (noventa) dias, a contar da data do seu retorno ao trabalho. A vantagem em apreço só será concedida uma vez por ano. PARÁGRAFO PRIMEIRO - EMPREGADO ACIDENTADO Fica assegurado a todos os empregados uma estabilidade provisória de 12 meses, conforme disposto no art. 118, da Lei 8.213, de 24 07 91, a quando do retorno ao trabalho após benefício de auxílio-doença acidentário, só podendo ser demitido na forma prevista no art. 165 e parágrafo único da CLT. PARÁGRAFO SEGUNDO - EMPREGADO  EM VÉSPERA DE APOSENTADORIA Fica vedada a dispensa arbitrária dos trabalhadores às vésperas da aposentadoria, considerando-se como tal o período de 24 (vinte quatro) meses do momento em que possam requerer o benefício, desde que o empregado possua pelo menos 02 (dois) anos de serviço na empresa ou mesmo grupo econômico. Implementada a condição, cessa a garantia.
2015_043073|General Assurances|As empresas poderão dispensar seus empregados, de acordo com a conveniência exclusiva de cada uma delas, para participação dos mesmos em cursos preparatórios promovidos pelo Sindicato profissional, mediante comprovação oficial da existência de tais cursos.
2015_043073|General Assurances|Obedecidas as normas de cada empresa e suas peculiaridades, darão a mesma preferência aos empregados do seu quadro funcional que preencham os pressupostos funcionais e estejam para tanto habilitados, a preencherem vagas existentes em outras funções.
2015_043073|General Assurances|As empresas obrigam-se a fornecer aos seus empregados contracheques e / ou recibos discriminando os pagamentos e descontos efetuados.
2015_043073|General Assurances|A prestação de contas das rendas deverá ocorrer na garagem das empresas, na presença do trabalhador e de funcionário que represente o respectivo empregador.
2015_043073|General Assurances|As empresas autorizam o uso do seu quadro de avisos administrativos por parte do Sindicato Profissional para comunicação de interesse dos empregados, vedados os assuntos de conteúdos político-partidários ou ofensivo.
2015_043073|General Assurances|As empresas obrigam-se a ceder ao Sindicato Profissional, mediante responsabilidade deste por todos os danos que os veículos possam sofrer por sua culpa direta ou de seus representantes, para transporte destes com vista à realização de eventos socioculturais e de lazer, 1 (um) ônibus de sua propriedade, devendo a entidade sindical profissional informar às mesmas com a antecedência de pelo menos 72 (setenta e duas) horas antes da realização dos ditos eventos. PARÁGRAFO PRIMEIRO – O Sindicato Profissional poderá indicar, livremente, a empresa que deverá ceder o ônibus, considerando que o evento vá beneficiar os trabalhadores da mesma. PARÁGRAFO SEGUNDO – A vantagem aqui instituída será concedida alternadamente, mediante solicitação do Sindicato Profissional diretamente à empresa. PARÁGRAFO TERCEIRO – Fica estabelecido que a vantagem aqui prevista se refere a um único ônibus e não a um ônibus por cada empresa e que o percurso máximo será de 240 Km até o local do evento. PARÁGRAFO QUARTO – A vantagem aqui consignada não abrange os períodos de férias e nem os finais de semana prolongados, embora em tais períodos as empresas possam ceder o ônibus, mas desde que tenham condições para tal.
2015_043073|General Assurances|Os Sindicatos Profissionais poderão firmar convênios com óticas e farmácias de sua livre escolha, sem qualquer interferência ou anuência das empresas, obrigando-se estas apenas a realizar o desconto que os seus empregados expressamente e por escrito autorizarem no caso de utilização dos ditos convênios, de uma só vez, e na 1ª quinzena, não podendo ultrapassar o desconto o limite de 20% do salário-básico do empregado. PARÁGRAFO ÚNICO – As empresas deverão comunicar o Sindicato dos Trabalhadores a ocorrência de demissão ou benefício previdenciário.
2015_043073|General Assurances|As empresas concordam com o passe livre dos empregados do sistema, mediante comprovação por parte do beneficiário de tal condição, mas exclusivamente para o itinerário correspondente ao trecho de sua residência ao local de trabalho e vice-versa. PARÁGRAFO ÚNICO – A vantagem estipulada nesta cláusula não autoriza o uso de ônibus tipo especiais denominados EXECUTIVOS ou ESPECIAIS.
2017_084934|Other Provisions|A empresa se obriga, ainda, a cumprir todas as cláusulas das Convenções Coletivas de Trabalho celebradas entre a Federação dos Empregados no Comércio e Congêneres do Estado de Minas Gerais e a Federação do Comércio de Bens, Serviços e Turismo do Estado de Minas Gerais, na data base da categoria profissional (1.º de janeiro), não alteradas pelo presente acordo. PARÁGRAFO ÚNICO Na hipótese de não renovação do presente acordo coletivo, após o término da sua vigência, a empresa se obriga a cumprir, em todas as suas disposições, as Convenções Coletivas de Trabalho celebradas entre a Federação dos Empregados no Comércio e Congêneres do Estado de Minas Gerais e a Federação do Comércio de Bens, Serviços e Turismo do Estado de Minas Gerais.
2017_084934|Other Provisions|E, para que produza os seus jurídicos efeitos, o presente Acordo Coletivo de Trabalho foi lavrado em 2 (duas) vias de igual teor e forma, sendo levada a depósito e registro junto à Superintendência Regional do Trabalho e Emprego em Minas Gerais.
2013_073146|Other Provisions|Ficam expressamente ratificadas todas as cláusulas constantes no Acordo Coletivo de Trabalho 2013/2014, firmado pelas partes, não alteradas expressamente no presente Aditivo. E, por estarem certos e ajustados, firmam o presente em 3 (três) vias de igual teor, para os efeitos de direito.
2017_039341|Other Assistances|Idênticos reembolsos e procedimentos previstos na Cláusula Auxílio-Creche/Auxílio Babá se estendem aos empregados que tenham "filhos excepcionais" ou "deficientes físicos que exijam cuidados permanentes", sem limite de idade, desde que tal condição seja comprovada por atestado fornecido pelo INSS ou instituição por ele autorizada, ou, ainda, por médico pertencente a Convênio mantido pela empresa.
2017_039341|Other Assistances|Os empregados que contarem de 9 (nove) a 14 (catorze) anos de vinculação com a empresa, será concedido, por ocasião de sua aposentadoria, uma gratificação de valor igual a seu último salário. Na mesma hipótese, o empregado que contar acima de 15(quinze) anos de vinculação, fará jus a gratificação igual a uma vez e meia o valor do último salário. Parágrafo Único: A gratificação será concedida desde que haja rescisão do Contrato de Trabalho.
2017_039341|Other Assurances|Ao empregado afastado do trabalho por motivo de doença, fica assegurada estabilidade provisória de 60 (sessenta) dias, contados da alta médica. Parágrafo Primeiro: O previsto no "caput" somente se aplicará quando o afastamento se der por período de, no mínimo, 6 (seis) meses contínuos. Parágrafo Segundo: Não se aplica a estabilidade, no caso de rescisão contratual por motivo de justa causa.
2017_039341|Other Provisions|Pelo presente instrumento coletivo de trabalho, com base no disposto no § 2º, do artigo 74, da Consolidação das Leis do Trabalho e no art. 2º da Portaria nº 373, de 25/02/2011 do Ministério do Trabalho e Emprego, as empresas de leasing filiadas ao Sindicato Patronal poderão manter, no âmbito da base territorial definida na cláusula segunda deste, Sistema Alternativo Eletrônico de Controle de Jornada de Trabalho, aqui denominado simplesmente “Sistema de Ponto Eletrônico”, para controle da jornada de trabalho de seus empregados. 49.1. O Sistema de Ponto Eletrônico não poderá admitir: a)       restrições à marcação do ponto. b)       marcação automática do ponto. c)        exigência de autorização prévia para marcação de sobrejornada; e d)       alteração ou eliminação dos dados registrados pelo empregado. 49.2. O Sistema de Ponto Eletrônico adotado deverá reunir, também, as seguintes condições: a)       encontrar-se disponível no local de trabalho para o registro dos horários de trabalho e consulta. b)       permitir a identificação de empregador e empregado. c)        possibilitar ao empregado, a qualquer tempo, através da central de dados, a consulta eletrônica e impressa do registro fiel das marcações realizadas. d)       possibilitar à fiscalização, quando solicitado, através da central de dados, a extração eletrônica e impressa do registro fiel das marcações realizadas. 49.3. A adoção do Sistema de Ponto Eletrônico, previsto no presente instrumento normativo, subordina-se à prévia certificação de conformidade do sistema às exigências previstas neste instrumento, a ser obtida junto à empresa certificadora com a expertise necessária à aferição do sistema. Parágrafo primeiro: A empresa certificadora não poderá integrar o mesmo grupo econômico da empresa de arrendamento mercantil adotante do sistema alternativo eletrônico. Parágrafo segundo: A certificação de conformidade do Sistema de Ponto Eletrônico deverá ser encaminhada ao Sindicato profissional, que dará ciência da recepção do referido documento para efeito de fixação de data de início de operação do referido sistema. 49.4. Fica assegurado ao Sindicato Profissional, através dos seus representantes ou técnicos, o acesso às informações do Sistema de Ponto Eletrônico mantido pelas Empresas filiadas ao Sindicato Patronal sempre que haja dúvida ou denúncia que o uso do mesmo esteja em desacordo com a legislação ou com as normas aqui acordadas. 49.5. Qualquer alteração a ser realizada no Sistema de Ponto Eletrônico deverá ser comunicada ao Sindicato Profissional, informando as alterações técnicas a serem feitas e indicando razões que as justificam. Parágrafo Primeiro: Ocorrendo alteração, deverá a empresa obter nova certificação de conformidade, na forma do disposto na cláusula sétima. Parágrafo Segundo: Comprovada a realização de qualquer alteração sem que tenham sido observadas as exigências a que se referem o caput desta cláusula e seu parágrafo primeiro, considerar-se-á denunciado o presente instrumento coletivo de trabalho cessando os seus efeitos para o cumprimento do permissivo da Portaria nº 373/11. 49.6.  As partes signatárias reconhecem que o Sistema Alternativo Eletrônico de Controle de Jornada das empresas de leasing filiadas ao Sindicato Patronal, uma vez obedecido o disposto no presente instrumento normativo, atende as exigências do artigo 74, § 2º, da Consolidação das Leis do Trabalho e o disposto no art. 2ºda Portaria nº 373, de 25/02/2011, do Ministério do Trabalho e Emprego, dispensando-se a instalação do Registrador Eletrônico de Ponto – REP
2013_069396|Other Provisions|RELAÇÃO DOS TRABALHADORES: A empresa se obriga a comunicar ao Sindicato Laboral, pôr escrita, a relação dos trabalhadores que irão trabalhar nos dias acima citado onde a mesma não poderá funcionar com o mesmo quadro de funcionários.
2009_016579|Other Provisions| E por estarem as partes justas e acordadas, arquivam o presente Acordo Coletivo de Trabalho, perante  a Secretaria de Relações do Trabalho, do Ministério do Trabalho e Emprego em Brasília/DF, para que surtam seus jurídicos e legais efeitos.
2015_065035|Other Provisions|Os contratos de trabalhos dos empregados que forem admitidos após a assinatura deste Acordo reger-se-ão pelos horários estabelecidos neste instrumento, pelo que deverão assim ser cientificados pela empresa quando do ato da admissão. // <![CDATA[ D(["mb","\u003c/span\u003e\u003c/font\u003e\u003c/b\u003e\u003c/h3\u003e\n\n\u003cp\u003e\u003cfont size\u003d\"3\" face\u003d\"Arial\"\u003e\u003cspan style\u003d\"font-size:12.0pt;font-family:Arial\"\u003e&nbsp;\u003c/span\u003e\u003c/font\u003e\u003c/p\u003e\n\n\u003cp\u003e\u003cfont size\u003d\"3\" face\u003d\"Arial\"\u003e\u003cspan style\u003d\"font-size:12.0pt;font-family:Arial\"\u003e&nbsp;\u003c/span\u003e\u003c/font\u003e\u003c/p\u003e\n\n\u003ch4 style\u003d\"line-height:normal\"\u003e\u003cb\u003e\u003cfont size\u003d\"3\" face\u003d\"Arial\"\u003e\u003cspan style\u003d\"font-size:12.0pt;font-family:Arial;background:silver\"\u003eCLÁUSULA QUINTA - Do Foro\u003c/span\u003e\u003c/font\u003e\u003c/b\u003e\u003cfont size\u003d\"3\" face\u003d\"Arial\"\u003e\u003cspan style\u003d\"font-size:12.0pt;font-family:Arial\"\u003e\u003c/span\u003e\u003c/font\u003e\u003c/h4\u003e\n\n\u003cp\u003e\u003cfont size\u003d\"1\" face\u003d\"Arial\"\u003e\u003cspan style\u003d\"font-size:8.0pt;font-family:Arial\"\u003e&nbsp;\u003c/span\u003e\u003c/font\u003e\u003c/p\u003e\n\n\u003cp\u003e\u003cfont size\u003d\"3\" face\u003d\"Arial\"\u003e\u003cspan style\u003d\"font-size:12.0pt;font-family:Arial\"\u003eEstipulam as partes o Foro Trabalhista de Salto/SP\u003cspan\u003e.,\u003c/span\u003e para dirimir quaisquer dúvidas acerca do presente Acordo\nColetivo de Trabalho, renunciando a qualquer outro, por mais privilegiado que\nseja. \u003c/span\u003e\u003c/font\u003e\u003c/p\u003e\n\n\u003cp\u003e\u003cfont size\u003d\"3\" face\u003d\"Arial\"\u003e\u003cspan style\u003d\"font-size:12.0pt;font-family:Arial\"\u003e&nbsp;\u003c/span\u003e\u003c/font\u003e\u003c/p\u003e\n\n\u003cp\u003e\u003cfont size\u003d\"3\" face\u003d\"Arial\"\u003e\u003cspan style\u003d\"font-size:12.0pt;font-family:Arial\"\u003e&nbsp;\u003c/span\u003e\u003c/font\u003e\u003c/p\u003e\n\n\u003cp class\u003d\"MsoNormal\" align\u003d\"center\" style\u003d\"text-align:center\"\u003e\u003cb\u003e\u003cfont size\u003d\"3\" face\u003d\"Arial\"\u003e\u003cspan style\u003d\"font-size:12.0pt;font-family:Arial;background:silver;font-weight:bold\"\u003eCLÁUSULA SEXTA - Vigência\u003c/span\u003e\u003c/font\u003e\u003c/b\u003e\u003cb\u003e\u003cfont size\u003d\"3\" face\u003d\"Arial\"\u003e\u003cspan style\u003d\"font-size:12.0pt;font-family:Arial;font-weight:bold\"\u003e\u003c/span\u003e\u003c/font\u003e\u003c/b\u003e\u003c/p\u003e\n\n\u003cp\u003e\u003cfont size\u003d\"1\" face\u003d\"Arial\"\u003e\u003cspan style\u003d\"font-size:8.0pt;font-family:Arial\"\u003e&nbsp;\u003c/span\u003e\u003c/font\u003e\u003c/p\u003e\n\n\u003cp\u003e\u003cfont size\u003d\"3\" face\u003d\"Arial\"\u003e\u003cspan style\u003d\"font-size:12.0pt;font-family:Arial\"\u003eO prazo de vigência deste Acordo será de 14\u003cspan\u003e&nbsp; \u003c/span\u003ede janeiro a 31 de dezembro de 2008.\u003c/span\u003e\u003c/font\u003e\u003c/p\u003e\n\n\u003cp\u003e\u003cfont size\u003d\"3\" face\u003d\"Arial\"\u003e\u003cspan style\u003d\"font-size:12.0pt;font-family:Arial\"\u003e&nbsp;\u003c/span\u003e\u003c/font\u003e\u003c/p\u003e\n\n\u003cp\u003e\u003cfont size\u003d\"3\" face\u003d\"Arial\"\u003e\u003cspan style\u003d\"font-size:12.0pt;font-family:Arial\"\u003e&nbsp;\u003c/span\u003e\u003c/font\u003e\u003c/p\u003e\n\n\u003cp class\u003d\"MsoNormal\" style\u003d\"text-align:justify\"\u003e\u003cfont size\u003d\"3\" face\u003d\"Arial\"\u003e\u003cspan style\u003d\"font-size:12.0pt;font-family:Arial\"\u003e",1] ); // ]]> 
2012_032527|General Assurances| Gozarão de estabilidade provisória no emprego, salvo por motivo de justa causa para demissão: a) Acidentado: por 12 meses após a cessação do auxilio doença acidentário, consoante artigo 118 da lei 8.213/199; b) Pré-aposentados: por 36 (trinta e seis) meses imediatamente, anteriores a complementação de tempo para aposentadoria pela Previdência Social ou outra instituição com a mesma finalidade, desde que tenham ao menos 05 (cinco) anos de vinculação empregatícia com o CRMV-SC; c) Gestante/Aborto: a mulher, por 6 (seis) meses após o parto, ou por 90 (noventa) dias em caso de aborto legal devidamente comprovado por Atestado Médico; ou ainda, por 90 (noventa) dias por adoção legal de criança de até 6 anos de idade, devidamente comprovada;
2009_034089|Other Provisions|O presente instrumento poderá ser revisto a qualquer tempo, desde que de comum acordo entre as partes.
2013_068336|Other Provisions|RELAÇÃO DOS FUNCIONÁRIOS: A empresa se obriga a comunicar ao Sindicato Laboral, pôr escrita, a relação dos trabalhadores que irão trabalhar no dia acima citado onde a mesma não poderá funcionar com o mesmo quadro de funcionários.
2013_073410|Other Assistances|Recomenda-se à empresa que estabeleça convênios com farmácias e drogarias para aquisição de remédios pelos seus empregados.
2013_073410|Other Specific Groups|a) Fornecimento obrigatório ao empregado, de pagamento, com a discriminação das importâncias pagas e descontos efetuados, contendo a identificação da empresa e os recolhimentos ao Fundo de Garantia por Tempo de Serviço (FGTS). b) A empresa fica alerta de que deverá cumprir rigorosamente as disposições da Lei 8036/90, especialmente seu Art. 17, a fim de possibilitar ao Banco Depositário do FGTS o atendimento ao Art. 22 do Decreto 99.684/90, ou seja, a remessa pelo Banco, do Extrato do FGTS, bimestralmente, diretamente ao próprio trabalhador.
2013_073410|Other Specific Groups|A empresa deverá providenciar o pagamento do PIS nas suas próprias dependências. As empresas que não o fizerem deverão conceder abono de 4 (quatro) horas para o empregado recebê-lo, analisando os casos em que o domicílio bancário esteja situado em outro município para abonar o tempo necessário.
2010_074884|Other Assistances|Será concedida, uma única vez, em forma de crédito em folha de pagamento ou vale compra, o valor de R$ 116,51 (cento e dezesseis reais e cinquenta e um centavos), para auxílio na aquisição de material escolar, mediante comprovação, para os empregados estudantes existentes no quadro de pessoal na data da assinatura deste acordo, que permanecerem trabalhando até 15 de março de 2011 e aos dependentes assim considerados de acordo com a legislação vigente e que venham a ser ratificados a critério da empresa, desde que estejam cursando 1º e 2º graus, superior e pós-graduação em estabelecimento de ensino regular, com idade inferior a 24(vinte e quatro) anos. Excetua-se da concessão deste benefício, os empregados diretores, gerentes, coordenadores e ocupantes de cargos equivalentes. PARÁGRAFO PRIMEIRO - Os empregados que apresentarem a comprovação de matrícula até o dia 15 de fevereiro de 2011, receberão o benefício juntamente com os salários de fevereiro. Os empregados que apresentarem a comprovação de matrícula até o dia 15 de março de 2011, receberão o benefício juntamente com os salários de março. Os empregados e seus dependentes que estudam em entidades onde o ano letivo inicia-se no segundo semestre, a comprovação da matrícula deverá ser entregue até o dia 15 de agosto de 2011, recebendo esse benefício juntamente com os salários de agosto; PARÁGRAFO SEGUNDO - O benefício decorrente dessa cláusula estará encerrado após 15 de março e 15 de agosto, razão pela qual não será aceita qualquer comprovação que porventura venha a ser apresentada após as referidas datas; PARÁGRAFO TERCEIRO – A concessão prevista nesta cláusula, não tem cunho salarial, para nenhum fim ou efeito.
2014_038173|Other Assistances|A empresa fornecerá aos seus empregados, gratuitamente, uniformes obrigatórios, constituídos de 02 (duas) camisas, 02 (duas) calças e 01 (um) par de sapatos, mediante termo de responsabilidade, e para os empregados da manutenção, uniforme constituído de 01 (um) macacão e um par de botinas. Parágrafo Primeiro - Os uniformes são fornecidos mediante comprovante de fornecimento com cópia para o empregado. Caso o mesmo seja desligado do quadro de empregados da empresa, fica obrigado a devolver aqueles à empregadora, caso contrário, será cobrado na rescisão contratual de forma proporcional ao tempo de uso;
2014_038173|Other Provisions|A empresa se compromete a promover descontos consignados na folha de pagamento dos seus empregados, referentes a empréstimos, financiamento e operações de arrendamento mercantil concedidos por instituição financeira conveniada ou não ao Sindicato, desde que tais descontos sejam autorizadas pelo empregado na forma do art. 545 da CLT e Súmula 342 do TST, observando as normas e procedimentos instituídos pela Lei 10.820/03. Parágrafo Primeiro - O Sindicato, por si ou através da instituição financeira que a ele seja ou não conveniada, enviará à empresa empregadora a relação dos empregados que pretenderem tomar empréstimos consignados em folha de pagamento, para que a empregadora possa avaliar a capacidade de comprometimento e possibilidade de efetuar descontos em seus vencimentos, sendo facultado à empresa negar a consignação na hipótese do empregado não suportar o desconto respectivo;
2014_038173|Other Provisions|A empresa encaminhará ao Sindicato, com antecedência de 30 (trinta) dias, o programa e a data da realização da SIPAT.
2014_038173|Other Provisions|A empresa fornecerá recursos financeiros para os cobradores com a finalidade de facilitar suas tarefas. Parágrafo Primeiro - Os cobradores deverão depositar no cofre de segurança, os valores acima de R$ 50,00 (cinquenta reais), em locais determinados pela empresa, sendo obrigados a restituir valores não depositados que sejam extraviados, perdidos, furtados ou roubados; Parágrafo Segundo - Os cobradores deverão depositar no cofre de segurança 100% (cem por cento) dos vales transportes recebidos, devidamente assinados e perfurados;
2014_038173|Other Provisions|
2014_038173|Other Provisions|Será afixado um quadro geral na empresa, ou indicado o lugar onde o sindicato poderá colocar seus avisos, que não poderão conter alusões e/ou mensagens injuriosas e caluniosas à empresa ou seus diretores, nem ser de caráter político.
2012_042462|Other Assistances|As Empresas se obrigam a prestar assistência jurídica, sem qualquer ônus, aos vigias, porteiros e guardiões, quando estes, em defesa do patrimônio da Empresa, venham a cometer atos que impliquem em processo judicial.
2012_042462|Other Assurances|a)                   O Trabalhador que sofreu acidente de trabalho tem garantia, pelo prazo mínimo de 12 (doze) meses, a manutenção de seu contrato de trabalho na Empresa, após a cessação do auxílio doença acidentário. b)                  Ao Trabalhador afastado por motivo de doença por mais de 45 (quarenta e cinco) dias, será assegurada estabilidade no emprego por 60 (sessenta) dias após o término da licença, exceto quando a Unidade (filial) for extinta ou tiver suas atividades paralisadas. c)                   A Trabalhadora gestante terá assegurado estabilidade provisória, desde a confirmação da gravidez até 150 (cento e cinqüenta) dias após o parto.
2012_042462|Other Provisions|A presente Convenção Coletiva de Trabalho abrange as categorias econômicas e profissionais representadas pelas entidades convenentes nas suas respectivas bases territoriais, sendo: BASE TERRITORIAL DA FEDERAÇÃO DAS INDÚSTRIAS DO ESTADO DO PARANÁ -  FIEP: Abatiá, Adrianópolis, Almirante Tamandaré, Altamira do Paraná, Alto Paraná, Alto Piquiri, Altônia, Alvorada do Sul, Amaporã, Andirá, Ângulo, Antonina, Antonio Olinto, Arapoti, Arapuã, Araruna, Araucária, Ariranha do Ivaí, Assai, Atalaia, Balsa Nova, Bandeirantes, Barbosa Ferraz, Barra do Jacaré, Bela Vista do Paraíso, Boa Esperança, Bocaiúva do Sul, Bom Sucesso do Sul, Bom Sucesso, Borrazópolis, Brasilândia do Sul, Cafeara, Cafelândia, Cafezal do Sul, Cambará, Campina da Lagoa, Campina Grande do Sul, Campo Largo, Campo Magro, Campo Mourão, Carlópolis, Castro, Centenário do Sul, Cerro Azul, Chopinzinho, Cianorte, Cidade Gaúcha, Clevelândia, Colombo, Colorado, Congonhinhas, Conselheiro Mairinck, Contenda, Cornélio Procópio, Coronel Domingos Soares, Coronel Vivida, Corumbataí do Sul, Cruzeiro do Oeste, Cruzeiro do Sul, Cruzmaltina, Curitiba, Diamante do Norte, Diamante d´Oeste, Diamante do Sul, Douradina, Doutor Camargo, Doutor Ulysses, Engenheiro Beltrão, Entre Rios do Oeste, Esperança Nova, Espigão Alto do Iguaçu, Farol, Faxinal, Fênix, Floraí,  Floresta, Florestópolis, Flórida, Formosa do Oeste, Foz do Iguaçu, Francisco Alves, Godoy Moreira, Goio-erê, Grandes Rios, Guairaçá, Guapirama, Guaporema, Guaraci, Guaraqueçaba, Guaratuba, Honório Serpa, Icaraíma, Iguaraçú, Inajá, Indianópolis, Iporã, Iracema do Oeste, Iretama, Itaguajé, Itaipulândia, Itambaracá, Itambé, Itaperuçu, Itaúna do Sul, Ivaí, Ivaiporã, Ivaté, Ivatuba, Jaboti, Jacarezinho, Jaguapitã, Jaguariaíva, Janiópolis, Japira, Japurá, Jardim Alegre, Jardim Olinda, Jataizinho, Ibiporã, Jesuítas, Joaquim Távora, Jundiaí do Sul, Juranda, Jussara, Kaloré, Laranjal, Leópolis, Lidianópolis, Loanda, Lobato, Luisiana, Lunardelli, Lupionópolis, Mamborê, Mandaguaçu, Mangueirinha, Manoel Ribas, Maria Helena, Marilândia do Sul, Marilena, Mariluz, Mariópolis, Marumbi, Matinhos, Mauá da Serra, Mercedes, Mirador, Miraselva, Moreira Sales, Morretes, Munhoz de Mello, Nossa Senhora das Graças, Nova Aliança do Ivaí, Nova América da Colina, Nova Aurora, Nova Cantú, Nova Esperança, Nova Fátima, Nova Londrina, Nova Olímpia, Nova Santa Bárbara, Nova Tebas, Novo Itacolomi, Ourizona, Paiçandu, Palmeira, Palmital, Paraíso do Norte, Paranacity, Paranaguá, Paranapoema, Paranavaí, Pato Branco, Peabiru, Perobal, Pérola, Pinhais, Pinhalão, Piraí do Sul, Piraquara, Planaltina do Paraná, Pontal do Paraná, Porecatu, Porto Amazonas, Porto Rico, Presidente Castelo Branco, Primeiro de Maio, Prudentópolis, Quarto Centenário, Quatiguá, Quatro Barras, Quedas do Iguaçu, Querência do Norte, Quinta do Sol, Rancho Alegre, Rancho Alegre d´Oeste, Ribeirão Claro, Ribeirão do Pinhal, Rio Bom, Rio Branco do Ivaí, Rio Branco do Sul, Roncador, Rondon, Rosário do Ivaí, Salto do Itararé, Santa Amélia, Santa Cecília do Pavão, Santa Cruz do Monte Castelo, Santa Fé, Santa Inês, Santa Isabel do Ivaí, Santa Mariana, Santa Mônica, Santana do Itararé, Santo Antônio da Platina, Santo Antônio do  Paraíso, Pato Bragado, Quatro Pontes, Santo Antônio do Caiuá, Santo Inácio, São  Jorge do Ivaí, São Carlos do Ivaí, São João do Caiuá, São João do Ivaí, São João do Triunfo, Ramilândia, Santa Helena, Santa Lúcia, Santa Terezinha de Itaipu, São João, São Jorge do Patrocínio, São José da Boa Vista, São Manoel do Paraná, São Mateus do Sul, São Miguel do Iguaçu, São Pedro do Iguaçu,  São Pedro do Ivaí, São Pedro do Paraná, São Sebastião da Amoreira, São Tomé, Saudade do Iguaçu, Serranópolis do Iguaçu, Sertaneja, Sertanópolis, Siqueira Campos, Sulina, Tamboara, Tapejara, Tapira, Terra Boa, Terra Rica, Tomazina, Tunas do Paraná, Tuneiras do Oeste, Ubiratã, Umuarama, Uniflor, Uraí, Vera Cruz do Oeste, Vila Alta, Vitorino, Wenceslau Braz e Xambrê; As empresas dos municípios abaixo, da categoria de VASSOURAS, não são abrangidas por esta Convenção Coletiva de Trabalho Ângulo; Assaí; Bela Vista do Paraíso; Bom Sucesso; Centenário do Sul; Florestópolis; Guaraci; Ibiporã; Iguaraçu; Jaguapitã; Jataizinho; Kaloré; Marilândia do Sul; Marumbi; Mauá da Serra; Miraselva; Munhoz de Mello; Novo Itacolomi; Rancho Alegre; Rio Bom; Santa Fé; São Sebastião da Amoreira; Sertanópolis e Uraí. BASE TERRITORIAL DA FEDERAÇÃO DOS TRABALHADORES NAS INDÚSTRIAS DA CONSTRUÇÃO E DO MOBILIÁRIO DO ESTADO DO PARANÁ – FETRACONSPAR: Farol; BASE TERRITORIAL DO SINDICATO DOS OFICIAIS MARCENEIROS E TRABALHADORES NAS INDÚSTRIAS DE SERRARIAS, MÓVEIS DE MADEIRAS, MÓVEIS DE JUNCO E VIME, DE VASSOURAS, ESCOVAS E PINCÉIS, CORTINADOS E ESTOFOS DO ESTADO DO PARANÁ: Adrianópolis, Almirante Tamandaré, Altamira do Paraná, Altônia, Alvorada do Sul, Andirá, Ângulo, Antônio Olinto, Arapoti, Arapuã, Araucária, Ariranha do Ivaí, Assaí, Balsa Nova, Bandeirantes, Barbosa Ferraz, Barra do Jacaré, Bocaiúva do Sul, Borrazópolis, Brasilândia do Sul, Cafeara, Cambará, Campina Grande do Sul, Campo Largo, Campo Magro, Carlópolis, Centenário do Sul, Cerro Azul, Colombo, Colorado, Contenda, Coronel Domingos Soares, Corumbataí do Sul, Cruzmaltina, Curitiba, Diamante do Oeste, Douradina, Doutor Ulysses, Faxinal, Fênix, Florestópolis, Foz do Iguaçu, Godoy Moreira, Grandes Rios, Guapirama, Guaraci, Icaraíma, Iguatu, Itaguajé, Itambaracá, Itaperuçu, Ivaí, Ivaiporã, Ivaté, Jacarezinho, Jaguapitã, Jardim Alegre, Joaquim Távora, Kaloré, Leópolis, Lidianópolis, Lunardelli, Lupionópolis, Manoel Ribas, Marilândia do Sul, Marumbi, Mauá da Serra, Miraselva, Nossa Senhora das Graças, Nova Santa Bárbara, Nova Tebas, Novo Itacolomi, Palmeira, Pinhais, Pinhalão, Piraí do Sul, Piraquara, Porecatu, Porto Amazonas, Primeiro de Maio, Quatro Barras, Quinta do Sol, Rancho Alegre, Ribeirão Claro, Rio Bom, Rio Branco do Ivaí, Rio Branco do Sul, Rosário do Ivaí, Salto do Itararé, Santa Inês, Santa Mariana, Santana do Itararé, Santo Antônio da Platina, Santo Inácio, São João do Ivaí, São João do Triunfo, São Jorge do Patrocínio, São José da Boa Vista, São Mateus do Sul, São Pedro do Ivaí, Sertaneja, Siqueira Campos, Sulina, Tapira, Tomazina, Tunas do Paraná, Uraí, Vera Cruz do Oeste e Wenceslau Braz; Os trabalhadores dos municípios abaixo, da categoria de VASSOURAS, não são abrangidos por esta Convenção Coletiva de Trabalho Ângulo, Assaí, Centenário do Sul, Florestópolis, Guaraci, Jaguapitã, Kaloré, Marilândia do Sul, Marumbi, Mauá da Serra, Miraselva, Novo Itacolomi, Rancho Alegre, Rio Bom, Uraí, BASE TERRITORIAL DO SINDICATO DOS TRABALHADORES NAS INDÚSTRIAS DE PINCÉIS, PALITOS, ESCOVAS, SERRARIAS, MADEIRAS COMPENSADAS E LAMINADAS, AGLOMERADOS, CHAPAS DE FIBRAS DE MADEIRA, MÓVEIS DE MADEIRA E OFICIAIS MARCENEIROS DE CASTRO: Castro; BASE TERRITORIAL DO SINDICATO DOS TRABALHADORES NAS INDÚSTRIAS DA CONSTRUÇÃO E DO MOBILIÁRIO DE CIANORTE: Araruna, Cafezal do Sul, Cianorte, Cidade Gaúcha, Cruzeiro do Oeste, Esperança Nova, Francisco Alves, Guaporema, Indianópolis, Iporã, Japurá, Jussara, Maria Helena, Nova Olímpia, Pérola, Rondon, São Manoel do Paraná; São Tomé, Tapejara, Terra Boa, Tuneiras do Oeste e Xambrê; BASE TERRITORIAL DO SINDICATO DOS TRABALHADORES NAS INDÚSTRIAS DA CONSTRUÇÃO E DO MOBILIÁRIO DE GUARAPUAVA: Chopinzinho, Honório Serpa, Mangueirinha, Prudentópolis e Saudade do Iguaçu; BASE TERRITORIAL DO SINDICATO DOS TRABALHADORES NAS INDÚSTRIAS MADEREIRAS, MOVELEIRAS E SIMILARES DE JAGUARIAÍVA – SITIM/PR: Jaguariaíva; BASE TERRITORIAL DO SINDICATO DOS TRABALHADORES NAS INDÚSTRIAS DA CONSTRUÇÃO E DO MOBILIÁRIO DE JATAIZINHO E IBIPORÃ: Jataizinho e Ibiporã; Os trabalhadores dos municípios abaixo, da categoria de VASSOURAS, não são abrangidos por esta Convenção Coletiva de Trabalho Jataizinho e Ibiporã; BASE TERRITORIAL DO SINDICATO DOS TRABALHADORES NAS INDÚSTRIAS DA CONSTRUÇÃO E DO MOBILIÁRIO DE LONDRINA: Abatiá, Bela Vista do Paraíso, Congonhinhas, Conselheiro Mairinck, Cornélio Procópio, Jaboti, Japira, Jundiaí do Sul, Nova América da Colina, Nova Fátima, Quatiguá, Ribeirão do Pinhal, Santa Amélia, Santa Cecília do Pavão, Santo Antônio do Paraíso, São Sebastião da Amoreira e Sertanópolis; Os trabalhadores dos municípios abaixo, da categoria de VASSOURAS, não são abrangidos por esta Convenção Coletiva de Trabalho Bela Vista do Paraíso, São Sebastião da Amoreira e Sertanópolis BASE TERRITORIAL DO SINDICATO DOS TRABALHADORES NAS INDÚSTRIAS DA CONSTRUÇÃO E DO MOBILIÁRIO DE MARINGÁ: Atalaia, Bom Sucesso, Campo Mourão, Doutor Camargo, Engenheiro Beltrão, Floraí, Floresta, Flórida, Iguaraçu, Itambé, Ivatuba, Lobato, Mandaguaçu, Munhoz de Mello, Ourizona, Paiçandu, Peabiru, Presidente Castelo Branco, São Carlos do Ivaí, São Jorge do Ivaí, Santa Fé e Uniflor; Os trabalhadores dos municípios abaixo, da categoria de VASSOURAS, não são abrangidos por esta Convenção Coletiva de Trabalho Bom Sucesso; Iguaraçu; Munhoz de Mello e Santa Fé BASE TERRITORIAL DO SINDICATO DOS TRABALHADORES NAS INDÚSTRIAS DA CONSTRUÇÃO E DO MOBILIÁRIO DE PARANAGUÁ: Antonina, Guaratuba, Guaraqueçaba, Matinhos, Morretes, Paranaguá e Pontal do Paraná; BASE TERRITORIAL DO SINDICATO DOS TRABALHADORES NAS INDÚSTRIAS DA CONSTRUÇÃO E DO MOBILIÁRIO DE PARANAVAÍ: Alto Paraná, Amaporã, Cruzeiro do Sul, Diamante do Norte, Guairaçá, Inajá, Itaúna do Sul, Jardim Olinda, Loanda, Marilena, Mirador, Nova Aliança do Ivaí, Nova Esperança, Nova Londrina, Paraíso do Norte, Paranacity, Paranapoema, Paranavaí, Planaltina do Paraná, Porto Rico, Querência do Norte, Santa Cruz do Monte Castelo, Santa Isabel do Ivaí, Santa Mônica, Santo Antônio do Caiuá, São João do Caiuá, São Pedro do Paraná, Tamboara e Terra Rica; BASE TERRITORIAL DO SINDICATO DOS TRABALHADORES NAS INDÚSTRIAS DA CONSTRUÇÃO E DO MOBILIÁRIO DE PATO BRANCO: Bom Sucesso do Sul, Coronel Vivida, Pato Branco, São João e Vitorino; BASE TERRITORIAL DO SINDICATO DOS TRABALHADORES NAS INDÚSTRIAS DE SERRARIAS, CARPINTARIAS, TANOARIAS, MADEIRAS COMPENSADAS E LAMINADOS, AGLOMERADOS E CHAPAS DE FIBRAS DE MADEIRA, MARCENEIROS, INDÚSTRIAS DE MÓVEIS DE MADEIRA, MÓVEIS DE JUNCO E VIME, VASSOURAS, CORTINADOS E ESTOFADOS, ESCOVAS E PINCÉIS DE QUEDAS DE IGUAÇU: Espigão Alto do Iguaçu e Quedas do Iguaçu; BASE TERRITORIAL DO SINDICATO DOS TRABALHADORES NAS INDÚSTRIAS DA CONSTRUÇÃO E DO MOBILIÁRIO DE UBIRATÃ: Boa Esperança, Cafelândia, Campina da Lagoa, Formosa do Oeste, Goio-erê, Iracema do Oeste, Iretama, Janiópolis, Jesuítas, Juranda, Luisiana, Mamborê, Mariluz, Moreira Sales, Nova Aurora, Nova Cantú, Quarto Centenário, Rancho Alegre do Oeste, Roncador e Ubiratã; BASE TERRITORIAL DO SINDICATO DOS TRABALHADORES NAS INDÚSTRIAS DA CONSTRUÇÃO E DO MOBILIÁRIO DE UMUARAMA: Alto Piquiri, Perobal, Umuarama e Alto Paraíso; BASE TERRITORIAL DO SINDICATO DOS TRABALHADORES NAS INDÚSTRIAS DA CONSTRUÇÃO E DO MOBILIÁRIO DE UNIÃO DA VITÓRIA: Bituruna, Clevelândia, Cruz Machado, General Carneiro, Mallet, Mariópolis, Paula Freitas, Paulo Frontin, Porto Vitória e, União da Vitória. BASE TERRITORIAL DO SINDICATO DOS TRABALHADORES NAS INDÚSTRIAS DA MADEIRA E DO MOBILIÁRIO DE CASCAVEL E REGIÃO – SINTRIMMOC: Diamante do Sul e Santa Lúcia; BASE TERRITORIAL DO SINDICATO DOS TRABALHADORES NAS INDÚSTRIAS DA CONSTRUÇÃO E DO MOBILIÁRIO DE MARECHAL CÂNDIDO RONDON: Entre Rios do Oeste, Mercedes, Pato Bragado e Quatro Pontes; BASE TERRITORIAL DO SINDICATO DOS TRABALHADORES NAS INDÚSTRIAS DA CONSTRUÇÃO E DO MOBILIÁRIO DE MEDIANEIRA: Itaipulândia, Ramilândia, Santa Terezinha de Itaipu, São Miguel do Iguaçu e Serranópolis do Iguaçu; BASE TERRITORIAL DO SINDICATO DOS TRABALHADORES NAS INDÚSTRIAS DA CONSTRUÇÃO E DO MOBILIÁRIO DE TOLEDO: Santa Helena e São Pedro do Iguaçu. CLÁUSULA TRIGÉSIMA SEXTA - CRECHE As Empresas que contem com mais de 30 (trinta) mulheres em seu quadro funcional com mais de 16 (dezesseis) anos de idade, devem manter local apropriado para a guarda e vigilância dos filhos de suas empregadas, até que os mesmos completem 01 (um) ano de idade, podendo conceder, alternativamente, o reembolso das despesas havidas com creche, conforme condições adiante consignadas: a)                   O valor do reembolso mensal das despesas corresponderá às despesas havidas e comprovadas com a guarda, vigilância e assistência ao filho(a) registrado(a), até o limite de 20% (vinte por cento) do piso salarial da categoria. b)                  O reembolso será devido, independentemente do tempo de serviço na Empresa e até o(a) filho(a) completar 01 (um) ano de idade ou, antes dessa idade, na ocorrência da cessação do contrato de trabalho. c)                   Na hipótese de adoção legal, o reembolso será devido em relação à(o) adotado(a), a partir da data da apresentação da respectiva comprovação legal à empresa e também até o limite de 01 (um) ano de idade. d)                  Dado seu caráter substitutivo do preceito legal, bem como por ser meramente indenizatório de despesas e não remuneratório, o valor do reembolso não integrará a remuneração para quaisquer efeitos. e)                   O reembolso beneficiará somente aquelas empregadas que estejam em serviço efetivo na empresa.
2012_042462|Other Provisions|Se obrigam as Empresas a manter nos locais de trabalho, estacionamento coberto para bicicletas e motocicletas, desde que tenham espaço físico adequado.
2012_042462|Other Provisions|As Empresas disponibilizarão local adequado para área de lazer de seus Trabalhadores, nos horários de descanso.
2012_042462|Other Provisions|a)                   Havendo a necessidade de deliberação que envolva jornada de trabalho, que compensa os dias anteriores e posteriores aos feriados, bem como outros dias do interesse das partes fica convencionado que, existindo divergência na deliberação a ser tomada, por divisão de opiniões, será considerada válida e certa a proposta que obtenha, através de votação 2/3 (dois terços) dos votos dos Trabalhadores envolvidos. b)    Caberá ao Sindicato Laboral organizar o processo de votação, quando necessário. c)    Os acordos deverão ser, obrigatoriamente, homologados pelo Sindicato Laboral.
2012_042462|Other Provisions|As partes convenentes decidem, por meio deste Instrumento, pela extinção das atividades da Câmara de Conciliação Prévia.
2012_042462|Other Provisions|Desde que solicitado pelo Trabalhador demitido sem justa causa ou demissionário, e que conste nos registros da Empresa, a mesma fornecerá declaração a respeito de cursos por ele concluídos, de sua participação em seminários e congressos, bem como, atividades do ensino profissional.
2012_042462|Other Provisions|Todas as empresas deverão elaborar o PPRA (NR nº 09, Lei nº 6.514 de 22/12/77) e PCMSO (NR nº 07, Portaria nº 08 de 08/05/96), conforme Legislação aplicável, comprometendo-se em encaminhar cópia ao Sindicato Profissional, quando solicitado.
2012_042462|Other Provisions|Fica eleito o foro da Comarca de Curitiba, com preferência sobre qualquer outro por mais especial que seja.
2012_042462|Other Provisions|As partes aqui convenentes, em consonância com o que dispõe a Portaria nº 373 do MTE, publicada no DOU no dia 28 de fevereiro de 2011, e com o intuito de criar meios alternativos para controle de jornada dos trabalhadores, estabelecem que as empresas poderão adotar as seguintes medidas para registro da jornada: a) registro manual; b) registro mecânico; c) registro eletrônico, qualquer que seja o equipamento utilizado, independente de fabricação e modelo. Parágrafo Único: Fica dispensado o registro na entrada e saída do intervalo para alimentação.
2012_042462|Other Provisions|Durante a vigência desta CCT, caso haja alteração na legislação trabalhista, que conflite com cláusulas deste termo, as partes se reunirão para avaliá-las.
2012_042462|Other Provisions|FEDERAÇÃO DOS TRABALHADORES NAS INDÚSTRIAS DA CONSTRUÇÃO E DO MOBILIÁRIO DO ESTADO DO PARANÁ - CNPJ 76.703.347/0001-62; SINDICATO DOS OFICIAIS MARCENEIROS E TRABALHADORES NAS INDÚSTRIAS DE SERRARIAS, MÓVEIS DE MADEIRAS, MÓVEIS DE JUNCO E VIME, DE VASSOURAS, ESCOVAS E PINCÉIS, CORTINADOS E ESTOFOS DO ESTADO DO PARANÁ - CNPJ: 76.686.609/0001-28; SINDICATO DOS TRABALHADORES NAS INDÚSTRIAS DE PINCÉIS, PALITOS, ESCOVAS, SERRARIAS, MADEIRAS COMPENSADAS E LAMINADAS, AGLOMERADOS, CHAPAS DE FIBRAS DE MADEIRA, MÓVEIS DE MADEIRA E OFICIAIS MARCENEIROS DE CASTRO - CNPJ: 00.787.201/0001-80; SINDICATO DOS TRABALHADORES NAS INDÚSTRIAS DA CONSTRUÇÃO E DO MOBILIÁRIO DE CIANORTE - CNPJ: 77.941.284/0001-45; SINDICATO DOS TRABALHADORES NAS INDÚSTRIAS DA CONSTRUÇÃO E DO MOBILIÁRIO DE GUARAPUAVA - CNPJ: 75.643.619/0001-13; SINDICATO DOS TRABALHADORES NAS INDÚSTRIAS MADEREIRAS, MOVELEIRAS E SIMILARES DE JAGUARIAÍVA - CNPJ: 04.239.799/0001-24; SINDICATO DOS TRABALHADORES NAS INDÚSTRIAS DA CONSTRUÇÃO E DO MOBILIÁRIO DE JATAIZINHO E IBIPORÃ - CNPJ: 80.921.513/0001-74; SINDICATO DOS TRABALHADORES NAS INDÚSTRIAS DA CONSTRUÇÃO E DO MOBILIÁRIO DE LONDRINA - CNPJ: 78.635.885/0001-92; SINDICATO DOS TRABALHADORES NAS INDÚSTRIAS DA CONSTRUÇÃO E DO MOBILIÁRIO DE MARINGÁ - CNPJ: 79.147.005/0001-00; SINDICATO DOS TRABALHADORES NAS INDÚSTRIAS DA CONSTRUÇÃO E DO MOBILIÁRIO DE PARANAGUÁ - CNPJ: 78.179.009/0001-07; SINDICATO DOS TRABALHADORES NAS INDÚSTRIAS DA CONSTRUÇÃO E DO MOBILIÁRIO DE PARANAVAÍ - CNPJ: 77.188.571/0001-26; SINDICATO DOS TRABALHADORES NAS INDÚSTRIAS DA CONSTRUÇÃO E DO MOBILIÁRIO DE PATO BRANCO - CNPJ: 80.872.153/0001-68; SINDICATO DOS TRABALHADORES NAS INDÚSTRIAS DE SERRARIAS, CARPINTARIAS, TANOARIAS, MADEIRAS COMPENSADAS E LAMINADOS, AGLOMERADOS E CHAPAS DE FIBRAS DE MADEIRA, MARCENEIROS, INDÚSTRIAS DE MÓVEIS DE MADEIRA, MÓVEIS DE JUNCO E VIME, VASSOURAS, CORTINADOS E ESTOFADOS, ESCOVAS E PINCÉIS DE QUEDAS DE IGUAÇU - CNPJ: 95.587.721/0001-56; SINDICATO DOS TRABALHADORES NAS INDÚSTRIAS DA CONSTRUÇÃO E DO MOBILIÁRIO DE UBIRATÃ - CNPJ: 78.681.483/0001-24; SINDICATO DOS TRABALHADORES NAS INDÚSTRIAS DA CONSTRUÇÃO E DO MOBILIÁRIO DE UMUARAMA - CNPJ: 76.724.780/0001-84; SINDICATO DOS TRABALHADORES NAS INDÚSTRIAS DA CONSTRUÇÃO E DO MOBILIÁRIO DE MARECHAL CÂNDIDO RONDON – CNPJ: 77.804.961/0001-83; SINDICATO DOS TRABALHADORES NAS INDÚSTRIAS DA CONSTRUÇÃO E DO MOBILIÁRIO DE MEDIANEIRA – CNPJ: 77.817.336/0001-76; SINDICATO DOS TRABALHADORES NAS INDÚSTRIAS DA CONSTRUÇÃO E DO MOBILIÁRIO DE TOLEDO – CNPJ: 78.684.560/0001-08; SINDICATO DOS TRABALHADORES NAS INDÚSTRIAS DA MADEIRA E DO MOBILIÁRIO DE CASCAVEL E REGIÃO – SINTRIMMOC – CNPJ: 73.590.457/0001-77 e SINDICATO DOS TRABALHADORES NAS INDÚSTRIAS DA CONSTRUÇÃO E DO MOBILIÁRIO DE UNIÃO DA VITÓRIA - CNPJ: 81.646.564/0001-06.
2012_042462|Other Provisions|Faz parte integrante da presente CCT o ANEXO I que contém Cláusulas com direitos dos Trabalhadores previstos pela Legislação Laboral vigente.   ANEXO I CONVENÇÃO COLETIVA DE TRABALHO 2012/2013  1 - FERRAMENTAS a)                   É de responsabilidade das Empresas o fornecimento de todas as ferramentas necessárias para o desenvolvimento do trabalho, ficando proibida a exigência de qualquer ferramenta por parte do Empregador. b)                  Os Trabalhadores se obrigam ao uso devido, a manutenção e limpeza adequada das ferramentas que receberem. As ferramentas deverão ser substituídas pelas Empresas, sempre que apresentarem desgastes ou defeitos que possam comprometer a segurança do Trabalhador. c)                   Para solicitação de substituição das ferramentas, deverão os Trabalhadores devolver aquelas até então utilizadas, efetuando também a devolução por ocasião de rescisão ou extinção do contrato de trabalho. d)                  Não se permite o desconto salarial por quebra de ferramentas, salvo nas hipóteses de dolo, culpa ou recusa da apresentação das ferramentas danificadas.  2 - EQUIPAMENTOS DE PROTEÇÃO INDIVIDUAL (EPI's) a)                   A Empresa fornecerá aos Trabalhadores os EPI necessários, a serem utilizados nos locais de trabalho e serviços onde os Equipamentos de Proteção Coletiva não eliminem por completo os riscos e agressões ambientais. b)                  Os EPI's deverão ser adaptados de acordo com a necessidade do usuário, em caso de eventual deficiência física. c)                   Os Trabalhadores se obrigam ao uso devido, a manutenção e limpeza adequada dos EPI's. d)                  Os Equipamentos de Proteção Individual deverão ser substituídos pela Empresa, sempre que apresentarem desgastes ou defeitos que possam comprometer a segurança ou a saúde do Trabalhador. e)                   Para solicitação de substituição dos EPI's, deverão os Trabalhadores devolver aqueles até então utilizados efetuando também a devolução por ocasião da rescisão ou extinção do contrato de trabalho. f)                    Os EPI's fornecidos pela Empresa deverão possuir Certificado de Aprovação e possibilitar condições de conforto no uso pelos Trabalhadores. g)                  Não se permite o desconto salarial por dano nos EPI's, salvo nas hipóteses de dolo, culpa, ou recusa de apresentação dos equipamentos danificados.  3 - UNIFORMES a)                   A Empresa fornecerá ao Trabalhador, gratuitamente, o uniforme necessário para o desenvolvimento do trabalho. b)                  Os Trabalhadores se obrigam ao uso devido, a manutenção e limpeza adequada dos uniformes que receberem. c)                   Os Uniformes deverão ser substituídos pela Empresa, sempre que apresentarem desgastes ou defeitos que possam comprometer a segurança ou a saúde do Trabalhador. d)                  Para solicitação de substituição dos Uniformes, deverão os Trabalhadores devolver aqueles até então utilizados, efetuando também a devolução por ocasião da rescisão ou extinção do contrato de trabalho. e)                   Os uniformes deverão possibilitar aos Trabalhadores plenas condições de conforto. f)                    Não se permite o desconto salarial por dano nos uniformes, salvo nas hipóteses de dolo, culpa ou recusa de apresentação das peças danificadas. g)                  As empresas poderão, a seu critério, disponibilizar a seus empregados vestiários, que serão de uso facultativo. O tempo despendido pelos trabalhadores que optarem pelo uso destas instalações para troca de uniforme e higiene pessoal não será computado na jornada de trabalho.  4 - COMPROVANTES DE PAGAMENTO As Empresas fornecerão obrigatoriamente aos Trabalhadores, os comprovantes de pagamento (envelopes ou recibos), especificando o nome da Empresa, do Trabalhador, e as parcelas a qualquer título, de forma discriminada, o valor do recolhimento do FGTS e os descontos efetuados.  5 - RECEBIMENTO E ENTREGA DA CTPS As Empresas procederão às anotações na Carteira de Trabalho e Previdência Social dos Trabalhadores no prazo de 48 (quarenta e oito) horas, fornecendo recibo por ocasião de sua apresentação e entrega, bem como, de outros documentos.  6 - EXAMES MÉDICOS As despesas correspondentes aos exames médicos admissional, demissional ou periódico serão de responsabilidade das Empresas, devendo ser realizados preferencialmente por médicos do trabalho, não coincidindo com o gozo de férias do Trabalhador e nem com o período de redução do aviso prévio. Parágrafo Primeiro: Quando do retorno do Empregado afastado por mais de 30 (trinta) dias, independente do motivo de afastamento no regresso a Empresa deverá realizar o exame médico. Parágrafo Segundo: Cópia do resultado dos exames deverá ser fornecida ao Empregado, que confirmará o recebimento assinado os originais.  7 - CIPA Serão observadas as seguintes disposições relativas à CIPA. 1)                   As Empresas com mais de 20 (vinte) Trabalhadores deverão constituir CIPA, de acordo com o dimensionamento previsto no quadro I da NR.5. 2)                   As Empresas com menos de 20 (vinte) Trabalhadores deverão designar um responsável pelo cumprimento dos objetivos da NR.5. 3)                   A eleição da CIPA será convocada no prazo mínimo de 60 (sessenta) dias antes do término do mandato em curso. 4)                   A empresa remeterá ao Sindicato Laboral, em 03 (três) dias após a convocação, cópia do edital que convocou a eleição da CIPA, liberando à mesma participação no evento. 5)                   O presidente e o vice-presidente da CIPA constituirão dentre seus membros, no prazo mínimo de 55 (cinqüenta e cinco) dias antes do término do mandato em curso, a comissão eleitoral (CE), que será a responsável pela organização e acompanhamento do processo eleitoral. 6)                   Nos estabelecimentos onde não houver CIPA a comissão eleitoral será constituída conjuntamente pela Empresa e pelo Sindicato Laboral. 7)                   O processo eleitoral observará as seguintes condições: a)                   Publicação e divulgação do edital em locais de fácil acesso e visualização pelos Trabalhadores, no prazo mínimo de 60 (sessenta) dias antes do término do mandato em curso, contendo o local e o prazo para inscrição dos trabalhadores interessados. b)                  Inscrição e eleição individual, sendo que o período mínimo para inscrição será de 15 (quinze) dias. c)                   Liberdade de inscrição para todos os Trabalhadores do estabelecimento, independente de setores ou locais de trabalho, com fornecimento de comprovante. d)                  Garantia de emprego para todos os inscritos até a eleição. e)                   Realização da eleição no prazo mínimo de 30 (trinta) dias antes do término do mandato da CIPA, quando houver. f)                    Realização da eleição em dia normal de trabalho, respeitando os horários de turnos e em horário que possibilite a participação da maioria dos Trabalhadores. g)                  Voto secreto. h)                  Apurarão dos votos, em horário normal de trabalho, com acompanhamento de representante da Empresa e dos Trabalhadores, em número a ser definido pela comissão eleitoral. i)                    Faculdade de eleição por meios eletrônicos. j)                    Guarda pela Empresa, de todos os documentos relativos à eleição, por um período mínimo de 05 (cinco) anos. 8)                   Havendo participação inferior a 50% (cinqüenta por cento) dos Trabalhadores na votação, não haverá a apuração dos votos e a comissão eleitoral deverá organizar outra votação, a qual ocorrerá no prazo máximo de 10 (dez) dias. 9)                   A Empresa garantirá aos membros efetivos da CIPA, representantes dos Trabalhadores, em conjunto ou separadamente, 01 (uma) hora por semana, dentro do período normal de trabalho, para a realização de inspeção de higiene e segurança no trabalho, no âmbito da Empresa. 10)                A Empresa enviará ao Sindicato Laboral, após a eleição, cópia da ata de posse da nova diretoria, no prazo de 14 (quatorze) dias. 11)                A Empresa comunicará ao Sindicato Laboral, com antecedência mínima de 15 (quinze) dias, a realização da Semana Interna de Prevenção de Acidentes, liberando ao mesmo plena participação. 12)                É vedada a dispensa arbitrária ou sem justa causa do Trabalhador eleito como membro para cargo de direção da Comissão Interna de Prevenção de Acidentes, titular ou suplente, desde o registro de sua candidatura até um ano após o final de seu mandato.  8 - TRANSPORTES DE ACIDENTADOS, DOENTES E PARTURIENTES Obriga-se o empregador a transportar, de maneira adequada, o empregado, com urgência para local apropriado, em caso de acidente, mal súbito ou parto, desde que ocorra no horário de trabalho.  9 - TURNOS ININTERRUPTOS DE TRABALHO Ressalvada a não redução de salários, fica assegurado o trabalho em turnos ininterruptos de revezamento, com jornadas de 06 (seis) horas diárias. Alteração da referida jornada, deverá ser precedida de acordo entre as empresas e os trabalhadores diretamente atingidos, com assistência do Sindicato Laboral, para o estabelecimento das condições de trabalhos.  10 - AMAMENTAÇÃO Para a amamentação do próprio filho, de até 06 (seis) meses de idade, a mulher terá direito a 02 (dois) períodos de 30 (trinta) minutos diários, nos horários que melhor lhe convier.    
2012_042489|Other Provisions|As empresas complementarão na rescisão contratual de seus empregados eventuais diferenças do IGP-DI/FGV, acumuladas à partir da última data-base ou data de admissão, até o mês da rescisão contratual, os valores referentes às verbas rescisórias.
2012_042489|Other Provisions|As entidades convenentes poderão renegociar durante a vigência desta Convenção Coletiva de Trabalho, as possíveis perdas salariais, e forma de reajuste do mesmo. 
2012_042489|Other Provisions|As horas extraordinárias trabalhadas até o limite de 02 (duas) horas diárias, de segunda a sábado, terão acréscimo de 100% (cem por cento) Parágrafo Único: fica proibida a prorrogação da jornada de trabalho do empregado estudante.
2012_042489|Other Provisions|A cada 6 (seis) dias de trabalho, haverá uma folga (repouso remunerado) que recairá preferivelmente aos domingos.
2012_042489|Other Provisions|Assegura-se a freqüência livre dos dirigentes sindicais para participarem de assembléias, reuniões, cursos e congressos sindicais. 
2012_042489|Other Provisions|Não pode haver desconto de qualquer parcela  de salário do empregado correspondente a cheque não compensado ou sem fundos.
2012_042489|Other Provisions|O empregado que rescindir espontaneamente seu contrato de trabalho, antes de completar 1(um) ano de serviço, será pago férias proporcionais na mesma proporção do décimo terceiro salário, ou seja 01/12 ao mês.
2012_042489|Other Provisions|O início das férias coletivas ou individuais, não poderá coincidir com sábado, domingo, feriados ou dia de compensação de repouso semanal. Parágrafo Primeiro – o empregado estudante, menor de 18 (dezoito) anos, terá direito a fazer coincidir suas férias com as férias escolares. Parágrafo Segundo – quando marido e mulher trabalharem na mesma empresa deverá esta conceder as férias a ambos de forma conjunta.
2012_042489|Other Provisions|Fica vedada a dispensa da gestante, desde a concepção até 120 (cento e vinte) dias após o término do benefício previdenciário
2012_042489|Other Provisions|É garantido as mulheres, no período de amamentação, o recebimento do salário sem prestação de serviços, quando o empregado não cumprir as determinações dos §§ 1 e 2 do art. 389 da CLT.
2012_042489|Other Provisions|Será garantido o emprego o salário ao trabalhador, durante os 48 meses, imediatamente anterior a sua aposentadoria.
2012_042489|Other Provisions|A partir do conhecimento pelo empregado, de seu alistamento ao serviço militar, terá o mesmo estabilidade no emprego até 90(noventa) dias após a dispensa ou baixa.
2012_042489|Other Provisions|Será abonada as faltas do empregado estudante e vestibulandos nos horários de exames regulares ou vestibulares, quando coincidirem com o horário de trabalho para realização das provas.
2012_042489|Other Provisions|No caso de necessidade de consulta médica e filho(a) até 14 anos de idade ou inválido com qualquer idade, mediante comprovação médica, a mãe empregada terá sua falta abonada e remunerada.
2012_042489|Other Provisions|Os atestados médicos e odontológicos fornecidos pôr profissionais do INSS, particularidades ou do sindicato profissional, serão aceitos pelas empresas.
2012_042489|Other Provisions|Obriga-se o empregador a providenciar o transporte do empregado, com urgência e segurança, para local apropriado, em caso de acidente, mal súbito ou parto, desde que ocorram no horário de trabalho ou em conseqüência deste.  
2012_042489|Other Provisions|Os intervalos para lanche de 15(quinze) minutos, serão computados como tempo de serviço na jornada diária do empregado
2012_042489|Other Provisions|É obrigatória utilização de cartão ponto mecanizado ou livro ponto preenchido pelo empregado, para o efetivo controle do horário de trabalho, afim de que possibilite o real pagamento das horas trabalhadas além da jornada normal, independente do número de empregados na empresa.
2012_042489|Other Provisions|Por ocasião do reajuste salarial e quando da admissão, não poderá o empregado mais antigo receber salário inferior ao empregado mais novo na mesma função, devendo, neste caso ser efetuada a equiparação salarial na forma da lei.
2012_042489|Other Provisions|A empresa fornecerá vale, para aquisição de remédios, desde que o empregado comprove, por receita médica o preço do produto, não podendo ultrapassar o valor da remuneração mensal do empregado.
2012_042489|Other Provisions|Enquanto pendurar a substituição, o empregado substituto fará jus ao salário contratual do empregado substituído.
2012_042489|Other Provisions|As empresas pagarão 1% (um por cento) ao dia sobre o salário vencido, no caso de mora salarial, após o 5° (quinto) dia útil do mês subseqüente ao vencido. Parágrafo Único – Na hipótese de o 5°(quinto) dia coincidir  com dia de sábado, domingo ou feriado, o pagamento do salário deverá ser efetuado obrigatoriamente anterior, e em tempo hábil para o desconto de cheque, se for o caso. 
2012_042489|Other Provisions|As empresas que não efetuarem o pagamento da 1° (primeira) parcela do 13° salário entre os meses de fevereiro e novembro de cada ano, e a 2° (segunda) parcela até do dia 20 de dezembro de cada ano, terão que pagá-los acrescido de multa de 1%(um por cento), por dia de atraso, independentemente da multa prevista pela lei.
2012_042489|Other Provisions|A cada período de 5 (cinco) anos de trabalho na mesma empresa, contando de sua admissão, terá o empregado o direito ao recebimento adicional em percentual acumulável de 2% (dois por cento) a título de qüinqüênio aplicável sobre o salário mensal recebido.
2012_042489|Other Provisions|As empresas que não efetuam o pagamento de salários em moeda corrente nacional devem proporcionar aos seus empregados tempo hábil para recebimento, dentro o expediente bancário.
2012_042489|Other Provisions|O 13° salário do empregado comissionista será pago com base na maoir remuneração percebida durante o  ano.
2012_042489|Other Provisions|Fica estabelecido a obrigatoriedade do fornecimento de vale transporte a todos os empregados abrangidos por esta convenção coletiva de trabalho, no seu valor integral.
2012_042489|Other Provisions|O pagamento de salário ao empregado analfabeto deverá ser efetuado na presença de 2 testemunhas.
2012_042489|Other Provisions|As empresas ficam obrigadas a fornecer cópia  a seus empregados do envelope mensal de pagamentos ou documento equivalente, contendo, além da identificação da empresa, discriminação de todos os valores pagos e descontados, inclusive para a previdência Social e ao FGTS.
2012_042489|Other Provisions|As empresas ficam obrigadas a promover a anotação na carteira de trabalho (CTPS) da função efetivamente exercida pelo empregado, de acordo com a classificação brasileira de ocupação (CBO) além de anotar as comissões e gratificações. Parágrafos Único - A CTPS será obrigatoriamente apresenta, contra recibo, pelo empregado á empresa que o admitir, a qual terá o prazo improrrogável de 48 (quarenta e oito) horas para nela anotar especificamente, a data de admissão, a remuneração e condições especiais se houver, sob pena de pagar uma indenização correspondente à 1 (um) dia de salário, por dia de atraso, pela retenção de sua carteira profissional (CPTS), após o prazo de 48 (quarenta e oito) horas, limitada ao valor de 6 (seis)meses do salário do empregado.
2012_042489|Other Provisions|O empregador se obriga a entregar a segunda via do contrato de trabalho, ao empregado.
2012_042489|Other Provisions|O empregado que for readmitido até 24(vinte e quatro) meses após a sua demissão ficará vedado e desobrigado de firmar contrato de experiência. Parágrafo Único - o contrato de experiência fica suspenso a concessão do benefício previdenciário completando-se o tempo nele previsto após a cessação do benefício referido. 
2012_042489|Other Provisions|Quando a empresa exigir de seus empregados o uso de uniformes e calçados, estes deverão ser fornecidos gratuitamente.
2012_042489|Other Provisions|As empresas manterão assentos para seus empregados nos locais que possam ser utilizados durante as pausas verificadas no serviço e em especial, nos intervalos de atendimentos da clientela.
2012_042489|Other Provisions|As empresas que não mantenham convênio com creches ou instituições análogas, reembolsarão aos seus empregados que tenham a guarda dos filhos, inclusive adotivos, com idade até 7(sete) anos, inclusive, as despesas integrais efetuados com pagamento de creches ou instituições análogas, de sua livre escolhas.
2012_042489|Other Provisions|O direito ao recebimento de indenização adicional estabelecido no artigo 9° da lei n° 7238/84, fica estendido ao período de 60(sessenta) dias antes da data da correção salarial (data Base). 
2012_042489|Other Provisions|As empresas pagarão aos dependentes do empregado falecido, o valor de 1,5(um virgula cinco) salários mínimos, quando do acerto da rescisão do contrato de trabalho.
2012_042489|Other Provisions|Os cursos e reuniões quando de comparecimento obrigatório devem ser realizados durante a jornada ordinária, ou se fora dela, mediante o pagamento do período da sua duração na modalidade de horário extraordinário.
2012_042489|Other Provisions|Colocação de quadros de aviso, sob responsabilidade da entidade sindical no âmbito da empresa, para a afixação de editais, avisos e notícias sindicais.
2012_042489|Other Provisions|Sempre que houver eleição para a cipa, deverá ser comunicado por escrito a esta entidade sindical profissional, com antecedência de 90 (noventa) dias, para acompanhamento, em todo o processo, por representante do sindicato profissional. 
2012_042489|Other Provisions|O trabalho noturno será pago com adicional de 30% (trinta por cento) a incidir sobre o salário da hora normal das 22:00 e ás 05:00 horas.
2012_042489|Other Provisions|Aos empregados aposentados voluntariamente que tiverem seu contrato rescindido por dispensa sem justa causa, quando já se encontra no gozo da aposentadoria, será pago pelos empregadores, a indenização de 40% (quarenta por cento) sobre todos os depósitos efetuados do FGTS, considerando toda a contratualidade, devidamente atualizado na forma da lei.
2012_042489|Other Provisions|Fica estabelecido a antecipação do percentual de 50% (cinqüenta por cento) do 13° salário dos empregados que requeiram até 10(dez) dias antes do início das férias.
2012_042489|Other Provisions|Os exames admissionais, periódicos, de retorno ao trabalho, de mudança de função e demissional dos trabalhadores, exigidos pela Norma Regulamentadora (NR7), serão custeados pelo empregador, sendo executado por médico especializado em medicina do trabalho. Parágrafo único – Os exames laboratoriais, desde que exigidos pelo empregador, devem ser pagos por este e realizados em locais por ele indicado.
2012_042489|Other Provisions|O empregado que sofrer acidente de trabalho tem garantia de emprego e salário por período mínimo de 12(doze)meses, de seu contrato de trabalho na empresa empregadora, após a cessação ao auxílio-doença acidentário, independente de percepção de auxílio acidente, na forma do artigo 118 da lei 8213 de 24 de julho de1991.
2012_042489|Other Provisions|Fica garantida a estabilidade no emprego ao empregado sob auxílio-doença comum, até 120 (cento e vinte) dias após alta médica previdenciária.
2012_042489|Other Provisions|Serão consideradas ausências justificadas ao serviço sem prejuízo remunerado, as ausências dos empregados nas seguintes condições: Por falecimento dos cônjuges, pai, mãe: 05 dias; Por falecimento do sogro(a), genro, nora, neto(a), tio(a), cunhado(a), sobrinho(a): 03 dias.
2012_042489|Other Provisions|O empregado(a) em caso de casamento terá licença remunerada de10(dez) dias consecutivos.
2012_042489|Other Provisions|Cláusula 01 – Com fundamento no art.8°, inciso IV da Constituição Federal, combinando com o art. 513, letra "e" da CLT e conforme decisão do STF – Supremo Tribunal Federal – todos os integrantes da categoria profissional, sindicalizados ou não, contribuirão para a manutenção dos benefícios e serviços prestados pelo sindicato profissional, com o percentual de 4% (quatro por cento) a ser aplicada sobre os salários já reajustados pela presente Convenção Coletiva de Trabalho, nos meses de maio/2012, agosto/2012 e novembro/2012, desconto este a ser procedido em folhas de pagamento e recolhido pelos empregadores ao sindicato profissional, através de guias próprias. Parágrafo Primeiro - O direito a oposição deverá ser observado até o último dia útil dos meses imediatamente anteriores ao desconto, com a presença do empregado diretamente no sindicato profissional formalizando através de carta feita de próprio punho. OBS: Não será aceita em hipótese alguma oposição por correspondência e/ou procuração. Parágrafo Segundo – As empresas enviarão ao FETRATUH – SC, até o dia 30 do mês subseqüente ao do desconto, a relação dos empregados contribuintes.
2012_042489|Other Provisions|As empresas pagarão multa equivalente ao maior piso salarial da categoria profissional, por empregado, por infração, por mês, pelo não cumprimento de qualquer das cláusulas desta Convenção Coletiva de Trabalho, sendo seu valor revertido para  os cofres da entidade sindical profissional Parágrafo único – a multa nas mesmas condições será devida pelo não cumprimento das seguintes condições legais: a)             Não concessão de lugar apropriado onde seja permitido às empregadas guardar sob vigilância e assistência os seus filhos no período de amamentação; b)            Não entrega aos empregados dos extratos do FGTS fornecidos pelos bancos depositários; c)             Não cadastramento no PIS ou omissão do nome do empregado na RAIS; d)            Não concessão do vale- transporte
2012_042489|Other Provisions|As empresas que compõe a categoria econômica, associadas ou não, recolherão em favor do SINDICATO DOS INSTITUTOS DE BELEZA CABELEIREIROS E SIMILARES DE BALNEÁRIO CAMBORIÚ, em única parcela no mês de agosto de 2012 em guia próprio a título de contribuição confederativa patronal  à conta n° 1361/9 da Caixa Econômica Federal, agência 0921 em Balneário Camboriu – SC para manutenção dos serviços assistenciais da entidade e de acordo com i art.8°, inciso IV da Constituição Federal, conforme valores abaixo: Salão de beleza e academias sem empregados...............................................R$  66,00 Salão de beleza e academias com até 05 empregados....................................R$  130,00 Salão de beleza e academias com mais de 08 empregados............................R$ 175,00 Parágrafo único - A contribuição acima referida deve ser recolhida até o dia 15 de setembro de 2012   sendo que após esta data as empresas, inadimplentes estarão sujeitas a multa não compensatória de 2% (dois por cento) sobre o valor respectivo e juros de mora sem prejuízo de eventual cobrança judicial. 
2016_082062|Other Assistances|ASSISTÊNCIA JURÍDICA: A empresa proporcionará assistência jurídica integral ao empregado que for indiciado em inquérito criminal ou responder a ação penal por ato praticado no desempenho normal das suas funções e na defesa do patrimônio da empresa.
2016_082062|Other Assistances|HOMOLOGAÇÃO – O ato de assistência na rescisão contratual será sem ônus para o trabalhador e empregador, obedecidos ao dia e hora designados pelo sindicato profissional para a realização do ato.  Parágrafo 1º - Se, por conveniência do empregador, este desejar ser atendido de forma especial, em caráter urgente, em dia e hora de sua preferência, ficará sujeito ao pagamento de uma taxa retributiva a serem fixadas de comum acordo entre os sindicatos representativos de ambas as categorias, destinada a despesas do setor de homologação.  Parágrafo 2º - A homologação da rescisão contratual deverá ocorrer até 15 (quinze) dias da rescisão do contrato, independente da causa, ou seja, pedido de demissão dispensa com justa causa, sob pena da multa prevista no paragrafo 8º do artigo 477 da CLT.  Parágrafo 3º - Caso não seja possível realizar a homologação no prazo do parágrafo anterior, por impedimento ou recusa sem fundamento legal do órgão assistente, ou por ausência do empregado que comprovadamente foi convidado por escrito pelo empregador para o ato, será fornecido atestado à empresa que ficará isenta do pagamento da multa prevista nesta Cláusula.
2016_082062|Other Assistances|PLANO DE RENDA COMPLEMENTAR: As entidades sindicais convenentes se comprometem a divulgar e incentivar junto às empresas e empregados integrantes de suas respectivas categorias, o Plano Fecomércio Renda Complementar, administrado pela Fundação Fecomércio de Previdência Associativa e gerido por representantes de empregados e empregadores.  Parágrafo único - O Plano a que se refere o caput desta cláusula destina-se a empregados e empregadores, bem como a seus respectivos familiares, que pretendam dispor de um rendimento complementar à aposentadoria oficial.
2015_043120|Other Specific Groups|A empresa fornecera devidamente preenchido o atestado de afastamento e salário (AAS), quando solicitado por escrito pelo empregado, nos seguintes prazos máximos: a) Para obtenção de auxílio-doença: 5 (cinco) dias úteis; b) Para fins de aposentadoria: 10 (dez) dias úteis; c) Para fins de obtenção de aposentadoria especial: 30 (trinta) dias úteis;
2015_043120|General Assurances|Ficam asseguradas as condições mais favoráveis ora existentes em cada empresa, decorrentes de acordos individuais ou coletivos, ou por liberalidade da empresa. 
2015_043120|Other Provisions|A empresa reconhece a legitimidade extraordinária da Entidade do Sindicato profissional respectiva para ingressar em juízo, em nome da Entidade Sindical e dos trabalhadores, associados ou não, independentemente de instrumento de procuração, com a ação de cumprimento, objetivando as ações sobre representação sindical, controvérsias em casos de falta de pagamento da contribuição sindical e as controvérsias decorrentes da relação de trabalho, para valer às cláusulas 01ª a 65ª.  
2015_043120|Other Provisions|Será competente a Justiça do Trabalho para dirimir quaisquer divergências surgidas na aplicação do presente Acordo, conforme artigo 114 da Constituição Federal e artigo 643 da CLT.  Por estarem justas e acertadas e para que produza seus jurídicos e legais efeitos, assinam as partes acordada o presente Acordo Coletivo de Trabalho em 04 (quatro) vias, comprometendo-se, consoante dispõe o artigo 614 da CLT a promover o depósito de 1 (uma) via da mesma, para fins de registro e arquivo, na Delegacia Regional do Trabalho em Piracicaba/SP.
2012_032551|Other Specific Groups|Todas as advertências aos empregados deverão ser por escrito e discriminada detalhadamente.
2012_032551|Other Specific Groups|A(s) empresa(s) deverá (ão) preencher os formulários exigidos pelo INSS, quando solicitado para fins de benefícios previdenciários dos trabalhadores no prazo máximo de 05 (cinco) dias, sendo que a inobservância de tal prazo acarretará multa de 10% (dez por cento) do valor do salário mínimo em favor do empregado.
2015_043084|Other Assistances|Os empregadores manterão sistema de convênio com farmácias ou drogarias, para a compra, por parte de seus empregados, de medicamentos, até um valor mensal equivalente a 20% (vinte por cento) do piso salarial.  Parágrafo Primeiro - O valor dos medicamentos adquiridos pelos trabalhadores será descontado em folha, desde que previamente autorizado por escrito, devendo o respectivo valor ser discriminado, especificamente, no recibo de pagamento.  Parágrafo Segundo - Desde que atendidas as exigências da presente cláusula e debitado o valor exato da compra, ficam inteiramente atendidos os requisitos do artigo 462 da CLT para fins de legalidade destes descontos nos salários dos obreiros.
2015_043084|Other Provisions|Os empregados de empresas que mantenham, concomitantemente, a atividade de venda de combustíveis e a de estacionamento, garagem e/ou lavagem serão beneficiados pelo presente acordo.
2015_043084|Other Provisions|A Carteira do Trabalho e Previdência Social (CTPS) de todo o empregado deverá, obrigatoriamente, ser anotada até 48 (quarenta e oito horas) após a celebração do Contrato de Trabalho.  Parágrafo Único - É, igualmente, obrigatória a anotação do contrato de experiência bem como sua prorrogação, se houver, sob pena de tê-lo como por tempo indeterminado.
2015_043084|Other Provisions|Os empregadores ficam obrigados a pagar seus empregados mediante recibos de salários, com discriminação específica de todas as parcelas relativas ao pacto laboral.
2015_043084|Other Provisions|Nas empresas que autorizem o recebimento de cheques os empregados deverão anotar no seu verso, a placa do veículo, o número da carteira de identidade do emitente e, se houver, o seu telefone, bem como conferir que estejam assinados e preenchidos corretamente todos os espaços próprios, cujo valor deverá corresponder ao valor da venda e/ou serviço prestado.  Parágrafo Primeiro - Em caso de devolução do cheque, sem que tenham sido observadas as formalidades previstas no caput, os empregados poderão ser responsabilizados.  Parágrafo Segundo - Quando a eventual devolução de cheques sem pagamento ou compensação ocorrer por insuficiência de fundos ou encerramento de conta, a responsabilidade será exclusiva do empregador, não podendo, em nenhuma hipótese, proceder descontos na remuneração de seus empregados e nem transferir a estes a tentativa de cobrança.  Parágrafo Terceiro - Na hipótese do parágrafo primeiro, havendo desconto nos salários, este deverá ser discriminado expressamente no recibo de pagamento, sob pena de sua ilegalidade.  Parágrafo Quarto - As partes reconhecem que, cumpridas as formalidades e discriminado no recibo de pagamento, este desconto enquadrar-se-á na hipótese do artigo 462 da CLT.
2015_043084|Other Provisions|Nas empresas que autorizem o pagamento por meio de cartões de crédito, o empregado que receber o pagamento deverá rubricar o comprovante da dívida contraída pelo cliente.
2015_043084|Other Provisions|Atendendo o disposto no artigo 613, VIII da CLT, fica estipulada, salvo disposição expressa em contrário, uma multa equivalente a 20% (vinte por cento) do piso salarial, até o limite do principal, pelo descumprimento de cada cláusula prevista nesta convenção que reverterão em 50% (cinqüenta por cento) para o prejudicado e 50% (cinqüenta por cento) para o sindicato que lhe representar.  Parágrafo Primeiro - A aplicação da presente multa fica condicionada ao não cumprimento do dispositivo no prazo fixada pelo Comitê de Supervisão da Convenção previsto na cláusula "Comitê de Supervisão da Convenção" deste instrumento.  Parágrafo Segundo - A multa poderá ser reduzida em virtude da situação sócio-econômica do responsável pelo descumprimento.
2015_043084|Other Provisions|Sem prejuízo do disposto na cláusula "Comitê de Supervisão da Convenção", é competente a Justiça do Trabalho para dirimir as divergências decorrentes da aplicação desta convenção.
2015_043084|Other Provisions|Fica estabelecido entre as partes convenentes que irão negociar até outubro de 2015 alguns itens da pauta patronal e dos empregados.
