contract_id|title|text|clean_text|abon|abrang|aceit|acim|acord|acresc|admit|adquir|aind|aleg|algum|alter|alud|alín|ambos|ano|anos|anteced|antecedent|anterior|anális|aplic|aposent|aposentador|aposentarems|aposentars|apresent|apresentál|aprov|após|aqu|aquisiçã|art|assegur|assistent|atest|ativ|avis|benefici|benefíci|cab|cas|catorz|caus|ccts|cess|cinc|cláusul|comet|complement|complet|compreend|comprobatóri|comprov|comunic|concessã|condiçã|condiçõ|configur|conform|consecut|cont|contag|continu|contrat|contribuiçã|contém|contínu|correspondent|cumpr|cunh|dat|deca|decisã|decorrent|decret|dedic|defer|defin|definit|deix|demissã|demit|depend|desd|desligars|dess|dest|dev|deves|devid|dez|dezoit|dia|diant|dias|dificuldad|direit|discussã|dispens|document|documental|dois|doz|duas|durant|efeit|efet|efetu|emissã|empreg|empregadojornal|empregatíc|empres|encerr|enquadr|entendendos|entendes|entreg|eou|equivalent|escrit|especial|estabelec|estabil|estipul|eventu|excedent|excetuandos|excluíd|exerc|exig|existent|extingu|extinçã|facult|falt|faltant|far|favor|feit|fic|fim|final|firm|forc|formaliz|fornec|fraçã|futur|garant|geral|grav|hipótes|homens|homolog|hábil|idad|igu|igual|ii|imediat|implement|indeniz|inexistent|inicias|ininterrupt|inss|integr|invalidez|judic|judicial|julg|junt|jus|just|justific|leg|legal|legisl|limit|maior|mediant|men|mencion|mens|mes|mesm|modal|moment|motiv|mulh|máxim|mín|mínim|mútu|necessári|nenhum|nest|nominal|normat|notific|nov|novent|nº|obrig|observ|obtençã|ocorr|ocorrent|outr|pag|pagament|paragraf|parcel|part|parágraf|ped|pen|perant|perceb|permanent|períod|pleit|pod|porventur|poss|postul|praz|preenchiment|prejuíz|present|prest|prevalec|prevident|previst|primeir|prorrog|protocol|provisór|proxim|prévi|qualqu|quant|quarent|quart|quatr|receb|reconhec|refer|reintegr|relaçã|remuner|renúnc|requer|rescind|rescisã|rescisõ|respect|ressalv|restant|retr|retroat|reun|salarial|salv|salári|seg|segund|seis|send|serlhes|servic|sessent|signatári|simpl|sindicat|situaçã|situaçõ|sob|sobr|social|solicit|soment|sub|substituíd|sucess|superior|supervenient|surgiment|temp|terceir|term|trabalh|trat|trint|trânsit|três|tácit|términ|títul|ultim|ultrap|velhic|verb|vez|vias|vier|vigor|vincul|vint|víncul|ão|époc|únic
2016_082054|Senior Workforce|- INDENIZAÇÃO AO EMPREGADO DEMITIDO COM 45 ANOS DE IDADE OU MAIS  Os empregados com 45 (quarenta e cinco) anos de idade ou mais, quando forem demitidos sem justa causa receberão uma indenização correspondente a 20 (vinte) dias de salário, acrescido de 1 (um) dia de salário por ano ou fração superior a 6 meses a partir de 45 anos de idade.  Parágrafo Único: Esta cláusula não se aplica aos empregados admitidos a partir de 01.11.98.   |indeniz empreg demit anos idad empreg quarent cinc anos idad demit just caus receb indeniz correspondent vint dias salári acresc dia salári ano fraçã superior mes part anos idad parágraf únic cláusul aplic empreg admit part|0.0|0.0|0.0|0.0|0.0|0.20140207500640464|0.20140207500640464|0.0|0.0|0.0|0.0|0.0|0.0|0.0|0.0|0.15773880485666703|0.23647133591522368|0.0|0.0|0.0|0.0|0.14368237148080973|0.0|0.0|0.0|0.0|0.0|0.0|0.0|0.0|0.0|0.0|0.0|0.0|0.0|0.0|0.0|0.0|0.0|0.0|0.0|0.0|0.0|0.10001910133107215|0.0|0.0|0.12248704878814551|0.11407553470692941|0.0|0.0|0.0|0.0|0.0|0.0|0.0|0.0|0.0|0.0|0.0|0.0|0.0|0.0|0.0|0.0|0.0|0.0|0.0|0.0|0.13219742916021313|0.0|0.0|0.0|0.0|0.0|0.0|0.0|0.0|0.0|0.0|0.0|0.0|0.0|0.4028041500128093|0.0|0.0|0.0|0.0|0.0|0.0|0.0|0.0|0.0|0.0|0.20140207500640464|0.0|0.12248704878814551|0.0|0.0|0.0|0.0|0.0|0.0|0.0|0.0|0.0|0.0|0.0|0.0|0.0|0.0|0.21123679367157538|0.0|0.0|0.0|0.0|0.0|0.0|0.0|0.0|0.0|0.0|0.0|0.0|0.0|0.0|0.0|0.0|0.0|0.0|0.0|0.0|0.0|0.0|0.0|0.0|0.0|0.0|0.0|0.0|0.0|0.0|0.0|0.0|0.0|0.0|0.0|0.0|0.0|0.20140207500640464|0.0|0.0|0.0|0.0|0.0|0.0|0.0|0.0|0.39659228748063935|0.0|0.0|0.0|0.0|0.0|0.26439485832042625|0.0|0.0|0.0|0.0|0.0|0.0|0.0|0.0|0.0|0.0|0.0|0.10665605346375918|0.0|0.0|0.0|0.0|0.0|0.0|0.0|0.0|0.0|0.0|0.0788237786384079|0.0|0.0|0.0|0.0|0.0|0.0|0.0|0.0|0.0|0.0|0.0|0.0|0.0|0.0|0.0|0.0|0.0|0.0|0.0|0.0|0.0|0.0|0.0|0.0|0.0|0.0|0.0|0.0|0.2000382026621443|0.12248704878814551|0.0|0.0|0.0|0.0|0.0|0.0|0.0|0.0|0.0|0.0|0.0|0.0|0.0|0.0|0.0|0.0|0.0|0.0|0.0|0.0|0.0|0.0|0.0|0.0|0.0|0.0|0.0|0.1758606993099507|0.0|0.0|0.14368237148080973|0.0|0.0|0.0|0.0|0.0|0.0|0.0|0.0|0.0|0.0|0.0|0.0|0.0|0.0|0.0|0.0|0.0|0.0|0.17706831802095097|0.0|0.0|0.0|0.0|0.0|0.0|0.0|0.0|0.0|0.0|0.0|0.0|0.0|0.0|0.0|0.0|0.0|0.0|0.0|0.0|0.20140207500640464|0.0|0.0|0.0|0.0|0.0|0.0|0.0|0.0|0.0|0.0|0.0|0.0|0.0|0.0|0.0|0.0|0.0|0.0|0.0|0.0|0.0|0.0|0.12248704878814551|0.0|0.0|0.0|0.14368237148080973
2016_082054|Retirement Assurances|- GARANTIA AO EMPREGADO EM VIAS DE APOSENTADORIA  A) Aos empregados que comprovadamente estiverem a um máximo de 14 (catorze) meses da aquisição do direito à aposentadoria em seus prazos mínimos, e que contem com um mínimo de 5 (cinco) anos de trabalho na mesma empresa, fica assegurado o emprego ou salário durante o período que faltar para aposentarem-se;  B) Aos empregados que comprovadamente estiverem a um máximo de 20 (vinte) meses da aquisição do direito a aposentadoria em seus prazos mínimos, e que contem com mais de 10 (dez) anos de trabalho na mesma empresa, ficará assegurado o emprego ou salário, durante o período que faltar para aposentarem-se;  C) Caso o empregado dependa de documentação para comprovação do tempo de serviço, terá 40 (quarenta) dias de prazo a partir da notificação de dispensa, no caso de aposentadoria simples e de 60 (sessenta) dias no caso de aposentadoria especial;  D) O contrato de trabalho destes empregados somente poderá ser rescindido por mútuo acordo entre o empregado e a empresa ou por pedido de demissão, ambos com assistência do sindicato signatário. |garant empreg vias aposentador empreg comprov máxim catorz mes aquisiçã direit aposentador praz mín cont mínim cinc anos trabalh mesm empres fic assegur empreg salári durant períod falt aposentarems b empreg comprov máxim vint mes aquisiçã direit aposentador praz mín cont dez anos trabalh mesm empres fic assegur empreg salári durant períod falt aposentarems c cas empreg depend document comprov temp servic quarent dias praz part notific dispens cas aposentador simpl sessent dias cas aposentador especial d contrat trabalh dest empreg soment pod rescind mútu acord empreg empres ped demissã ambos assistent sindicat signatári|0.0|0.0|0.0|0.0|0.08220297264592154|0.0|0.0|0.0|0.0|0.0|0.0|0.0|0.0|0.0|0.12523578837920443|0.0|0.09802836500562356|0.0|0.0|0.0|0.0|0.0|0.0|0.23155860450407192|0.25047157675840886|0.0|0.0|0.0|0.0|0.0|0.0|0.14186884145406436|0.0|0.1523297326577958|0.12523578837920443|0.0|0.0|0.0|0.0|0.0|0.0|0.21280326218109655|0.12523578837920443|0.0|0.0|0.0|0.0761648663288979|0.0|0.0|0.0|0.0|0.0|0.0|0.17538161432911187|0.0|0.0|0.0|0.0|0.0|0.0|0.0|0.17868907326819453|0.0|0.0|0.09808510455311831|0.0|0.0|0.0|0.0|0.0|0.0|0.0|0.0|0.0|0.0|0.0|0.0|0.0|0.0|0.0|0.0|0.07093442072703218|0.0|0.10935365647200763|0.0|0.0|0.0|0.09808510455311831|0.0|0.0|0.0|0.10935365647200763|0.0|0.0|0.0|0.1523297326577958|0.0|0.13264168147744948|0.0|0.0761648663288979|0.10935365647200763|0.0|0.0|0.0|0.0|0.16440594529184308|0.0|0.0|0.0|0.0|0.35026989520756857|0.0|0.0|0.12422718285488084|0.0|0.0|0.0|0.0|0.0|0.0|0.0|0.0|0.09808510455311831|0.0|0.0|0.0|0.0|0.0|0.0|0.0|0.0|0.0|0.0|0.0|0.0|0.0|0.13264168147744948|0.0|0.0|0.0|0.0|0.14186884145406436|0.0|0.0|0.0|0.0|0.0|0.0|0.0|0.0|0.06632084073872474|0.0|0.0|0.0|0.0|0.0|0.0|0.0|0.0|0.0|0.0|0.0|0.0|0.0|0.0|0.0|0.0|0.0|0.0|0.0|0.0|0.0|0.0|0.0|0.0|0.0|0.0|0.0|0.0|0.0|0.0|0.0|0.0|0.0|0.0|0.0|0.09802836500562356|0.13264168147744948|0.0|0.0|0.0|0.0|0.16440594529184308|0.1523297326577958|0.0761648663288979|0.12523578837920443|0.0|0.0|0.0|0.0|0.0|0.09808510455311831|0.0|0.0|0.0|0.0|0.0|0.0|0.0|0.0|0.0|0.0|0.0|0.0|0.0|0.062193852808011166|0.0|0.0761648663288979|0.0|0.0|0.0|0.0|0.10383400680110104|0.0|0.0761648663288979|0.0|0.0|0.0|0.21280326218109655|0.0|0.0|0.0|0.0|0.0|0.0|0.0|0.0|0.0|0.0|0.0|0.0|0.0|0.0|0.0|0.10935365647200763|0.0|0.0|0.0|0.0|0.0|0.0|0.0|0.0|0.0|0.0|0.09808510455311831|0.0|0.0|0.0|0.0|0.0|0.0|0.0|0.0|0.0|0.0|0.11010457763967081|0.0|0.0|0.0|0.0|0.0|0.05846053810970397|0.09808510455311831|0.12523578837920443|0.10935365647200763|0.12523578837920443|0.0|0.0|0.0|0.0|0.0|0.0|0.12523578837920443|0.0|0.0|0.0|0.0|0.0|0.0|0.05846053810970397|0.0|0.0|0.1865815584240335|0.0|0.0|0.0|0.0|0.0|0.0|0.0|0.0|0.0|0.0|0.0|0.0|0.09808510455311831|0.0|0.0|0.0|0.0761648663288979|0.0|0.0|0.0|0.0
2012_002993|Retirement Assurances|Fica assegurado aos empregados em geral, sejam homens ou mulheres, em vias de aposentadoria nos prazos mínimos legais, de conformidade com o previsto nos termos do art.188 do Decreto nº. 3.048/99 garantia de emprego, como segue:      TEMPO DE TRABALHO NA MESMA EMPRESA  ESTABILIDADE   20 ANOS OU MAIS  02 ANOS   10 ANOS OU MAIS  01 ANO   05 ANOS OU MAIS  06 MESES   § 1º.: Para concessão das garantias acima, o empregado deverá apresentar comprovante fornecido pelo INSS, nos termos do art.130 do Decreto 3.048/99, que ateste, respectivamente, os períodos de 2 anos, 1 ano ou 6 meses restantes para a implementação do beneficio. A contagem da estabilidade inicia-se a partir da apresentação dos comprovantes pelo empregado, limitada ao tempo que faltar para aposentar-se.   § 2º.: A concessão prevista nesta cláusula, ocorrerá uma única vez, podendo a obrigação ser substituída por uma indenização correspondente aos salários do período não cumprido ou não implementado da garantia, não se aplicando nas hipóteses de encerramento das atividades da empresa e dispensa por justa causa ou pedido de demissão. |fic assegur empreg geral homens mulh vias aposentador praz mín leg conform previst term decret nº garant empreg seg temp trabalh mesm empres estabil anos anos anos ano anos mes concessã garant acim empreg dev apresent comprov fornec inss term decret atest respect períod anos ano mes restant implement benefici contag estabil inicias part apresent comprov empreg limit temp falt aposentars concessã previst nest cláusul ocorr únic vez pod obrig substituíd indeniz correspondent salári períod cumpr implement garant aplic hipótes encerr ativ empres dispens just caus ped demissã|0.0|0.0|0.0|0.10220984378733913|0.0|0.0|0.0|0.0|0.0|0.0|0.0|0.0|0.0|0.0|0.0|0.20441968757467827|0.2553767954778234|0.0|0.0|0.0|0.0|0.09310171176580512|0.0|0.048259251803433996|0.0|0.10220984378733913|0.20441968757467827|0.0|0.0|0.0|0.0|0.0|0.0|0.07936780130916145|0.0|0.11395226825216152|0.11395226825216152|0.0|0.1305022860009359|0.0|0.0|0.0|0.0|0.06480926955220837|0.0|0.0|0.0|0.07391740157374237|0.0|0.0|0.0|0.0|0.0|0.12183791810469481|0.0|0.22790453650432305|0.0|0.0|0.0|0.11395226825216152|0.0|0.0|0.09310171176580512|0.0|0.0|0.0|0.0|0.0|0.08565982603856477|0.10220984378733913|0.0|0.0|0.0|0.0|0.0|0.22790453650432305|0.0|0.0|0.0|0.0|0.0|0.07391740157374237|0.0|0.0|0.0|0.0|0.0|0.0|0.0691098082897904|0.0|0.0|0.0|0.0|0.0|0.0|0.0|0.0|0.0|0.0|0.07936780130916145|0.0|0.0|0.0|0.0|0.0|0.0|0.0|0.0|0.0|0.0|0.18249983744058237|0.0|0.0|0.08630084395646676|0.11395226825216152|0.0|0.0|0.0|0.0|0.0|0.0|0.0|0.0|0.0|0.18620342353161023|0.0|0.0|0.0|0.0|0.0|0.0|0.0|0.0|0.0|0.0|0.0|0.0691098082897904|0.0|0.0|0.0|0.0|0.07391740157374237|0.0|0.0|0.0|0.0|0.0|0.10220984378733913|0.0|0.0|0.2073294248693712|0.11395226825216152|0.0|0.09310171176580512|0.11395226825216152|0.0|0.0|0.0|0.0|0.0|0.0|0.0|0.18620342353161023|0.08565982603856477|0.0|0.11395226825216152|0.0|0.10220984378733913|0.0|0.0|0.0|0.0|0.0|0.0|0.0|0.0691098082897904|0.0|0.11395226825216152|0.0|0.0|0.10220984378733913|0.0|0.0|0.0|0.0|0.0|0.10215071819112935|0.0691098082897904|0.0|0.0|0.0|0.11395226825216152|0.0|0.07936780130916145|0.0|0.0|0.0|0.0|0.11395226825216152|0.0|0.0|0.0|0.0|0.0|0.11395226825216152|0.11395226825216152|0.0|0.0|0.10220984378733913|0.0|0.0|0.0|0.0|0.0|0.0|0.06480926955220837|0.0|0.07936780130916145|0.0|0.0|0.0|0.0|0.10820050264825501|0.0|0.07936780130916145|0.0|0.0|0.0|0.07391740157374237|0.0|0.0|0.0|0.0|0.0|0.0|0.20441968757467827|0.0|0.0|0.0|0.0|0.0|0.0|0.0|0.0|0.0|0.0|0.0|0.0|0.0|0.0|0.0|0.0|0.0|0.0|0.0|0.0|0.0|0.0|0.10220984378733913|0.0|0.11395226825216152|0.0|0.0|0.0|0.0|0.0|0.05736738382496799|0.11395226825216152|0.0|0.0|0.0|0.0|0.0|0.0|0.0|0.0|0.0|0.0|0.0|0.0|0.0|0.0|0.0|0.0|0.0|0.11395226825216152|0.0|0.0|0.0|0.0|0.12183791810469481|0.0|0.20441968757467827|0.06480926955220837|0.0|0.0|0.0|0.0|0.0|0.0|0.0|0.0|0.0|0.0|0.0|0.11395226825216152|0.10220984378733913|0.0|0.0|0.0|0.0|0.0|0.0|0.0|0.09310171176580512
2012_002943|Retirement Assurances|O trabalhador que estiver completando o período para se aposentar deverá comunicar a empresa por escrito com antecedência mínima de 12(Doze) meses para que possa ser feita análise da situação do trabalhador pela empresa. |trabalh complet períod aposent dev comunic empres escrit antecedent mínim doz mes poss feit anális situaçã trabalh empres|0.0|0.0|0.0|0.0|0.0|0.0|0.0|0.0|0.0|0.0|0.0|0.0|0.0|0.0|0.0|0.0|0.0|0.0|0.30287030799365366|0.0|0.30287030799365366|0.0|0.21094929303286478|0.0|0.0|0.0|0.0|0.0|0.0|0.0|0.0|0.0|0.0|0.0|0.0|0.0|0.0|0.0|0.0|0.0|0.0|0.0|0.0|0.0|0.0|0.0|0.0|0.0|0.0|0.0|0.22767267640142638|0.0|0.0|0.0|0.24745224074739636|0.0|0.0|0.0|0.0|0.0|0.0|0.0|0.0|0.0|0.0|0.0|0.0|0.0|0.0|0.0|0.0|0.0|0.0|0.0|0.0|0.0|0.0|0.0|0.0|0.0|0.0|0.0|0.0|0.0|0.0|0.0|0.0|0.0|0.18368488177692888|0.0|0.0|0.0|0.0|0.0|0.0|0.0|0.0|0.0|0.0|0.0|0.0|0.0|0.0|0.22767267640142638|0.0|0.0|0.0|0.0|0.0|0.0|0.0|0.0|0.0|0.22937641865423355|0.0|0.0|0.0|0.0|0.0|0.0|0.0|0.24745224074739636|0.0|0.0|0.0|0.0|0.0|0.0|0.0|0.0|0.0|0.0|0.0|0.0|0.0|0.0|0.0|0.0|0.0|0.0|0.30287030799365366|0.0|0.0|0.0|0.0|0.0|0.0|0.0|0.0|0.0|0.0|0.0|0.0|0.0|0.0|0.0|0.0|0.0|0.0|0.0|0.0|0.0|0.0|0.0|0.0|0.0|0.0|0.0|0.0|0.0|0.0|0.0|0.0|0.0|0.0|0.0|0.0|0.0|0.0|0.0|0.0|0.0|0.0|0.0|0.0|0.0|0.13575166144063747|0.0|0.0|0.0|0.0|0.0|0.0|0.0|0.21094929303286478|0.0|0.0|0.0|0.0|0.0|0.0|0.0|0.0|0.0|0.0|0.0|0.0|0.0|0.0|0.0|0.0|0.0|0.0|0.0|0.0|0.0|0.0|0.0|0.0|0.0|0.0|0.0|0.14379143155635918|0.0|0.0|0.0|0.30287030799365366|0.0|0.0|0.0|0.0|0.0|0.0|0.0|0.0|0.0|0.0|0.0|0.0|0.0|0.0|0.0|0.0|0.0|0.0|0.0|0.0|0.0|0.0|0.0|0.0|0.0|0.0|0.0|0.0|0.0|0.0|0.0|0.0|0.0|0.0|0.0|0.0|0.0|0.0|0.0|0.0|0.0|0.0|0.0|0.0|0.0|0.0|0.0|0.0|0.0|0.0|0.2716604710259239|0.0|0.0|0.0|0.0|0.0|0.0|0.0|0.0|0.0|0.0|0.0|0.0|0.0|0.0|0.0|0.3445092183103382|0.0|0.0|0.0|0.0|0.0|0.0|0.0|0.0|0.0|0.0|0.0|0.0|0.0|0.0|0.0|0.0|0.0|0.0|0.0|0.0|0.0
2016_082084|Retirement Assurances|1. Aos empregados que, contando com mais de 6 (seis) anos de serviços na empresa, estejam a 22 (vinte e dois) meses ou menos para o implemento da aposentadoria, por velhice, tempo de contribuição ou especial, ser-lhes-á garantido o emprego durante o aludido período, salvo cometimento de justa causa devidamente comprovada, ou acordo homologado.  2. Os empregados que, nas condições acima mencionadas, tiverem seus contratos rescindidos sem justa causa, deverão apresentar ao empregador a comprovação documental das condições para aposentadoria por tempo de serviço no prazo de 30 (trinta) dias e para aposentadoria especial no prazo de 60 (sessenta) dias, contados da rescisão do contrato de trabalho, sob pena de não mais poder postular quanto à permanência no emprego e/ou salários do período de garantia, entendendo-se esta como inexistente em decorrência da renúncia tácita configurada. |empreg cont seis anos servic empres vint dois mes men implement aposentador velhic temp contribuiçã especial serlhes garant empreg durant alud períod salv comet just caus devid comprov acord homolog empreg condiçõ acim mencion contrat rescind just caus dev apresent empreg comprov documental condiçõ aposentador temp servic praz trint dias aposentador especial praz sessent dias cont rescisã contrat trabalh sob pen pod postul quant permanent empreg eou salári períod garant entendendos inexistent decorrent renúnc tácit configur|0.0|0.0|0.0|0.10729308680082522|0.0899199804044489|0.0|0.0|0.0|0.0|0.0|0.0|0.0|0.13699260835128071|0.0|0.0|0.0|0.05361551034385357|0.0|0.0|0.0|0.0|0.0|0.0|0.15197804538656723|0.0|0.0|0.10729308680082522|0.0|0.0|0.0|0.0|0.0|0.0|0.0|0.0|0.0|0.0|0.0|0.0|0.0|0.0|0.0|0.0|0.1360649097171308|0.0|0.0|0.0|0.0|0.13699260835128071|0.0|0.0|0.0|0.0|0.1278973319833813|0.0|0.0|0.0|0.1798399608088978|0.13699260835128071|0.0|0.0|0.1954639528180418|0.0|0.0|0.21458617360165044|0.13699260835128071|0.0|0.0|0.0|0.0|0.0|0.0|0.0|0.0|0.13699260835128071|0.0|0.0|0.0|0.0|0.0|0.0|0.0|0.0|0.0|0.0|0.0|0.0|0.0|0.07254687400807257|0.0|0.1196195019549044|0.0|0.0|0.0|0.0|0.16663006378861817|0.0|0.0|0.0|0.0|0.0|0.13699260835128071|0.1196195019549044|0.0|0.0|0.0899199804044489|0.0|0.0|0.0|0.0|0.23947021849957098|0.0|0.0|0.04529643916133567|0.0|0.0|0.13699260835128071|0.0|0.0|0.1196195019549044|0.0|0.0|0.21458617360165044|0.0|0.0|0.0|0.0|0.0|0.0|0.0|0.0|0.0|0.0|0.0|0.0|0.0|0.0|0.0|0.0|0.0|0.0|0.0|0.0|0.0|0.0|0.0|0.0|0.0|0.0|0.0|0.14509374801614514|0.0|0.0|0.0|0.0|0.13699260835128071|0.0|0.0|0.0|0.0|0.0|0.0|0.0977319764090209|0.0|0.13699260835128071|0.0|0.0|0.0|0.0|0.0|0.0|0.0|0.0|0.0|0.0|0.14509374801614514|0.0|0.0|0.0|0.0|0.0|0.0|0.0|0.13699260835128071|0.13699260835128071|0.0|0.05361551034385357|0.0|0.0|0.0|0.0|0.0|0.0|0.0|0.0|0.0|0.0|0.0|0.0|0.0|0.0|0.0|0.0|0.0|0.0|0.0|0.0|0.0|0.0|0.0|0.0|0.0|0.0|0.0|0.0|0.0|0.0|0.0|0.1196195019549044|0.0|0.0|0.1196195019549044|0.11358168149328672|0.0|0.08331503189430908|0.0|0.0|0.13699260835128071|0.1551871305007394|0.0|0.0|0.0|0.0|0.0|0.0|0.0|0.0|0.0|0.0|0.0|0.0|0.0|0.0|0.1196195019549044|0.0|0.0|0.0|0.0|0.0|0.0|0.0|0.0|0.0|0.13699260835128071|0.0|0.10729308680082522|0.13699260835128071|0.0|0.0|0.0|0.0|0.0|0.0|0.0|0.0|0.13699260835128071|0.06022045885399338|0.0|0.0|0.13699260835128071|0.0|0.13699260835128071|0.1278973319833813|0.10729308680082522|0.0|0.0|0.0|0.0|0.0|0.1196195019549044|0.0|0.0|0.0|0.0|0.0|0.0|0.0|0.0|0.0|0.0|0.1278973319833813|0.0|0.0|0.0680324548585654|0.0|0.13699260835128071|0.0|0.0|0.13699260835128071|0.0|0.0|0.0|0.0|0.13699260835128071|0.0|0.0|0.0|0.0|0.0|0.0|0.08331503189430908|0.0|0.0|0.0|0.0
2012_003082|Retirement Assurances|O trabalhador que estiver completando o período para se aposentar deverá comunicar a  empresa por escrito com antecedência mínima de 12(Doze) meses para que possa ser feita análise da situação do trabalhador pela empresa. |trabalh complet períod aposent dev comunic empres escrit antecedent mínim doz mes poss feit anális situaçã trabalh empres|0.0|0.0|0.0|0.0|0.0|0.0|0.0|0.0|0.0|0.0|0.0|0.0|0.0|0.0|0.0|0.0|0.0|0.0|0.30287030799365366|0.0|0.30287030799365366|0.0|0.21094929303286478|0.0|0.0|0.0|0.0|0.0|0.0|0.0|0.0|0.0|0.0|0.0|0.0|0.0|0.0|0.0|0.0|0.0|0.0|0.0|0.0|0.0|0.0|0.0|0.0|0.0|0.0|0.0|0.22767267640142638|0.0|0.0|0.0|0.24745224074739636|0.0|0.0|0.0|0.0|0.0|0.0|0.0|0.0|0.0|0.0|0.0|0.0|0.0|0.0|0.0|0.0|0.0|0.0|0.0|0.0|0.0|0.0|0.0|0.0|0.0|0.0|0.0|0.0|0.0|0.0|0.0|0.0|0.0|0.18368488177692888|0.0|0.0|0.0|0.0|0.0|0.0|0.0|0.0|0.0|0.0|0.0|0.0|0.0|0.0|0.22767267640142638|0.0|0.0|0.0|0.0|0.0|0.0|0.0|0.0|0.0|0.22937641865423355|0.0|0.0|0.0|0.0|0.0|0.0|0.0|0.24745224074739636|0.0|0.0|0.0|0.0|0.0|0.0|0.0|0.0|0.0|0.0|0.0|0.0|0.0|0.0|0.0|0.0|0.0|0.0|0.30287030799365366|0.0|0.0|0.0|0.0|0.0|0.0|0.0|0.0|0.0|0.0|0.0|0.0|0.0|0.0|0.0|0.0|0.0|0.0|0.0|0.0|0.0|0.0|0.0|0.0|0.0|0.0|0.0|0.0|0.0|0.0|0.0|0.0|0.0|0.0|0.0|0.0|0.0|0.0|0.0|0.0|0.0|0.0|0.0|0.0|0.0|0.13575166144063747|0.0|0.0|0.0|0.0|0.0|0.0|0.0|0.21094929303286478|0.0|0.0|0.0|0.0|0.0|0.0|0.0|0.0|0.0|0.0|0.0|0.0|0.0|0.0|0.0|0.0|0.0|0.0|0.0|0.0|0.0|0.0|0.0|0.0|0.0|0.0|0.0|0.14379143155635918|0.0|0.0|0.0|0.30287030799365366|0.0|0.0|0.0|0.0|0.0|0.0|0.0|0.0|0.0|0.0|0.0|0.0|0.0|0.0|0.0|0.0|0.0|0.0|0.0|0.0|0.0|0.0|0.0|0.0|0.0|0.0|0.0|0.0|0.0|0.0|0.0|0.0|0.0|0.0|0.0|0.0|0.0|0.0|0.0|0.0|0.0|0.0|0.0|0.0|0.0|0.0|0.0|0.0|0.0|0.0|0.2716604710259239|0.0|0.0|0.0|0.0|0.0|0.0|0.0|0.0|0.0|0.0|0.0|0.0|0.0|0.0|0.0|0.3445092183103382|0.0|0.0|0.0|0.0|0.0|0.0|0.0|0.0|0.0|0.0|0.0|0.0|0.0|0.0|0.0|0.0|0.0|0.0|0.0|0.0|0.0
2017_039341|Retirement Assurances|"a)       por 12 (doze) meses imediatamente anteriores à complementação de tempo mínimo para aposentadoria pela Previdência Social, os que tiveram o mínimo de 5 (cinco) anos de vinculação empregatícia com a Empresa. b)       por 18 (dezoito) meses imediatamente anteriores à complementação do tempo para aposentadoria pela Previdência Social, os que tiverem o mínimo de 20 (vinte) anos de vínculo ininterrupto com o mesmo empregador. Parágrafo Único: Quanto aos empregados na proximidade de aposentadoria, de que trata esta cláusula, deve-se observar que: I.            os compreendidos nas alíneas ""a"" e ""b"", a estabilidade provisória será adquirida a partir do recebimento, pela Empresa, de comunicação do empregado, por escrito, devidamente protocolada, sem efeito retroativo, de reunir ele as condições previstas. II.            aos abrangidos pelas alíneas ""a"" e ""b"", a estabilidade não se aplica aos casos de demissão por força maior comprovada, dispensa por justa causa ou pedido de demissão, e se extinguirá se não for requerida a aposentadoria imediatamente após completado o tempo mínimo necessário à aquisição do direito a ela. Entende-se por complemento de tempo mínimo para aposentadoria o preenchimento das condições mínimas exigidas pela Previdência Social. "|doz mes imediat anterior complement temp mínim aposentador prevident social mínim cinc anos vincul empregatíc empres b dezoit mes imediat anterior complement temp aposentador prevident social mínim vint anos víncul ininterrupt empreg parágraf únic quant empreg proxim aposentador trat cláusul deves observ i compreend alín b estabil provisór adquir part receb empres comunic empreg escrit devid protocol efeit retroat reun condiçõ previst ii abrang alín b estabil aplic cas demissã forc maior comprov dispens just caus ped demissã extingu requer aposentador imediat após complet temp mínim necessári aquisiçã direit entendes complement temp mínim aposentador preenchiment condiçõ mínim exig prevident social|0.0|0.10043014287749319|0.0|0.0|0.0|0.0|0.0|0.07865723681633525|0.0|0.0|0.0|0.0|0.0|0.20086028575498638|0.0|0.0|0.07861173575840726|0.0|0.0|0.14329585329581035|0.0|0.07164792664790517|0.0|0.18569343504622746|0.0|0.0|0.0|0.0|0.0|0.07164792664790517|0.0|0.05688433075517733|0.0|0.0|0.0|0.0|0.0|0.0|0.0|0.0|0.0|0.05688433075517733|0.0|0.049875020586747254|0.0|0.0|0.06107877394036156|0.05688433075517733|0.0|0.30129042863247957|0.06592090323883351|0.10043014287749319|0.0|0.04688116928106172|0.07164792664790517|0.0|0.0|0.13184180647766702|0.0|0.0|0.0|0.0|0.0|0.0|0.0|0.0|0.0|0.0|0.0|0.0|0.0|0.0|0.0|0.0|0.0|0.0|0.0|0.0|0.0|0.0|0.0|0.11376866151035465|0.0|0.0|0.0|0.0|0.0|0.0|0.0|0.10043014287749319|0.08769380929999143|0.0|0.10043014287749319|0.0|0.0|0.0|0.0|0.05318456966133173|0.0|0.06107877394036156|0.0|0.0|0.0|0.06592090323883351|0.0|0.0|0.07164792664790517|0.0|0.0|0.0|0.10533427408205817|0.0|0.10043014287749319|0.06641420893526757|0.0|0.0|0.0|0.08769380929999143|0.0|0.0|0.0|0.07164792664790517|0.0|0.0|0.14329585329581035|0.0|0.0|0.0|0.0|0.0|0.0|0.10043014287749319|0.0|0.10043014287749319|0.0|0.0|0.0|0.0|0.0|0.0|0.0|0.0|0.0|0.0|0.0|0.08769380929999143|0.0|0.0|0.0|0.0|0.0|0.0|0.0|0.0|0.0|0.0|0.0|0.0|0.0|0.0|0.10043014287749319|0.30129042863247957|0.0|0.0|0.0|0.0|0.08769380929999143|0.0|0.0|0.0|0.0|0.0|0.0|0.0|0.0|0.05318456966133173|0.0|0.0|0.0|0.0|0.0|0.08769380929999143|0.0|0.0|0.0|0.0|0.07861173575840726|0.0|0.0|0.0|0.0|0.0|0.0|0.0|0.36647264364216936|0.0|0.10043014287749319|0.0|0.0|0.0|0.0|0.0|0.0|0.0|0.0|0.0|0.10043014287749319|0.0|0.0|0.0|0.0|0.0|0.0|0.0|0.0|0.049875020586747254|0.06107877394036156|0.06107877394036156|0.0|0.0|0.0|0.0|0.0|0.0|0.0|0.0|0.0|0.0|0.0|0.10043014287749319|0.0|0.0|0.0|0.0|0.2630814278999743|0.07865723681633525|0.0|0.0|0.08769380929999143|0.08769380929999143|0.10043014287749319|0.0|0.0|0.08769380929999143|0.0|0.0|0.0|0.07164792664790517|0.0|0.0|0.0|0.0|0.0|0.0|0.08769380929999143|0.0|0.0|0.0|0.0|0.0|0.0|0.0|0.10043014287749319|0.10043014287749319|0.0|0.0|0.0|0.0|0.0|0.0|0.0|0.0|0.0|0.0|0.0|0.0|0.0|0.0|0.0|0.0|0.0|0.2630814278999743|0.0|0.0|0.0|0.0|0.0|0.0|0.0|0.0|0.1875246771242469|0.0|0.0|0.0|0.08769380929999143|0.0|0.0|0.0|0.0|0.0|0.0|0.0|0.0|0.0|0.0|0.0|0.0|0.0|0.0|0.10043014287749319|0.06107877394036156|0.10043014287749319|0.0|0.0|0.07164792664790517
2013_073410|Retirement|Ressalvadas as situações mais favoráveis já existentes, ao empregado com 4 (quatro) anos ou mais de serviços contínuos dedicados à mesma empresa, quando dela vier a desligar-se definitivamente por motivo de aposentadoria, será pago um abono a título de indenização, equivalente ao seu ultimo salário nominal, percebido na empresa. |ressalv situaçõ favor existent empreg quatr anos servic contínu dedic mesm empres vier desligars definit motiv aposentador pag abon títul indeniz equivalent ultim salári nominal perceb empres|0.1905398463693053|0.0|0.0|0.0|0.0|0.0|0.0|0.0|0.0|0.0|0.0|0.0|0.0|0.0|0.0|0.0|0.09521481214250223|0.0|0.0|0.0|0.0|0.0|0.0|0.08996501788669174|0.0|0.0|0.0|0.0|0.0|0.0|0.0|0.0|0.0|0.0|0.0|0.0|0.0|0.0|0.0|0.0|0.0|0.0|0.0|0.0|0.0|0.0|0.0|0.0|0.0|0.0|0.0|0.0|0.0|0.0|0.0|0.0|0.0|0.0|0.0|0.0|0.0|0.0|0.0|0.0|0.0|0.0|0.0|0.21243010341916083|0.0|0.0|0.0|0.0|0.0|0.0|0.0|0.0|0.24328268789059276|0.0|0.0|0.24328268789059276|0.0|0.0|0.0|0.0|0.0|0.24328268789059276|0.0|0.0|0.0|0.0|0.0|0.0|0.0|0.0|0.0|0.0|0.0|0.0|0.0|0.0|0.0|0.0|0.0|0.0|0.0|0.0|0.0|0.0|0.0|0.0|0.08505416332673035|0.0|0.0|0.16088224910332438|0.0|0.0|0.0|0.0|0.0|0.0|0.21243010341916083|0.0|0.0|0.0|0.0|0.0|0.0|0.0|0.0|0.0|0.0|0.0|0.1905398463693053|0.0|0.0|0.0|0.0|0.0|0.0|0.21243010341916083|0.0|0.0|0.0|0.0|0.0|0.0|0.0|0.0|0.0|0.0|0.0|0.0|0.0|0.0|0.0|0.0|0.0|0.0|0.0|0.0|0.0|0.0|0.0|0.15968726189787338|0.0|0.0|0.0|0.0|0.0|0.0|0.0|0.0|0.0|0.0|0.0|0.0|0.0|0.0|0.0|0.0|0.0|0.0|0.0|0.0|0.0|0.0|0.0|0.12883467742644142|0.0|0.0|0.21243010341916083|0.0|0.0|0.0|0.0|0.0|0.0|0.0|0.0|0.24328268789059276|0.0|0.0|0.0|0.0|0.0|0.0|0.0|0.0|0.0|0.0|0.0|0.21243010341916083|0.0|0.0|0.0|0.0|0.0|0.0|0.0|0.0|0.24328268789059276|0.0|0.0|0.0|0.0|0.0|0.0|0.0|0.0|0.0|0.0|0.0|0.0|0.0|0.0|0.0|0.0|0.0|0.0|0.0|0.0|0.0|0.0|0.0|0.0|0.0|0.17356044387941114|0.0|0.0|0.0|0.0|0.0|0.0|0.0|0.0|0.0|0.0|0.0|0.0|0.21243010341916083|0.0|0.0|0.0|0.0|0.0|0.0|0.10694442037658589|0.0|0.0|0.0|0.0|0.0|0.11356527579636229|0.0|0.0|0.0|0.0|0.0|0.24328268789059276|0.0|0.0|0.0|0.0|0.0|0.0|0.0|0.0|0.0|0.0|0.0|0.0|0.0|0.0|0.0|0.0|0.0|0.0|0.0|0.0|0.0|0.24328268789059276|0.24328268789059276|0.0|0.0|0.0|0.0|0.0|0.1905398463693053|0.0|0.0|0.0|0.0|0.0|0.0|0.0
2013_073410|Retirement Assurances|Aos empregados que comprovadamente estiverem a um máximo de 12(doze) meses da aquisição do direito à aposentadoria em seus prazos mínimos, e contém com o mínimo de 04 (quatro) anos de serviço contínuo na empresa, fica assegurado o emprego ou salário durante o período que faltar para aposentar-se, ficando excluídas desta garantia de rescisões por justa causa, rescisões por acordo entre as partes e pedidos de demissão. |empreg comprov máxim doz mes aquisiçã direit aposentador praz mín contém mínim quatr anos servic contínu empres fic assegur empreg salári durant períod falt aposentars fic excluíd dest garant rescisõ just caus rescisõ acord part ped demissã|0.0|0.0|0.0|0.0|0.15733807543682482|0.0|0.0|0.0|0.0|0.0|0.0|0.0|0.0|0.0|0.0|0.0|0.09381409085191175|0.0|0.0|0.0|0.0|0.0|0.0|0.08864152721200931|0.0|0.1877367822923014|0.0|0.0|0.0|0.0|0.0|0.13576984968038128|0.0|0.14578102346383187|0.0|0.0|0.0|0.0|0.0|0.0|0.0|0.0|0.0|0.1190402340674859|0.0|0.0|0.0|0.0|0.0|0.0|0.0|0.0|0.0|0.1118945977148715|0.0|0.0|0.0|0.0|0.0|0.0|0.0|0.0|0.0|0.0|0.0|0.0|0.23970371490422152|0.2093050080487449|0.0|0.0|0.0|0.0|0.0|0.0|0.0|0.0|0.0|0.0|0.0|0.0|0.0|0.13576984968038128|0.0|0.0|0.0|0.0|0.0|0.1877367822923014|0.0|0.0|0.0|0.0|0.0|0.0|0.0|0.0|0.0|0.12693936858134822|0.0|0.0|0.0|0.0|0.0|0.15733807543682482|0.0|0.15733807543682482|0.0|0.0|0.0|0.0|0.16760583413692232|0.0|0.0|0.07925774149115772|0.0|0.0|0.0|0.0|0.0|0.0|0.0|0.0|0.0|0.0|0.0|0.0|0.0|0.0|0.0|0.23970371490422152|0.0|0.0|0.0|0.0|0.0|0.0|0.12693936858134822|0.0|0.0|0.0|0.0|0.27153969936076255|0.0|0.0|0.0|0.0|0.0|0.0|0.0|0.0|0.12693936858134822|0.0|0.0|0.0|0.0|0.0|0.0|0.0|0.0|0.0|0.0|0.0|0.0|0.0|0.0|0.0|0.0|0.0|0.0|0.0|0.0|0.0|0.0|0.0|0.0|0.12693936858134822|0.0|0.0|0.0|0.0|0.0|0.0|0.0|0.0|0.0|0.0|0.09381409085191175|0.0|0.0|0.0|0.0|0.0|0.15733807543682482|0.14578102346383187|0.14578102346383187|0.0|0.0|0.0|0.0|0.0|0.0|0.0|0.0|0.0|0.0|0.0|0.0|0.0|0.0|0.0|0.0|0.0|0.0|0.0|0.0|0.1190402340674859|0.0|0.14578102346383187|0.0|0.0|0.0|0.0|0.09937014604903083|0.0|0.0|0.0|0.0|0.0|0.13576984968038128|0.0|0.0|0.0|0.0|0.0|0.0|0.0|0.0|0.0|0.0|0.0|0.0|0.0|0.0|0.0|0.0|0.0|0.171007166679406|0.0|0.0|0.0|0.0|0.0|0.0|0.0|0.0|0.0|0.0|0.47940742980844303|0.0|0.0|0.0|0.0|0.0|0.0|0.0|0.0|0.10537114282490469|0.0|0.0|0.0|0.0|0.0|0.1118945977148715|0.0|0.0|0.0|0.0|0.0|0.0|0.0|0.0|0.0|0.0|0.0|0.0|0.0|0.0|0.0|0.0|0.0|0.0|0.0|0.0|0.0|0.0|0.0|0.0|0.0|0.0|0.0|0.0|0.0|0.0|0.0|0.0|0.0|0.0|0.0|0.0|0.0|0.0|0.0|0.0|0.0|0.0
2010_074884|Retirement|Aos empregados que comprovarem estar a um máximo de 24(vinte e quatro) meses da aquisição do direito à aposentadoria, seja ela por idade, a especial e ainda, a por tempo de serviço na empresa, nos seus prazos mínimos, ficará assegurado emprego ou indenização por aposentadoria, correspondente ao período que faltar para a aposentadoria, sem prejuízo de outros eventuais direitos porventura existentes.  Referida verba não terá cunho salarial, não integrando a remuneração para nenhum fim ou efeito. PARÁGRAFO PRIMEIRO - Caso o empregado dependa de documentação hábil para comprovação de tempo de serviço, terá 90(noventa) dias de prazo, a partir do término do aviso prévio legal, em qualquer modalidade da aposentadoria, para apresentá-lo à empresa. Este prazo poderá ser prorrogado mediante requerimento do empregado, justificando a dificuldade de obtenção dos documentos comprobatórios junto ao INSS, por sucessivos períodos de 90 dias, até o limite máximo de 360 dias; PARÁGRAFO SEGUNDO - O prazo aqui definido será solicitado por escrito pelo empregado, no prazo de 15 dias, após o recebimento da notificação de dispensa, não sendo devido o pagamento dos dias excedentes ao prazo do aviso prévio legal e acordado; PARÁGRAFO TERCEIRO - Entende-se como documento hábil para aprovação do tempo de serviço o documento fornecido pela previdência social que defere a contagem de tempo de serviço, anteriormente solicitada, pelo empregado. Não será aceito pela empresa em hipótese alguma o simples protocolo de requerimento da contagem de tempo de serviço; PARAGRAFO QUARTO - Caso o empregado deixe de exercer o direito a aposentadoria, de que trata essa cláusula, no momento de seu surgimento, não ocorrerá para ele nova garantia de emprego.|empreg comprov máxim vint quatr mes aquisiçã direit aposentador idad especial aind temp servic empres praz mín fic assegur empreg indeniz aposentador correspondent períod falt aposentador prejuíz outr eventu direit porventur existent refer verb cunh salarial integr remuner nenhum fim efeit parágraf primeir cas empreg depend document hábil comprov temp servic novent dias praz part términ avis prévi legal qualqu modal aposentador apresentál empres praz pod prorrog mediant requer empreg justific dificuldad obtençã document comprobatóri junt inss sucess períod dias limit máxim dias parágraf segund praz aqu defin solicit escrit empreg praz dias após receb notific dispens send dev pagament dias excedent praz avis prévi legal acord parágraf terceir entendes document hábil aprov temp servic document fornec prevident social defer contag temp servic anterior solicit empreg aceit empres hipótes algum simpl protocol requer contag temp servic paragraf quart cas empreg deix exerc direit aposentador trat cláusul moment surgiment ocorr nov garant empreg|0.0|0.0|0.0809932235058579|0.0|0.05316278854888892|0.0|0.0|0.0|0.0809932235058579|0.0|0.0809932235058579|0.0|0.0|0.0|0.0|0.0|0.0|0.0|0.0|0.05778142269302268|0.0|0.0|0.0|0.14975493868026857|0.0|0.0|0.0|0.0809932235058579|0.0809932235058579|0.05778142269302268|0.0809932235058579|0.04587512456748407|0.0|0.04925778902106997|0.0|0.0|0.0|0.14144367603615166|0.0|0.0|0.0|0.09175024913496814|0.0|0.0|0.0|0.0|0.0|0.04587512456748407|0.0|0.0|0.0|0.0|0.0809932235058579|0.07561588409624631|0.0|0.0|0.0|0.0|0.0|0.0|0.0|0.0|0.11556284538604536|0.0|0.0|0.0|0.0|0.0|0.05316278854888892|0.0|0.0809932235058579|0.0|0.0|0.0|0.0|0.0|0.0|0.0809932235058579|0.0809932235058579|0.0|0.07072183801807583|0.0|0.0|0.07072183801807583|0.0|0.0|0.0|0.0|0.04289140306110685|0.0|0.0|0.0|0.0|0.0|0.0|0.24628894510534988|0.0809932235058579|0.12867420918332056|0.0|0.04925778902106997|0.2828873520723033|0.0|0.0|0.0|0.0|0.0|0.05778142269302268|0.0|0.0|0.0|0.22652860078637727|0.0|0.0|0.08034093222620042|0.0|0.0|0.0|0.07072183801807583|0.0|0.0|0.0|0.05778142269302268|0.06343417403667098|0.0|0.0|0.0|0.0809932235058579|0.0809932235058579|0.0|0.0|0.0809932235058579|0.0|0.06343417403667098|0.0|0.0|0.0|0.04289140306110685|0.0|0.0|0.0|0.0|0.04587512456748407|0.07072183801807583|0.0|0.0|0.0|0.0|0.06343417403667098|0.0|0.0|0.04289140306110685|0.0|0.0|0.05778142269302268|0.0|0.0|0.1619864470117158|0.05316278854888892|0.0|0.0|0.0|0.0|0.0|0.05316278854888892|0.0|0.0|0.0|0.06343417403667098|0.0809932235058579|0.0|0.0|0.0|0.0|0.0809932235058579|0.0|0.0|0.0809932235058579|0.0|0.1619864470117158|0.0|0.06343417403667098|0.0|0.0809932235058579|0.0|0.0|0.0|0.03169873955188306|0.0|0.0809932235058579|0.0809932235058579|0.0|0.0|0.10632557709777785|0.04925778902106997|0.0|0.0|0.0|0.0809932235058579|0.0|0.0|0.0|0.06343417403667098|0.0809932235058579|0.0809932235058579|0.0|0.0|0.0|0.0809932235058579|0.06343417403667098|0.0|0.0809932235058579|0.0|0.07072183801807583|0.0809932235058579|0.0|0.040222373223835775|0.1477733670632099|0.0|0.0|0.0|0.0|0.0|0.06715213781292259|0.0|0.04925778902106997|0.0809932235058579|0.0|0.0|0.2752507474049044|0.0|0.0809932235058579|0.0|0.0|0.0|0.07072183801807583|0.0|0.06343417403667098|0.0809932235058579|0.07072183801807583|0.0|0.0|0.1619864470117158|0.07072183801807583|0.0|0.0|0.0809932235058579|0.05778142269302268|0.05778142269302268|0.0|0.07072183801807583|0.0|0.0|0.07072183801807583|0.0|0.14144367603615166|0.0|0.0|0.0|0.0|0.0|0.0|0.0|0.0|0.0|0.0809932235058579|0.0|0.0|0.0|0.06343417403667098|0.0|0.0809932235058579|0.0|0.1890397102406158|0.0|0.0|0.07072183801807583|0.0|0.0|0.0|0.0|0.0|0.07072183801807583|0.1619864470117158|0.0|0.0|0.0|0.0809932235058579|0.0|0.0|0.0809932235058579|0.1890397102406158|0.0809932235058579|0.0|0.0|0.07072183801807583|0.0|0.0|0.0|0.0|0.0809932235058579|0.0|0.0|0.0|0.0|0.0809932235058579|0.0|0.0|0.0|0.0|0.0|0.04925778902106997|0.0|0.0|0.0|0.0
2012_042462|Retirement|Para os empregados aposentados até 31/07/2009, ficam ressalvadas as condições mais favoráveis existentes nas CCTs anteriores firmadas em relação a cláusula abono aposentadoria. A partir de 01/08/2009 os Trabalhadores que contarem com mais de 10 (dez) anos na mesma Empresa, e que vierem a se aposentar em qualquer situação receberão abono equivalente a 60 (sessenta) dias da respectiva remuneração. Fica facultado à empresa, quando da continuidade da relação de emprego, o pagamento do Abono Aposentadoria em até 02 (duas) parcelas mensais iguais e consecutivas, após a formalização e entrega do comunicado pelo empregado. |empreg aposent fic ressalv condiçõ favor existent ccts anterior firm relaçã cláusul abon aposentador part trabalh cont dez anos mesm empres vier aposent qualqu situaçã receb abon equivalent sessent dias respect remuner fic facult empres continu relaçã empreg pagament abon aposentador duas parcel mens igu consecut após formaliz entreg comunic empreg|0.3805189349848553|0.0|0.0|0.0|0.0|0.0|0.0|0.0|0.0|0.0|0.0|0.0|0.0|0.0|0.0|0.0|0.06338313586654351|0.0|0.0|0.11553670009874176|0.0|0.0|0.19698657916021425|0.11977684613637564|0.0|0.0|0.0|0.0|0.0|0.11553670009874176|0.0|0.0|0.0|0.0|0.0|0.0|0.0|0.0|0.0|0.0|0.0|0.0|0.0|0.0|0.1619497987085154|0.0|0.0|0.09172949128138816|0.0|0.0|0.0|0.0|0.0|0.0|0.11553670009874176|0.0|0.0|0.10630152167796142|0.0|0.0|0.14141167539152502|0.11553670009874176|0.0|0.1619497987085154|0.0|0.0|0.0|0.0|0.0|0.0|0.0|0.0|0.0|0.0|0.0|0.0|0.0|0.0|0.0|0.0|0.0|0.0|0.0|0.0|0.0|0.0|0.0|0.0|0.0|0.0|0.0|0.14141167539152502|0.0|0.0|0.0|0.09849328958010713|0.0|0.0|0.0|0.0|0.0|0.0|0.0|0.0|0.1619497987085154|0.0|0.0|0.0|0.0|0.0|0.16985801270347362|0.0|0.0|0.10709700753460023|0.0|0.0|0.0|0.0|0.1619497987085154|0.0|0.14141167539152502|0.0|0.0|0.0|0.0|0.0|0.0|0.0|0.0|0.0|0.0|0.0|0.12683964499495176|0.0|0.0|0.1619497987085154|0.0|0.0|0.0|0.14141167539152502|0.0|0.18345898256277632|0.0|0.0|0.1619497987085154|0.0|0.1619497987085154|0.0|0.0|0.0|0.0|0.0|0.0|0.0|0.0|0.0|0.0|0.0|0.1619497987085154|0.0|0.0|0.0|0.0|0.0|0.0|0.0|0.0|0.0|0.0|0.0|0.0|0.0|0.0|0.0|0.0|0.0|0.0|0.0|0.0|0.0|0.0|0.0|0.0|0.0|0.0|0.1619497987085154|0.0|0.08576339836097105|0.0|0.0|0.0|0.0|0.0|0.0|0.0|0.0|0.0|0.0|0.0|0.0|0.0|0.0|0.0|0.0|0.0|0.0|0.0|0.0|0.0|0.0|0.0|0.0|0.14141167539152502|0.0|0.1619497987085154|0.08042654638517817|0.0|0.0|0.0|0.0|0.0|0.0|0.0|0.0|0.0|0.0|0.0|0.0|0.0|0.0|0.0|0.0|0.0|0.0|0.0|0.0|0.0|0.0|0.0|0.0|0.0|0.0|0.14141167539152502|0.0|0.0|0.0|0.0|0.11553670009874176|0.0|0.0|0.0|0.3238995974170308|0.14141167539152502|0.0|0.0|0.0|0.0|0.0|0.12683964499495176|0.14141167539152502|0.0|0.0|0.0|0.0|0.0|0.0|0.0|0.0|0.0|0.0|0.0|0.0|0.0|0.12683964499495176|0.0|0.0|0.0|0.12683964499495176|0.0|0.0|0.0|0.0|0.0|0.0|0.0|0.0|0.0|0.0|0.0|0.0|0.0|0.0|0.0|0.08042654638517817|0.0|0.0|0.0|0.0|0.0|0.0|0.0|0.0|0.0|0.0|0.0|0.0|0.0|0.12683964499495176|0.0|0.0|0.0|0.0|0.0|0.0|0.0
2016_082062|Retirement Assurances|GARANTIA DE EMPREGO DO FUTURO APOSENTADO: Fica assegurado aos empregados em geral, sejam homens ou mulheres, em vias de aposentadoria, nos prazos mínimos legais, de conformidade com o previsto nos termos do art. 188 do Decreto n.º 3.048/99, garantia de emprego, como segue:        TEMPO DE TRABALHO NA MESMA EMPRESA    ESTABILIDADE     20 anos ou mais   2 anos     10 anos ou mais   1 ano     5 anos ou mais   6 meses      Parágrafo 1º - Para a concessão das garantias acima, o (a) empregado (a) deverá apresentar comprovante fornecido pelo INSS,  nos  termos  do  art. 130  do  Decreto n.º   3.048/99, no prazo máximo de 30 dias após a sua emissão, que ateste, respectivamente, os períodos de 2 anos, 1 ano ou 6 meses restantes para a implementação do benefício. A contagem da estabilidade inicia-se a partir da apresentação dos comprovantes pelo empregado, limitada ao tempo que faltar para aposentar-se.  Parágrafo 2º - A concessão prevista nesta cláusula ocorrerá uma única vez, podendo a obrigação ser substituída por uma indenização correspondente aos salários do período não cumprido ou não implementado da garantia, não se aplicando nas hipóteses de encerramento das atividades da empresa e dispensa por justa causa ou pedido de demissão.  Parágrafo 3º - O empregado que deixar de apresentar o comprovante fornecido pelo INSS no prazo estipulado no parágrafo 1º, ou de pleitear a aposentadoria na data em que adquirir essa condição, não fará jus à garantia de emprego e/ou indenização correspondentes, previstas no parágrafo anterior.  Parágrafo 4º - Na hipótese de legislação superveniente que vier a alterar as condições para aposentadoria em vigor, esta cláusula ficará sem efeito. |garant empreg futur aposent fic assegur empreg geral homens mulh vias aposentador praz mín leg conform previst term art decret nº garant empreg seg temp trabalh mesm empres estabil anos anos anos ano anos mes parágraf concessã garant acim empreg dev apresent comprov fornec inss term art decret nº praz máxim dias após emissã atest respect períod anos ano mes restant implement benefíci contag estabil inicias part apresent comprov empreg limit temp falt aposentars parágraf concessã previst nest cláusul ocorr únic vez pod obrig substituíd indeniz correspondent salári períod cumpr implement garant aplic hipótes encerr ativ empres dispens just caus ped demissã parágraf empreg deix apresent comprov fornec inss praz estipul parágraf pleit aposentador dat adquir condiçã far jus garant empreg eou indeniz correspondent previst parágraf anterior parágraf hipótes legisl supervenient vier alter condiçõ aposentador vigor cláusul fic efeit|0.0|0.0|0.0|0.07020364311119287|0.0|0.0|0.0|0.07020364311119287|0.0|0.0|0.0|0.08963653178716043|0.0|0.0|0.0|0.14040728622238574|0.1754075805644272|0.0|0.0|0.06394765028158043|0.0|0.06394765028158043|0.05451440478885299|0.09944175134844921|0.0|0.07020364311119287|0.2106109293335786|0.0|0.0|0.06394765028158043|0.0|0.0|0.17927306357432085|0.05451440478885299|0.0|0.07826902063103061|0.07826902063103061|0.0|0.0|0.08963653178716043|0.0|0.0|0.0|0.044514761605612886|0.0|0.0|0.0|0.10154150887045064|0.0|0.0|0.0|0.0|0.0|0.12552801280808143|0.0|0.15653804126206122|0.08963653178716043|0.05883613195506306|0.0|0.07826902063103061|0.0|0.0|0.06394765028158043|0.0|0.0|0.0|0.0|0.0|0.11767226391012613|0.07020364311119287|0.0|0.07020364311119287|0.0|0.0|0.0|0.15653804126206122|0.0|0.0|0.0|0.0|0.07826902063103061|0.05077075443522532|0.0|0.0|0.0|0.0|0.0|0.0|0.04746862079893324|0.0|0.0|0.0|0.0|0.0|0.0|0.05451440478885299|0.0|0.0|0.0|0.05451440478885299|0.0|0.0|0.0|0.0|0.0|0.0|0.06394765028158043|0.0|0.0|0.08963653178716043|0.21936506031480432|0.0|0.0|0.05927642020391219|0.07826902063103061|0.0|0.0|0.0|0.0|0.07826902063103061|0.0|0.0|0.0|0.0|0.12789530056316087|0.08963653178716043|0.0|0.0|0.0|0.0|0.0|0.0|0.0|0.0|0.0|0.0|0.04746862079893324|0.0|0.08963653178716043|0.0|0.0|0.10154150887045064|0.0|0.0|0.0|0.0|0.0|0.14040728622238574|0.0|0.08963653178716043|0.2373431039946662|0.07826902063103061|0.0|0.12789530056316087|0.07826902063103061|0.0|0.0|0.0|0.0|0.0|0.0|0.0|0.12789530056316087|0.11767226391012613|0.0|0.07826902063103061|0.0|0.14040728622238574|0.0|0.0|0.0|0.0|0.0|0.0|0.08963653178716043|0.04746862079893324|0.0|0.07826902063103061|0.0|0.07826902063103061|0.07020364311119287|0.0|0.0|0.0|0.0|0.0|0.07016303222577087|0.04746862079893324|0.0|0.0|0.0|0.07826902063103061|0.05883613195506306|0.05451440478885299|0.0|0.0|0.0|0.0|0.07826902063103061|0.0|0.0|0.0|0.0|0.0|0.15653804126206122|0.07826902063103061|0.0|0.0|0.07020364311119287|0.0|0.0|0.0|0.0|0.0|0.0|0.044514761605612886|0.32708642873311794|0.05451440478885299|0.0|0.0|0.0|0.0|0.07431837473672677|0.08963653178716043|0.05451440478885299|0.0|0.0|0.0|0.15231226330567593|0.0|0.0|0.0|0.0|0.0|0.0|0.2106109293335786|0.0|0.0|0.0|0.0|0.0|0.0|0.0|0.0|0.0|0.0|0.0|0.0|0.0|0.0|0.0|0.0|0.0|0.0|0.0|0.0|0.0|0.0|0.07020364311119287|0.0|0.07826902063103061|0.0|0.0|0.0|0.0|0.0|0.0394032432790955|0.07826902063103061|0.0|0.0|0.0|0.0|0.0|0.0|0.0|0.0|0.0|0.0|0.0|0.0|0.0|0.0|0.0|0.0|0.0|0.07826902063103061|0.0|0.0|0.08963653178716043|0.0|0.08368534187205429|0.0|0.14040728622238574|0.044514761605612886|0.0|0.0|0.0|0.0|0.0|0.0|0.0|0.0|0.0|0.0|0.0|0.07826902063103061|0.07020364311119287|0.07020364311119287|0.07826902063103061|0.0|0.0|0.0|0.0|0.0|0.06394765028158043
2010_075192|Retirement|As empresas empregadoras não poderão efetuar a dispensa de empregado-jornalista que tenha mais que cinco anos consecutivos de serviço prestado à mesma empresa, no período de 18 meses que antecedem à data de aquisição do direito à aposentadoria por tempo de serviço. Na hipótese em que essas condições não se cumpram, o contrato de trabalho poderá ser rescindido, a pedido do empregado-jornalista, por justa causa ou acordo. Parágrafo Primeiro – Completado o tempo de serviço e adquirido o direito à aposentadoria, cessam os efeitos desta cláusula. Parágrafo Segundo – Em caso de dispensa, o empregado-jornalista deverá notificar a empresa empregadora sobre o seu enquadramento na presente cláusula, sob pena de decair seu direito. |empres empreg pod efetu dispens empregadojornal cinc anos consecut servic prest mesm empres períod mes anteced dat aquisiçã direit aposentador temp servic hipótes condiçõ cumpr contrat trabalh pod rescind ped empregadojornal just caus acord parágraf primeir complet temp servic adquir direit aposentador cess efeit dest cláusul parágraf segund cas dispens empregadojornal dev notific empres empreg sobr enquadr present cláusul sob pen deca direit|0.0|0.0|0.0|0.0|0.10017260889679273|0.0|0.0|0.11952658767368834|0.0|0.0|0.0|0.0|0.0|0.0|0.0|0.0|0.059728722407629234|0.15261243292536783|0.0|0.0|0.0|0.0|0.0|0.11287100103100399|0.0|0.0|0.0|0.0|0.0|0.0|0.0|0.08644074242200886|0.0|0.0|0.0|0.0|0.0|0.0|0.0|0.0|0.0|0.08644074242200886|0.0|0.07578947929239761|0.0|0.15261243292536783|0.0928145676593087|0.17288148484401772|0.0|0.0|0.10017260889679273|0.0|0.0|0.0|0.0|0.0|0.0|0.10017260889679273|0.0|0.0|0.1332584541484722|0.0|0.0|0.0|0.11952658767368834|0.0|0.0|0.0|0.0|0.11952658767368834|0.0|0.11952658767368834|0.15261243292536783|0.0|0.0|0.0|0.0|0.0|0.0|0.0|0.0|0.0|0.0|0.0|0.0|0.0|0.0|0.11952658767368834|0.08081863011989711|0.0|0.0|0.0|0.0|0.0|0.0|0.0|0.0|0.24245589035969134|0.0|0.1856291353186174|0.0|0.0|0.0|0.0|0.0|0.0|0.10887532454407707|0.0|0.15261243292536783|0.0|0.10670979434065878|0.4578372987761034|0.0|0.15138334541834536|0.0|0.15261243292536783|0.0|0.0|0.0|0.0|0.0|0.0|0.0|0.0|0.0|0.0|0.0|0.0|0.0|0.0|0.0|0.0|0.0|0.0|0.0|0.0|0.0|0.0|0.0|0.0|0.0|0.0|0.0|0.0|0.0|0.0|0.0|0.0|0.0|0.0|0.0|0.0|0.0|0.10887532454407707|0.0|0.0|0.0|0.0|0.0|0.0|0.0|0.0|0.0|0.0|0.0|0.0|0.0|0.0|0.0|0.0|0.0|0.0|0.0|0.0|0.0|0.08081863011989711|0.0|0.0|0.0|0.0|0.0|0.0|0.0|0.0|0.0|0.0|0.059728722407629234|0.08081863011989711|0.0|0.0|0.0|0.0|0.0|0.0|0.0|0.0|0.0|0.0|0.0|0.0|0.0|0.11952658767368834|0.0|0.0|0.0|0.0|0.0|0.0|0.0|0.0|0.0|0.0|0.0|0.0|0.0|0.0|0.1856291353186174|0.0928145676593087|0.1332584541484722|0.0|0.0|0.0|0.06326610229946271|0.0|0.1856291353186174|0.0|0.0|0.0|0.0|0.0|0.0|0.1332584541484722|0.1332584541484722|0.0|0.0|0.0|0.11952658767368834|0.0|0.0|0.0|0.0|0.0|0.0|0.0|0.0|0.0|0.0|0.0|0.0|0.0|0.0|0.0|0.0|0.0|0.0|0.11952658767368834|0.0|0.0|0.0|0.0|0.0|0.0|0.0|0.0|0.0|0.0|0.0|0.0|0.11952658767368834|0.0|0.0|0.0|0.21372017695213988|0.0|0.0|0.0|0.0|0.0|0.0|0.1332584541484722|0.15261243292536783|0.0|0.0|0.0|0.0|0.0|0.0|0.0|0.0|0.0|0.14248011796809326|0.0|0.0|0.07578947929239761|0.0|0.0|0.0|0.0|0.0|0.0|0.0|0.0|0.0|0.0|0.0|0.0|0.0|0.0|0.0|0.0|0.0|0.0|0.0|0.0|0.0
2015_043120|Retirement Assurances|Aos empregados que comprovarem estar a um máximo de 24 (vinte quatro) meses da aquisição do direito a aposentadoria por tempo de serviço ou idade, em seus prazos mínimos e, que contem com um mínimo de 5 (cinco) anos na empresa, ficará assegurado emprego ou salário durante o período que faltar para completar o período de aquisição; |empreg comprov máxim vint quatr mes aquisiçã direit aposentador temp servic idad praz mín cont mínim cinc anos empres fic assegur empreg salári durant períod falt complet períod aquisiçã|0.0|0.0|0.0|0.0|0.0|0.0|0.0|0.0|0.0|0.0|0.0|0.0|0.0|0.0|0.0|0.0|0.12597416951979062|0.0|0.0|0.0|0.0|0.0|0.0|0.11902841752339213|0.0|0.0|0.0|0.0|0.0|0.0|0.0|0.3646252690613652|0.0|0.19575570360310213|0.0|0.0|0.0|0.0|0.0|0.0|0.0|0.0|0.0|0.0|0.0|0.0|0.19575570360310213|0.0|0.0|0.0|0.21127458793246165|0.0|0.0|0.1502527913757931|0.0|0.0|0.0|0.0|0.0|0.0|0.0|0.22962953228823604|0.0|0.0|0.0|0.0|0.0|0.0|0.0|0.0|0.0|0.0|0.0|0.0|0.0|0.0|0.0|0.0|0.0|0.0|0.0|0.0|0.0|0.0|0.0|0.0|0.0|0.0|0.0|0.0|0.0|0.0|0.0|0.0|0.0|0.0|0.0|0.17045500725092913|0.0|0.0|0.0|0.0|0.0|0.0|0.0|0.21127458793246165|0.0|0.0|0.0|0.0|0.22506220089474224|0.0|0.0|0.1064278092096373|0.0|0.0|0.0|0.0|0.0|0.0|0.0|0.0|0.0|0.0|0.0|0.0|0.0|0.0|0.0|0.0|0.0|0.0|0.0|0.0|0.0|0.0|0.17045500725092913|0.0|0.0|0.0|0.0|0.1823126345306826|0.0|0.0|0.0|0.0|0.0|0.0|0.0|0.0|0.0|0.0|0.0|0.0|0.0|0.0|0.0|0.21127458793246165|0.0|0.0|0.0|0.0|0.0|0.0|0.0|0.0|0.0|0.0|0.0|0.0|0.0|0.0|0.0|0.0|0.0|0.0|0.0|0.0|0.0|0.0|0.0|0.0|0.0|0.0|0.0|0.0|0.12597416951979062|0.0|0.0|0.0|0.0|0.0|0.21127458793246165|0.19575570360310213|0.19575570360310213|0.0|0.0|0.0|0.0|0.0|0.0|0.0|0.0|0.0|0.0|0.0|0.0|0.0|0.0|0.0|0.0|0.0|0.0|0.0|0.0|0.0|0.0|0.0|0.0|0.0|0.0|0.0|0.2668697529318298|0.0|0.0|0.0|0.0|0.0|0.1823126345306826|0.0|0.0|0.0|0.0|0.0|0.0|0.0|0.0|0.0|0.0|0.0|0.0|0.0|0.0|0.0|0.0|0.0|0.22962953228823604|0.0|0.0|0.0|0.0|0.0|0.0|0.0|0.0|0.0|0.0|0.0|0.0|0.0|0.0|0.0|0.0|0.0|0.0|0.0|0.14149305384915012|0.0|0.0|0.0|0.0|0.0|0.1502527913757931|0.0|0.0|0.0|0.0|0.0|0.0|0.0|0.0|0.0|0.0|0.0|0.0|0.0|0.0|0.0|0.0|0.0|0.1502527913757931|0.0|0.0|0.0|0.0|0.0|0.0|0.0|0.0|0.0|0.0|0.0|0.0|0.0|0.0|0.0|0.0|0.0|0.0|0.0|0.19575570360310213|0.0|0.0|0.0|0.0
2012_032551|Retirement|A(s) empresa(s) pagará (ão) ao empregado que se aposentar, um abono de 01 (um) salário normativo correspondente na época, nos casos de aposentadoria por invalidez permanente, por tempo de serviço ou por idade. |s empres s pag ão empreg aposent abon salári normat correspondent époc cas aposentador invalidez permanent temp servic idad|0.26571368368590353|0.0|0.0|0.0|0.0|0.0|0.0|0.0|0.0|0.0|0.0|0.0|0.0|0.0|0.0|0.0|0.0|0.0|0.0|0.0|0.0|0.0|0.20633150458371505|0.12545898803344468|0.0|0.0|0.0|0.0|0.0|0.0|0.0|0.0|0.0|0.0|0.0|0.0|0.0|0.0|0.0|0.0|0.0|0.1921621668996448|0.0|0.0|0.0|0.0|0.0|0.0|0.0|0.0|0.0|0.0|0.0|0.0|0.0|0.0|0.0|0.0|0.0|0.0|0.0|0.0|0.0|0.0|0.0|0.0|0.0|0.0|0.22268880449477954|0.0|0.0|0.0|0.0|0.0|0.0|0.0|0.0|0.0|0.0|0.0|0.0|0.0|0.0|0.0|0.0|0.0|0.0|0.0|0.0|0.0|0.0|0.0|0.0|0.0|0.0|0.0|0.0|0.0|0.0|0.0|0.0|0.0|0.0|0.0|0.0|0.0|0.0|0.0|0.0|0.0|0.11861065011338606|0.0|0.0|0.11217762547698786|0.0|0.0|0.0|0.0|0.0|0.0|0.0|0.0|0.0|0.0|0.0|0.0|0.0|0.0|0.0|0.0|0.0|0.0|0.0|0.0|0.0|0.0|0.0|0.0|0.0|0.0|0.0|0.0|0.0|0.0|0.0|0.0|0.0|0.0|0.0|0.0|0.0|0.0|0.0|0.0|0.0|0.0|0.0|0.22268880449477954|0.0|0.0|0.0|0.0|0.0|0.0|0.0|0.0|0.0|0.0|0.0|0.33926520047216224|0.0|0.0|0.0|0.0|0.0|0.0|0.0|0.0|0.0|0.0|0.0|0.0|0.0|0.0|0.0|0.0|0.0|0.0|0.0|0.0|0.0|0.0|0.0|0.0|0.0|0.0|0.0|0.0|0.0|0.0|0.33926520047216224|0.0|0.0|0.0|0.0|0.0|0.0|0.0|0.0|0.0|0.0|0.2962403212810382|0.0|0.0|0.0|0.0|0.0|0.0|0.0|0.0|0.0|0.2962403212810382|0.0|0.0|0.0|0.0|0.0|0.0|0.0|0.0|0.0|0.0|0.0|0.0|0.0|0.0|0.0|0.0|0.0|0.0|0.0|0.0|0.0|0.0|0.0|0.0|0.0|0.0|0.0|0.0|0.0|0.0|0.0|0.0|0.0|0.0|0.0|0.0|0.0|0.0|0.0|0.0|0.0|0.0|0.0|0.0|0.1491372877085208|0.0|0.0|0.0|0.0|0.0|0.15837027448930563|0.0|0.0|0.0|0.0|0.0|0.0|0.0|0.0|0.0|0.0|0.0|0.0|0.0|0.0|0.0|0.0|0.0|0.15837027448930563|0.0|0.0|0.0|0.0|0.0|0.0|0.0|0.0|0.0|0.0|0.0|0.0|0.0|0.0|0.0|0.0|0.0|0.0|0.0|0.0|0.0|0.33926520047216224|0.33926520047216224|0.0
2012_032551|Retirement Assurances|Aos empregados que estiver, comprovadamente, a até 02 (dois) anos da aquisição do direito à aposentadoria e que tenha prestado 03 (três) anos de serviços à mesma empresa, será garantido o emprego ou o salário durante o período que faltar para se aposentar, excetuando-se os casos de demissão por justa causa, de extinção do estabelecimento ou motivo de força maior comprovado, desde que por elas avisadas. |empreg comprov dois anos aquisiçã direit aposentador prest três anos servic mesm empres garant empreg salári durant períod falt aposent excetuandos cas demissã just caus extinçã estabelec motiv forc maior comprov desd avis|0.0|0.0|0.0|0.0|0.0|0.0|0.0|0.0|0.0|0.0|0.0|0.0|0.0|0.0|0.0|0.0|0.1984897168917477|0.0|0.0|0.0|0.0|0.0|0.1542200847056205|0.09377286227149605|0.0|0.0|0.0|0.0|0.0|0.0|0.0|0.14362937795791075|0.0|0.0|0.0|0.0|0.0|0.22142138464679126|0.0|0.0|0.0|0.14362937795791075|0.0|0.1259313081021088|0.0|0.0|0.0|0.0|0.0|0.0|0.0|0.0|0.0|0.23674404154488743|0.0|0.0|0.0|0.0|0.0|0.0|0.0|0.0|0.0|0.0|0.0|0.0|0.0|0.0|0.0|0.0|0.0|0.0|0.0|0.0|0.0|0.0|0.0|0.0|0.0|0.0|0.0|0.14362937795791075|0.0|0.0|0.22142138464679126|0.0|0.0|0.0|0.0|0.0|0.0|0.0|0.0|0.0|0.0|0.0|0.0|0.13428771255643185|0.0|0.0|0.0|0.0|0.22142138464679126|0.0|0.0|0.16644615838704466|0.0|0.0|0.0|0.0|0.1773083033963282|0.0|0.0|0.08384586221110639|0.0|0.0|0.0|0.0|0.0|0.0|0.0|0.0|0.0|0.25357983047740407|0.0|0.0|0.0|0.0|0.25357983047740407|0.0|0.0|0.0|0.0|0.0|0.25357983047740407|0.0|0.13428771255643185|0.0|0.0|0.0|0.0|0.0|0.0|0.0|0.0|0.22142138464679126|0.0|0.0|0.0|0.0|0.13428771255643185|0.0|0.0|0.0|0.0|0.0|0.0|0.0|0.0|0.0|0.0|0.0|0.0|0.0|0.0|0.0|0.0|0.0|0.0|0.0|0.0|0.0|0.0|0.0|0.0|0.13428771255643185|0.0|0.0|0.0|0.0|0.0|0.22142138464679126|0.0|0.0|0.0|0.0|0.0|0.13428771255643185|0.0|0.0|0.22142138464679126|0.0|0.0|0.0|0.0|0.0|0.0|0.0|0.0|0.0|0.0|0.0|0.0|0.0|0.0|0.0|0.0|0.0|0.0|0.0|0.0|0.0|0.0|0.0|0.0|0.0|0.0|0.0|0.0|0.0|0.0|0.0|0.10512254597179105|0.0|0.0|0.0|0.0|0.0|0.0|0.0|0.0|0.0|0.22142138464679126|0.0|0.0|0.0|0.0|0.0|0.0|0.0|0.0|0.0|0.0|0.0|0.0|0.0|0.0|0.0|0.0|0.0|0.0|0.0|0.0|0.0|0.0|0.0|0.0|0.0|0.0|0.0|0.0|0.0|0.0|0.0|0.0|0.0|0.11147093212729797|0.0|0.0|0.0|0.0|0.0|0.11837202077244371|0.0|0.0|0.0|0.0|0.0|0.0|0.0|0.0|0.0|0.0|0.0|0.0|0.0|0.0|0.0|0.0|0.0|0.0|0.0|0.0|0.0|0.0|0.0|0.0|0.25357983047740407|0.0|0.0|0.0|0.0|0.0|0.0|0.0|0.0|0.0|0.0|0.0|0.0|0.0|0.0|0.0|0.0|0.0
2015_043084|Retirement Assurances|O empregado que estiver a doze meses da data de aposentadoria, por idade ou por tempo de serviço (com tempo de serviço já comprovado perante seu empregador), desde que tenha cinco ou mais anos de trabalho efetivo e ininterrupto na mesma empresa (com direito à contagem desse tempo de serviço faltante para implementar o direito de aposentadoria para este fim), terá garantida a estabilidade provisória no emprego.  Parágrafo Primeiro: As partes reconhecem que a estabilidade retro não prevalecerá diante de demissão causada pela ocorrência de falta grave, nos termos da legislação em vigor.  Parágrafo Segundo - Caso a falta grave alegada não prevaleça em discussão judicial, serão devidos os salários até o final da referida estabilidade e não do trânsito em julgado da decisão que estiver sub judice, não cabendo no presente caso, igualmente, reintegração que ultrapasse o período de estabilidade.|empreg doz mes dat aposentador idad temp servic temp servic comprov perant empreg desd cinc anos trabalh efet ininterrupt mesm empres direit contag dess temp servic faltant implement direit aposentador fim garant estabil provisór empreg parágraf primeir part reconhec estabil retr prevalec diant demissã caus ocorrent falt grav term legisl vigor parágraf segund cas falt grav aleg prevalec discussã judicial dev salári final refer estabil trânsit julg decisã sub judic cab present cas igual reintegr ultrap períod estabil|0.0|0.0|0.0|0.0|0.0|0.0|0.0|0.0|0.0|0.12759598400339173|0.0|0.0|0.0|0.0|0.0|0.0|0.04993790455194341|0.0|0.0|0.0|0.0|0.0|0.0|0.0943690246327556|0.0|0.0|0.0|0.0|0.0|0.0|0.0|0.0|0.0|0.0|0.0|0.0|0.0|0.0|0.0|0.0|0.12759598400339173|0.14454250385633663|0.0|0.06336595912960312|0.0|0.0|0.07760027058955511|0.0|0.0|0.0|0.0|0.0|0.0|0.05956228632417099|0.0|0.0|0.0|0.0|0.0|0.0|0.0|0.0|0.0910283251672148|0.0|0.0|0.0|0.0|0.0|0.0|0.0|0.0|0.09993361796578003|0.0|0.12759598400339173|0.0|0.0|0.0|0.0|0.0|0.0|0.0|0.07227125192816831|0.0|0.0|0.11141453719016639|0.0|0.12759598400339173|0.0|0.06757072433932938|0.0|0.0|0.0|0.0|0.0|0.12759598400339173|0.0|0.0|0.13514144867865877|0.12759598400339173|0.0|0.0|0.0|0.0|0.08375217115255472|0.0|0.0|0.0|0.12759598400339173|0.0|0.0|0.13382665767166985|0.0|0.0|0.04218945676120021|0.0|0.0|0.0|0.0|0.0|0.0|0.0|0.0|0.0|0.0|0.3641133006688592|0.0|0.0|0.0|0.0|0.0|0.0|0.0|0.0|0.0|0.0|0.0|0.13514144867865877|0.12759598400339173|0.0|0.0|0.0|0.0|0.11141453719016639|0.12759598400339173|0.0|0.0|0.0|0.0|0.0|0.0|0.06757072433932938|0.0|0.25519196800678345|0.0|0.0|0.0|0.0|0.08375217115255472|0.0|0.12759598400339173|0.0|0.0|0.0910283251672148|0.0|0.0|0.0|0.11141453719016639|0.0|0.0|0.0|0.12759598400339173|0.12759598400339173|0.12759598400339173|0.0|0.0|0.0|0.0|0.0|0.0|0.11141453719016639|0.0|0.0|0.0|0.0|0.0|0.0|0.04993790455194341|0.06757072433932938|0.0|0.0|0.0|0.0|0.0|0.0|0.0|0.0|0.0|0.0|0.0|0.0|0.0|0.0|0.0|0.0|0.0|0.0|0.0|0.0|0.0|0.12759598400339173|0.0|0.0|0.0|0.0|0.0|0.06336595912960312|0.15520054117911022|0.0|0.0|0.12759598400339173|0.0|0.0|0.05289543205766786|0.0|0.0|0.0|0.0|0.0|0.0|0.0|0.0|0.11141453719016639|0.0|0.25519196800678345|0.0|0.0|0.09993361796578003|0.0|0.0|0.11141453719016639|0.0|0.0|0.0|0.0|0.0|0.0|0.0|0.0|0.12759598400339173|0.11141453719016639|0.12759598400339173|0.0|0.0|0.0|0.0|0.0|0.0|0.0|0.0|0.0|0.0|0.12759598400339173|0.0|0.0|0.0|0.0|0.056089805114943|0.0|0.09993361796578003|0.0|0.0|0.0|0.17868685897251294|0.0|0.0|0.0|0.0|0.0|0.0|0.0|0.0|0.0|0.0|0.0|0.12759598400339173|0.0|0.0|0.0|0.0|0.0|0.17868685897251294|0.0|0.09993361796578003|0.06336595912960312|0.0|0.0|0.12759598400339173|0.0|0.0|0.0|0.0|0.0|0.12759598400339173|0.0|0.0|0.0|0.0|0.0|0.11141453719016639|0.0|0.0|0.0|0.0|0.0|0.0
