contract_id|title|text|clean_text|abrig|acident|acidental|acim|acord|adequ|adot|adqu|afins|aind|alist|alud|além|ambient|ano|anos|anot|antecedent|anterior|anu|aprendiz|aprendizag|apresent|aprimor|aprov|aproveit|apólic|após|art|artig|assegur|assin|assist|assistent|ato|ausentars|ausênc|autom|auxili|avis|baix|bem|benefíci|brasileir|básic|candidat|caput|carg|carreir|carát|cas|categor|caus|cem|cent|cest|cinc|cit|clt|cláusul|coincident|compat|compens|complet|compromet|compromiss|comprov|compulsóri|comunic|comuniqu|conced|conclusã|condicion|condiçõ|confirm|conform|conselh|consider|constitu|constituiçã|continu|contrat|convencion|conveni|convoc|convêni|correspondent|crmvsc|ctps|cumpr|cumpriment|curs|cust|dat|decorr|decret|demissã|dentr|dependent|descont|descrit|desd|desengaj|desenvolv|desertor|desincorpor|deslig|dess|dest|detalh|determin|dev|devid|dezembr|dia|dias|diretor|dirig|disciplin|dispens|disposiçõ|divulg|dobr|doenc|dsr|duas|durant|educ|efet|efetiv|empreg|empres|ensin|entidad|envid|escol|escrit|esforc|especial|estabelec|estabil|estud|etc|event|eventual|exam|excet|excluíd|exerc|exercent|existent|experient|express|extens|faculdad|facult|falec|feminin|feri|fic|filh|fim|forc|form|formaçã|fornec|fortalec|funcional|funcionári|funeral|funçã|funçõ|futur|garant|gestant|goz|graus|gravidez|grup|guerr|habilit|hav|hipótes|hor|horári|idad|igual|ii|imped|implant|in|incid|incis|inclusiv|incorpor|indeniz|industrial|indústr|inerent|inexist|inic|inicial|inscriçã|instal|intern|invalidez|item|jorn|jovens|junt|just|legisl|lei|licenc|mantenh|maquinári|mediant|mei|melhor|men|menor|mer|mes|mesm|mil|milit|ministéri|modern|morad|mort|motiv|mútu|nasciment|natur|necess|necessári|nest|nomenclatur|normat|nov|nº|obedec|obrig|obrigatóri|ocasiã|ocorr|odontológ|oferec|omiss|oportun|outr|pag|pagament|palestr|paragraf|parcial|part|particul|parágraf|patern|ped|pens|perceb|permanent|permit|períod|pesso|pis|plan|pod|possibil|posterior|praz|preferencial|prejuíz|present|prest|prestaçã|prevident|previst|primeir|prioritari|priv|produt|produçã|profission|profissional|profissã|program|promov|promoçã|propic|proporcion|prorrog|provisór|prátic|prév|prévi|quadr|qualific|qualqu|radial|razã|rea|reajust|realiz|receb|reciclag|reconhec|refeiçã|refer|refratári|regional|registr|regul|regulament|reiter|reivindic|relaçã|remuner|respect|restant|rádi|salari|salarial|salv|salári|saúd|seguint|segund|segur|seis|seleçã|semestr|seminári|sena|send|sent|serv|servic|sessent|setembr|setent|sex|signatári|sindicat|social|sofr|soment|substituiçõ|substitut|substituíd|sujeitandos|supr|temp|tir|tod|total|trabalh|transaçã|treinament|tres|trint|tv|técnic|términ|unidad|universitári|utilizandos|vag|valor|vantagens|vid|vigent|vint|vis|xvii|áre|ão|últim|únic
2016_082054|Internship / Apprenticeship|- APRENDIZES DO SENAI  A) Será assegurado aos menores aprendizes do SENAI, durante o período de treinamento prático na empresa, um salário correspondente a 75% (setenta e cinco por cento) do Salário Normativo vigente para a categoria de acordo com a cláusula 04. Os menores aprendizes em empresa com 50 ou mais empregados em 31.08.15 receberão 100% (cem por cento) do Salário Normativo citado, nos últimos 6 (seis) meses de treinamento prático na empresa;  B) A empresa não poderá impedir o completo cumprimento do contrato de aprendizagem, inclusive no que se refere ao treinamento prático na empresa, a não ser por motivos disciplinares, escolares ou por mútuo acordo entre as partes, e, neste caso, com assistência do sindicato signatário;  C) Se efetivado na empresa, após a conclusão do aprendizado e inexistindo vaga na função para a qual recebeu treinamento, o mesmo poderá ser aproveitado em função compatível, percebendo o menor salário dessa função. Ocorrendo a existência dessas vagas elas serão, preferencialmente, dirigidas para os aprendizes;  D) As condições e prazos de inscrição para seleção de candidatos a aprendizes do SENAI, deverão ser divulgados nos quadros de avisos da empresa;  E) As parte envidarão esforços, no sentido de que no SENAI, bem como em outras escolas técnicas particulares, desde que com essas entidades mantenham convênios, sejam oferecidas oportunidades de aprendizado e formação para o sexo feminino. Reiterarão ao Conselho Regional do SENAI e as diretorias das escolas técnicas conveniadas, a reivindicação apresentada pela categoria profissional, a fim de que proporcionem instalações adequadas para aprendizes do sexo feminino.   |aprendiz sena assegur menor aprendiz sena durant períod treinament prátic empres salári correspondent setent cinc cent salári normat vigent categor acord cláusul menor aprendiz empres empreg receb cem cent salári normat cit últim seis mes treinament prátic empres b empres pod imped complet cumpriment contrat aprendizag inclusiv refer treinament prátic empres motiv disciplin escol mútu acord part nest cas assistent sindicat signatári c efetiv empres após conclusã aprendiz inexist vag funçã receb treinament pod aproveit funçã compat perceb menor salári dess funçã ocorr existent dess vag preferencial dirig aprendiz d condiçõ praz inscriçã seleçã candidat aprendiz sena dev divulg quadr avis empres part envid esforc sent sena bem outr escol técnic particul desd entidad mantenh convêni oferec oportun aprendiz formaçã sex feminin reiter conselh regional sena diretor escol técnic conveni reivindic apresent categor profissional fim proporcion instal adequ aprendiz sex feminin|0.0|0.0|0.0|0.0|0.11000974013732696|0.05500487006866348|0.0|0.0|0.0|0.0|0.0|0.0|0.0|0.0|0.0|0.0|0.0|0.0|0.0|0.0|0.5052844720872266|0.06316055901090332|0.05500487006866348|0.0|0.0|0.06316055901090332|0.0|0.030787674826356498|0.0|0.0|0.03796197870130085|0.0|0.0|0.05500487006866348|0.0|0.0|0.0|0.0|0.0|0.05500487006866348|0.0|0.06316055901090332|0.0|0.0|0.0|0.06316055901090332|0.0|0.0|0.0|0.0|0.049218316675394114|0.12632111802180665|0.0|0.06316055901090332|0.11000974013732696|0.0|0.05500487006866348|0.06316055901090332|0.0|0.05500487006866348|0.0|0.06316055901090332|0.0|0.05500487006866348|0.0|0.0|0.0|0.0|0.0|0.0|0.0|0.06316055901090332|0.0|0.06316055901090332|0.0|0.0|0.06316055901090332|0.0|0.0|0.0|0.0|0.04472991716186571|0.0|0.06316055901090332|0.0|0.06316055901090332|0.06316055901090332|0.0|0.0|0.0|0.06316055901090332|0.0|0.0|0.0|0.0|0.0|0.0|0.0|0.0|0.0|0.0|0.02887056737624846|0.0|0.0|0.0|0.0|0.0|0.12632111802180665|0.0|0.0|0.0|0.049218316675394114|0.0|0.0|0.0|0.0|0.05500487006866348|0.06316055901090332|0.06316055901090332|0.0|0.0|0.06316055901090332|0.0|0.0|0.0|0.0|0.05500487006866348|0.0|0.0|0.05500487006866348|0.02401973636579164|0.26573385090910595|0.0|0.06316055901090332|0.06316055901090332|0.16501461020599045|0.0|0.06316055901090332|0.0|0.0|0.0|0.0|0.0|0.0|0.0|0.0|0.0|0.0|0.0|0.0|0.05500487006866348|0.0|0.0|0.0|0.0|0.0|0.0|0.12632111802180665|0.0|0.0|0.0|0.049218316675394114|0.0|0.0|0.05500487006866348|0.0|0.0|0.0|0.0|0.0|0.13418975148559711|0.0|0.0|0.0|0.0|0.0|0.0|0.0|0.0|0.0|0.0|0.0|0.0|0.0|0.0|0.0|0.0|0.0|0.05500487006866348|0.0|0.0|0.0|0.0|0.049218316675394114|0.0|0.0|0.0|0.0|0.0|0.06316055901090332|0.0|0.0|0.06316055901090332|0.06316055901090332|0.0|0.0|0.0|0.0|0.0|0.0|0.0|0.0|0.0|0.0|0.06316055901090332|0.0|0.0|0.0|0.0|0.0|0.13418975148559711|0.0|0.049218316675394114|0.0|0.0|0.0|0.0|0.0|0.0|0.0|0.049218316675394114|0.06316055901090332|0.0|0.0|0.0|0.0|0.05500487006866348|0.0|0.12632111802180665|0.0|0.0|0.0|0.0|0.0|0.0|0.05500487006866348|0.0|0.049218316675394114|0.0|0.05500487006866348|0.06316055901090332|0.0|0.0|0.0|0.0|0.0|0.09843663335078823|0.06316055901090332|0.0|0.0|0.0|0.0|0.06316055901090332|0.0|0.0|0.049218316675394114|0.0|0.0|0.0|0.11000974013732696|0.0|0.0|0.04472991716186571|0.06316055901090332|0.0|0.0|0.0|0.0|0.0|0.0|0.0|0.0|0.0|0.0|0.0|0.0|0.04472991716186571|0.0|0.0|0.0|0.0|0.0|0.06316055901090332|0.0|0.0|0.18948167703270996|0.0|0.0|0.05500487006866348|0.0|0.0|0.0|0.0|0.0|0.0|0.0|0.09843663335078823|0.0|0.0|0.0|0.05500487006866348|0.0|0.06316055901090332|0.0|0.0|0.0|0.06316055901090332|0.06316055901090332|0.0|0.0|0.0|0.0|0.0|0.0|0.0|0.0|0.14110429735953964|0.0|0.0|0.0|0.0|0.05500487006866348|0.06316055901090332|0.0|0.0|0.31580279505451664|0.0|0.06316055901090332|0.0|0.0|0.0|0.0|0.05500487006866348|0.12632111802180665|0.06316055901090332|0.05500487006866348|0.0|0.0|0.0|0.0|0.0|0.0|0.0|0.0|0.0|0.0|0.0|0.0|0.0|0.0|0.22001948027465393|0.0|0.0|0.0|0.11000974013732696|0.0|0.0|0.0|0.0|0.12632111802180665|0.0|0.0|0.0|0.05500487006866348|0.0|0.0|0.0|0.0|0.0|0.06316055901090332|0.0
2016_082054|Youth Workforce|. PROMOÇÃO DO PRIMEIRO EMPREGO  A empresa, ao promover a contratação de jovens entre 18 e 24 anos de idade, sem experiência no trabalho, e sendo comprovadamente o seu primeiro emprego registrado em CTPS, será permitido o pagamento inicial do Piso Salarial da empresa, e não o menor salário da função, por um período de 06 (seis) meses, incidindo posteriormente o regular quadro de carreira existente na empresa.  |promoçã primeir empreg empres promov contrat jovens anos idad experient trabalh send comprov primeir empreg registr ctps permit pagament inicial pis salarial empres menor salári funçã períod seis mes incid posterior regul quadr carreir existent empres|0.0|0.0|0.0|0.0|0.0|0.0|0.0|0.0|0.0|0.0|0.0|0.0|0.0|0.0|0.0|0.16471534632705284|0.0|0.0|0.0|0.0|0.0|0.0|0.0|0.0|0.0|0.0|0.0|0.0|0.0|0.0|0.0|0.0|0.0|0.0|0.0|0.0|0.0|0.0|0.0|0.0|0.0|0.0|0.0|0.0|0.0|0.0|0.0|0.0|0.18913804066265993|0.0|0.0|0.0|0.0|0.0|0.0|0.0|0.0|0.0|0.0|0.0|0.0|0.0|0.0|0.0|0.0|0.0|0.1473871689307144|0.0|0.0|0.0|0.0|0.0|0.0|0.0|0.0|0.0|0.0|0.0|0.0|0.0|0.0|0.13394639033416259|0.0|0.0|0.0|0.0|0.0|0.0|0.16471534632705284|0.0|0.0|0.0|0.0|0.0|0.0|0.0|0.0|0.0|0.0|0.0|0.0|0.0|0.0|0.0|0.0|0.0|0.0|0.0|0.0|0.0|0.0|0.0|0.0|0.0|0.0|0.0|0.0|0.0|0.0|0.0|0.0|0.0|0.0|0.0|0.0|0.0|0.0|0.0|0.0|0.0|0.14385705081157404|0.3410381914131976|0.0|0.0|0.0|0.0|0.0|0.0|0.0|0.0|0.0|0.0|0.0|0.0|0.0|0.0|0.0|0.0|0.0|0.0|0.16471534632705284|0.1473871689307144|0.0|0.0|0.0|0.0|0.0|0.0|0.0|0.0|0.0|0.0|0.0|0.0|0.0|0.0|0.0|0.0|0.0|0.0|0.13394639033416259|0.0|0.0|0.0|0.0|0.0|0.0|0.0|0.0|0.0|0.0|0.0|0.0|0.0|0.0|0.10563629719876892|0.0|0.0|0.0|0.0|0.0|0.18913804066265993|0.0|0.0|0.0|0.0|0.0|0.0|0.0|0.0|0.0|0.18913804066265993|0.0|0.0|0.0|0.0|0.0|0.0|0.16471534632705284|0.0|0.0|0.0|0.0|0.0|0.0|0.0|0.0|0.0|0.0|0.0|0.13394639033416259|0.0|0.1473871689307144|0.0|0.0|0.0|0.0|0.0|0.0|0.0|0.0|0.0|0.0|0.0|0.0|0.0|0.0|0.0|0.0|0.0|0.0|0.0|0.0|0.0|0.0|0.0|0.0|0.0|0.0|0.0|0.0|0.0|0.18913804066265993|0.0|0.0|0.0|0.0|0.0|0.0|0.0|0.0|0.0|0.0|0.0|0.18913804066265993|0.1473871689307144|0.0|0.18913804066265993|0.0|0.0|0.0|0.18913804066265993|0.0|0.0|0.0|0.0|0.0|0.0|0.0|0.0|0.2947743378614288|0.0|0.0|0.0|0.0|0.0|0.0|0.0|0.0|0.16471534632705284|0.18913804066265993|0.0|0.0|0.0|0.0|0.0|0.0|0.0|0.16471534632705284|0.0|0.0|0.0|0.0|0.0|0.0|0.0|0.0|0.0|0.0|0.0|0.0|0.0|0.0|0.16471534632705284|0.18913804066265993|0.0|0.0|0.0|0.0|0.0|0.0|0.0|0.0|0.0|0.16471534632705284|0.0|0.10563629719876892|0.0|0.0|0.0|0.0|0.16471534632705284|0.0|0.0|0.0|0.0|0.18913804066265993|0.0|0.0|0.0|0.0|0.0|0.0|0.0|0.0|0.0|0.0|0.0|0.0|0.0|0.0|0.0|0.0|0.0|0.0|0.0|0.0|0.0|0.10563629719876892|0.0|0.0|0.0|0.0|0.0|0.0|0.0|0.0|0.0|0.0|0.0|0.0|0.0|0.0|0.0|0.0|0.0|0.0|0.0|0.0|0.0|0.0
2016_082054|Qualification / Vocational Training|.     OPORTUNIDADES À NOVA FORÇA DE TRABALHO.  Visando fortalecer o presente e o futuro dos jovens e das indústrias brasileiras, é necessário que, se pense em aprimorar continuamente, a relação entre o moderno ambiente produtivo industrial e a nova força de trabalho. |oportun nov forc trabalh vis fortalec present futur jovens indústr brasileir necessári pens aprimor continu relaçã modern ambient produt industrial nov forc trabalh|0.0|0.0|0.0|0.0|0.0|0.0|0.0|0.0|0.0|0.0|0.0|0.0|0.0|0.2027971200791438|0.0|0.0|0.0|0.0|0.0|0.0|0.0|0.0|0.0|0.17661067943250483|0.0|0.0|0.0|0.0|0.0|0.0|0.0|0.0|0.0|0.0|0.0|0.0|0.0|0.0|0.0|0.0|0.0|0.0|0.0|0.2027971200791438|0.0|0.0|0.0|0.0|0.0|0.0|0.0|0.0|0.0|0.0|0.0|0.0|0.0|0.0|0.0|0.0|0.0|0.0|0.0|0.0|0.0|0.0|0.0|0.0|0.0|0.0|0.0|0.0|0.0|0.0|0.0|0.0|0.0|0.0|0.0|0.0|0.2027971200791438|0.0|0.0|0.0|0.0|0.0|0.0|0.0|0.0|0.0|0.0|0.0|0.0|0.0|0.0|0.0|0.0|0.0|0.0|0.0|0.0|0.0|0.0|0.0|0.0|0.0|0.0|0.0|0.0|0.0|0.0|0.0|0.0|0.0|0.0|0.0|0.0|0.0|0.0|0.0|0.0|0.0|0.0|0.0|0.0|0.0|0.0|0.0|0.0|0.0|0.0|0.0|0.0|0.0|0.0|0.0|0.0|0.0|0.0|0.0|0.0|0.0|0.0|0.0|0.0|0.0|0.0|0.0|0.0|0.0|0.0|0.0|0.0|0.0|0.0|0.0|0.0|0.0|0.0|0.0|0.0|0.0|0.4055942401582876|0.0|0.0|0.0|0.2027971200791438|0.0|0.0|0.0|0.0|0.0|0.2027971200791438|0.0|0.0|0.0|0.0|0.0|0.0|0.0|0.0|0.0|0.0|0.0|0.0|0.0|0.0|0.0|0.0|0.0|0.0|0.0|0.0|0.0|0.0|0.0|0.2027971200791438|0.2027971200791438|0.0|0.0|0.0|0.0|0.0|0.0|0.0|0.0|0.0|0.0|0.17661067943250483|0.0|0.0|0.0|0.0|0.0|0.0|0.0|0.0|0.0|0.0|0.0|0.0|0.0|0.0|0.0|0.0|0.0|0.0|0.2027971200791438|0.0|0.0|0.0|0.0|0.0|0.0|0.0|0.17661067943250483|0.0|0.0|0.0|0.35322135886500966|0.0|0.0|0.0|0.0|0.0|0.0|0.0|0.0|0.0|0.17661067943250483|0.0|0.0|0.0|0.0|0.0|0.0|0.0|0.0|0.0|0.0|0.0|0.2027971200791438|0.0|0.0|0.0|0.0|0.0|0.0|0.0|0.0|0.0|0.0|0.0|0.0|0.0|0.2027971200791438|0.0|0.0|0.0|0.0|0.0|0.0|0.0|0.2027971200791438|0.0|0.0|0.0|0.0|0.0|0.0|0.0|0.0|0.0|0.0|0.0|0.0|0.0|0.0|0.0|0.0|0.0|0.0|0.0|0.0|0.0|0.0|0.0|0.0|0.0|0.0|0.0|0.0|0.0|0.0|0.0|0.0|0.0|0.0|0.2027971200791438|0.0|0.0|0.0|0.0|0.0|0.0|0.0|0.0|0.0|0.0|0.0|0.0|0.0|0.0|0.0|0.0|0.0|0.0|0.0|0.0|0.0|0.0|0.0|0.0|0.0|0.0|0.0|0.0|0.0|0.0|0.0|0.0|0.0|0.0|0.0|0.0|0.0|0.0|0.0|0.22653017629535158|0.0|0.0|0.0|0.0|0.0|0.0|0.0|0.0|0.0|0.0|0.0|0.0|0.0|0.0|0.0|0.0|0.2027971200791438|0.0|0.0|0.0|0.0|0.0
2016_082054|Military Service Assurances|GARANTIA AO EMPREGADO EM IDADE DE PRESTAÇÃO DE SERVIÇO MILITAR.  Serão garantidos emprego e salário ao empregado em idade de prestação do serviço militar, desde o alistamento até a incorporação e nos 30 (trinta) dias após o desligamento da unidade em que serviu, além do aviso prévio previsto na CLT;  A) A garantia de emprego será extensiva ao empregado que estiver servindo o Tiro de Guerra;  B) Havendo coincidência entre o horário da prestação do Tiro de Guerra com o Horário de Trabalho, o empregado não sofrerá desconto do DSR, e de feriados respectivos, em razão das horas não trabalhadas por esse motivo. A estes empregados não será impedida a prestação de serviços no restante da jornada;  |garant empreg idad prestaçã servic milit garant empreg salári empreg idad prestaçã servic milit desd alist incorpor trint dias após deslig unidad serv além avis prévi previst clt garant empreg extens empreg serv tir guerr b hav coincident horári prestaçã tir guerr horári trabalh empreg sofr descont dsr feri respect razã hor trabalh motiv empreg imped prestaçã servic restant jorn|0.0|0.0|0.0|0.0|0.0|0.0|0.0|0.0|0.0|0.0|0.07583734500525967|0.0|0.13578407444898716|0.0|0.0|0.0|0.0|0.0|0.0|0.0|0.0|0.0|0.0|0.0|0.0|0.0|0.0|0.06618807680298598|0.0|0.0|0.0|0.0|0.0|0.0|0.0|0.0|0.0|0.0|0.0|0.11825078006625844|0.0|0.0|0.0|0.0|0.0|0.0|0.0|0.0|0.0|0.0|0.0|0.0|0.0|0.0|0.0|0.0|0.0|0.0|0.11825078006625844|0.0|0.13578407444898716|0.0|0.0|0.0|0.0|0.0|0.0|0.0|0.0|0.0|0.0|0.0|0.0|0.0|0.0|0.0|0.0|0.0|0.0|0.0|0.0|0.0|0.0|0.0|0.0|0.0|0.0|0.0|0.0|0.0|0.0|0.0|0.0|0.0|0.0|0.0|0.0|0.0|0.0|0.13578407444898716|0.0|0.06206663353508774|0.0|0.0|0.0|0.0|0.1058107097271234|0.0|0.0|0.0|0.0|0.0|0.0|0.0|0.0|0.070744120961666|0.0|0.0|0.0|0.0|0.0|0.0|0.0|0.0|0.13578407444898716|0.0|0.0|0.0|0.0|0.0|0.36146741026504653|0.0|0.0|0.0|0.0|0.0|0.0|0.0|0.0|0.0|0.0|0.0|0.0|0.0|0.0|0.0|0.0|0.0|0.0|0.0|0.0|0.0|0.0|0.13578407444898716|0.0|0.0|0.0|0.0|0.11825078006625844|0.0|0.0|0.0|0.0|0.0|0.0|0.0|0.0|0.0|0.0|0.0|0.0|0.0|0.0|0.2884843245745492|0.0|0.0|0.0|0.0|0.0|0.17655483068878944|0.0|0.11825078006625844|0.0|0.11825078006625844|0.23650156013251689|0.15167469001051934|0.0|0.0|0.11825078006625844|0.0|0.0|0.0|0.0|0.0|0.1058107097271234|0.0|0.0|0.0|0.0|0.0|0.0|0.0|0.0|0.0|0.0|0.0|0.0|0.09616144152484973|0.0|0.0|0.0|0.0|0.0|0.0|0.0|0.0|0.0|0.0|0.0|0.0|0.0|0.0|0.0|0.0|0.0|0.15167469001051934|0.0|0.0|0.0|0.0|0.1058107097271234|0.0|0.0|0.0|0.0|0.0|0.0|0.0|0.0|0.0|0.0|0.0|0.0|0.0|0.0|0.0|0.0|0.0|0.0|0.0|0.0|0.0|0.0|0.0|0.0|0.0|0.0|0.0|0.0|0.0|0.0|0.0|0.0|0.0|0.0|0.0|0.0|0.0|0.0|0.0|0.0|0.0|0.0|0.0|0.0|0.0|0.0|0.3531096613775789|0.0|0.08827741534439472|0.0|0.0|0.0|0.0|0.0|0.0|0.0|0.0|0.0|0.0|0.0|0.0|0.0|0.0|0.0|0.0|0.0|0.11825078006625844|0.0|0.0|0.0|0.0|0.13578407444898716|0.0|0.0|0.0|0.0|0.0|0.0|0.0|0.0|0.0|0.0|0.0|0.0|0.0|0.0|0.0|0.0|0.0|0.11825078006625844|0.13578407444898716|0.0|0.0|0.0|0.0|0.07583734500525967|0.0|0.0|0.0|0.0|0.0|0.0|0.0|0.0|0.0|0.0|0.0|0.2715681488979743|0.19856423040895796|0.0|0.0|0.0|0.0|0.0|0.0|0.0|0.13578407444898716|0.0|0.0|0.0|0.0|0.0|0.0|0.0|0.17655483068878944|0.0|0.0|0.15167469001051934|0.0|0.0|0.0|0.08827741534439472|0.0|0.0|0.0|0.13578407444898716|0.0|0.0|0.0|0.0|0.0|0.0|0.0|0.0|0.0|0.0|0.0|0.0|0.0|0.0
2012_002993|Military Service Assurances| Fica assegurado ao empregado em idade de prestação do Serviço Militar obrigatório o emprego, desde o alistamento prévio (em data anterior a data de dispensa) até (60) sessenta dias após o término do compromisso, salvo a hipótese de dispensa, devidamente assistido pelo Sindicato dos Trabalhadores.|fic assegur empreg idad prestaçã servic milit obrigatóri empreg desd alist prévi dat anterior dat dispens sessent dias após términ compromiss salv hipótes dispens devid assist sindicat trabalh|0.0|0.0|0.0|0.0|0.0|0.0|0.0|0.0|0.0|0.0|0.13378015129047238|0.0|0.0|0.0|0.0|0.0|0.0|0.0|0.23952861247136786|0.0|0.0|0.0|0.0|0.0|0.0|0.0|0.0|0.11675845096785444|0.0|0.0|0.1439661115637134|0.0|0.23952861247136786|0.0|0.0|0.0|0.0|0.0|0.0|0.0|0.0|0.0|0.0|0.0|0.0|0.0|0.0|0.0|0.0|0.0|0.0|0.0|0.0|0.0|0.0|0.0|0.0|0.0|0.0|0.0|0.0|0.0|0.0|0.0|0.0|0.23952861247136786|0.0|0.0|0.0|0.0|0.0|0.0|0.0|0.0|0.0|0.0|0.0|0.0|0.0|0.0|0.0|0.0|0.0|0.0|0.0|0.0|0.0|0.0|0.0|0.0|0.0|0.0|0.0|0.37330876376184025|0.0|0.0|0.0|0.0|0.0|0.0|0.0|0.10948805794610128|0.0|0.0|0.0|0.0|0.0|0.0|0.0|0.0|0.0|0.0|0.2085991703214725|0.0|0.0|0.12479549758112939|0.0|0.0|0.0|0.3392653631166044|0.0|0.0|0.0|0.0|0.0|0.0|0.0|0.0|0.0|0.0|0.1821837619465313|0.0|0.0|0.0|0.0|0.0|0.0|0.0|0.0|0.0|0.0|0.0|0.0|0.0|0.0|0.0|0.0|0.0|0.0|0.0|0.0|0.0|0.0|0.0|0.0|0.0|0.0|0.0|0.0|0.1439661115637134|0.0|0.0|0.0|0.0|0.0|0.0|0.0|0.0|0.0|0.0|0.0|0.0|0.0|0.0|0.0|0.0|0.0|0.0|0.0|0.0|0.0|0.0|0.2085991703214725|0.0|0.0|0.13378015129047238|0.0|0.0|0.0|0.0|0.0|0.0|0.0|0.0|0.0|0.0|0.0|0.0|0.0|0.0|0.0|0.0|0.0|0.0|0.0|0.0|0.0|0.0|0.0|0.0|0.0|0.0|0.0|0.0|0.0|0.0|0.0|0.0|0.0|0.0|0.0|0.0|0.0|0.0|0.0|0.13378015129047238|0.0|0.0|0.0|0.0|0.0|0.0|0.0|0.0|0.0|0.0|0.0|0.0|0.0|0.0|0.0|0.0|0.0|0.2085991703214725|0.0|0.0|0.0|0.0|0.0|0.0|0.0|0.0|0.0|0.0|0.0|0.0|0.0|0.0|0.0|0.0|0.0|0.0|0.0|0.0|0.0|0.0|0.0|0.0|0.0|0.0|0.0|0.0|0.0|0.0|0.0|0.0|0.0|0.15572493973102478|0.0|0.0|0.0|0.0|0.0|0.0|0.0|0.0|0.0|0.0|0.0|0.0|0.0|0.0|0.0|0.0|0.0|0.0|0.0|0.2085991703214725|0.0|0.0|0.0|0.0|0.0|0.0|0.0|0.0|0.0|0.0|0.0|0.0|0.0|0.0|0.0|0.0|0.0|0.0|0.0|0.0|0.0|0.0|0.0|0.0|0.0|0.0|0.0|0.2085991703214725|0.0|0.0|0.0|0.0|0.0|0.0|0.0|0.0|0.0|0.0|0.0|0.0|0.0|0.11675845096785444|0.2085991703214725|0.0|0.0|0.0|0.0|0.2085991703214725|0.0|0.0|0.0|0.0|0.0|0.0|0.0|0.0|0.0|0.0|0.0|0.0|0.13378015129047238|0.0|0.0|0.0|0.0|0.0|0.0|0.2085991703214725|0.0|0.0|0.0|0.0|0.0|0.0|0.0|0.0|0.0|0.0|0.0|0.0|0.0|0.0|0.0
2012_042451|Qualification / Vocational Training|"REGISTRO PROFISSIONAL  A empresa obriga - se a somente contratar para exercer qualquer das funções descritas no decreto nº 84.134/79, Radialista Profissional devidamente registrados  no Ministério do Trabalho, art. 6º da  Lei nº 6.615 de 16 de Dezembro de 1.978, radialistas profissionais .  LICENÇA PARA EMPREGADO(A) ADOTANTE  Fica assegurado a licença para a empregado ( a ) adotante conforme a  legislação vigente .  ESTABILIDADE PARA GESTANTE  As empregadas gestantes gozarão de licença de 120 ( cento e vinte ) dias  conforme esta previsto no artigo 7º XVIII. A estabilidade no emprego, inicia – se  desde a confirmação da gravidez até 5 ( cinco )meses após o parto conforme expressamente previsto no artigo 10 II , b do ato das   disposições da constituição trabalhista.  ANOTAÇÕES NA CTPS A empresa obriga - se anotar na CTPS a função exercida pelo empregado obedecendo a nomenclatura  das funções reconhecidas pela legislação e decretos    que regulamentaram a profissão.  LICENÇA PATERNIDADE Fica assegurado aos trabalhadores em rádio e TV, a licença de 05 ( cinco ) dias, pela ocasião do nascimento do seu filho ( a ). O empregado comprovará o nascimento no prazo de 05 ( cinco ) dias.  AUXILIO FUNERAL No caso de falecimento do empregado a empresa fornecerá aos dependentes habilitados junto a Previdência Social. Uma assistência funeral no valor de R$ 3.000,00 ( TRES MIL REAIS ). SALARIO ""In Natura"" Não Constituem salário "" in natura "" , previsto no art. 458 e parágrafo e incisos da CLT , os seguintes benefícios quando oferecido pela empresa : refeição , abrigo após jornada de trabalho , seguro de vida em grupo , auxilio funeral , auxilio educação , plano de saúde , plano odontológico  , previdência privada , cesta básica e moradia . SEGURO DE VIDA A Empresa fornecerá a todos os seus empregados seguro de vida em grupo na seguinte forma como e detalhe a baixo: MORTE POR QUALQUER CAUSA (Básica)                                        R$ 50.000,00 INDENIZAÇÃO ESPECIAL POR MORTE ACIDENTAL                       R$ 50.000,00 INVALIDEZ PERMANENTE TOTAL OU PARCIAL POR ACIDENTE  R$ 50.000,00 INVALIDEZ FUNCIONAL PERMANENTE TOTAL POR DOENÇA      R$ 50.000,00  PARAGRAFO ÚNICO: Fica convencionado entre as partes que o reajuste da apólice de seguro de vida não condicionada ao reajuste salarial DIA DO RADIALISTA A empresa assinante deste acordo estabelecem o dia 21 de setembro  ( Dia do Radialista ) como feriado para os trabalhadores em Rádio e TV, aqueles que forem convocados para o trabalho nesta data receberão em dobro. "|registr profissional empres obrig soment contrat exerc qualqu funçõ descrit decret nº radial profissional devid registr ministéri trabalh art lei nº dezembr radial profission licenc empreg adot fic assegur licenc empreg adot conform legisl vigent estabil gestant empreg gestant goz licenc cent vint dias conform previst artig xvii estabil empreg inic desd confirm gravidez cinc mes após part conform express previst artig ii b ato disposiçõ constituiçã trabalh anot ctps empres obrig anot ctps funçã exerc empreg obedec nomenclatur funçõ reconhec legisl decret regulament profissã licenc patern fic assegur trabalh rádi tv licenc cinc dias ocasiã nasciment filh empreg comprov nasciment praz cinc dias auxili funeral cas falec empreg empres fornec dependent habilit junt prevident social assistent funeral valor r tres mil rea salari in natur constitu salári in natur previst art parágraf incis clt seguint benefíci oferec empres refeiçã abrig após jorn trabalh segur vid grup auxili funeral auxili educ plan saúd plan odontológ prevident priv cest básic morad segur vid empres fornec tod empreg segur vid grup seguint form detalh baix mort qualqu caus básic r indeniz especial mort acidental r invalidez permanent total parcial acident r invalidez funcional permanent total doenc r paragraf únic fic convencion part reajust apólic segur vid condicion reajust salarial dia radial empres assin dest acord estabelec dia setembr dia radial feri trabalh rádi tv convoc trabalh nest dat receb dobr|0.052243028006923764|0.052243028006923764|0.052243028006923764|0.0|0.04549707938807697|0.0|0.10448605601384753|0.0|0.0|0.0|0.0|0.0|0.0|0.0|0.0|0.0|0.10448605601384753|0.0|0.0|0.0|0.0|0.0|0.0|0.0|0.0|0.0|0.052243028006923764|0.050931827818171814|0.10448605601384753|0.10448605601384753|0.06280022683611582|0.052243028006923764|0.0|0.04549707938807697|0.052243028006923764|0.0|0.0|0.0|0.1567290840207713|0.0|0.052243028006923764|0.0|0.052243028006923764|0.0|0.10448605601384753|0.0|0.0|0.0|0.0|0.0|0.040710752672128425|0.0|0.040710752672128425|0.0|0.04549707938807697|0.052243028006923764|0.13649123816423092|0.0|0.04549707938807697|0.0|0.0|0.0|0.0|0.0|0.0|0.0|0.040710752672128425|0.0|0.0|0.0|0.0|0.0|0.052243028006923764|0.0|0.052243028006923764|0.1567290840207713|0.0|0.0|0.052243028006923764|0.052243028006923764|0.0|0.03699818924388124|0.052243028006923764|0.0|0.04549707938807697|0.0|0.0|0.0|0.09099415877615394|0.0|0.0|0.0|0.0|0.040710752672128425|0.0|0.10448605601384753|0.0|0.0|0.052243028006923764|0.0|0.052243028006923764|0.02388018541369709|0.0|0.0|0.0|0.0|0.0|0.0|0.04549707938807697|0.052243028006923764|0.0|0.0|0.04549707938807697|0.052243028006923764|0.1567290840207713|0.08165656630330453|0.0|0.0|0.0|0.0|0.052243028006923764|0.0|0.052243028006923764|0.052243028006923764|0.0|0.0|0.0|0.052243028006923764|0.0|0.0|0.15894270466610055|0.18840068050834743|0.0|0.0|0.0|0.0|0.0|0.0|0.052243028006923764|0.04549707938807697|0.07399637848776248|0.0|0.0|0.0|0.0|0.0|0.0|0.0|0.10448605601384753|0.0|0.0|0.0|0.052243028006923764|0.0|0.0|0.0|0.052243028006923764|0.0|0.04549707938807697|0.09420034025417372|0.052243028006923764|0.0|0.0|0.052243028006923764|0.0|0.10448605601384753|0.0|0.052243028006923764|0.0|0.1567290840207713|0.03699818924388124|0.10448605601384753|0.0|0.0|0.10448605601384753|0.052243028006923764|0.0|0.052243028006923764|0.10448605601384753|0.0|0.04549707938807697|0.0|0.0|0.0|0.0|0.0|0.0|0.052243028006923764|0.0|0.0|0.10448605601384753|0.0|0.052243028006923764|0.0|0.0|0.052243028006923764|0.0|0.0|0.0|0.0|0.052243028006923764|0.0|0.0|0.0|0.0|0.10448605601384753|0.0|0.03699818924388124|0.0|0.052243028006923764|0.0|0.10448605601384753|0.04549707938807697|0.2612151400346188|0.0|0.0|0.0|0.0|0.0|0.0|0.0|0.0|0.040710752672128425|0.0|0.052243028006923764|0.0|0.052243028006923764|0.0|0.052243028006923764|0.10448605601384753|0.0|0.0|0.10448605601384753|0.10448605601384753|0.0|0.0|0.04549707938807697|0.052243028006923764|0.0|0.0|0.10448605601384753|0.052243028006923764|0.10448605601384753|0.0|0.052243028006923764|0.0|0.052243028006923764|0.040710752672128425|0.0|0.0|0.0|0.0|0.0|0.0|0.052243028006923764|0.052243028006923764|0.08142150534425685|0.0|0.04549707938807697|0.052243028006923764|0.0|0.0|0.0|0.10448605601384753|0.0|0.0|0.0|0.0|0.10448605601384753|0.0|0.0|0.0|0.03699818924388124|0.0|0.0|0.0|0.0|0.0|0.10448605601384753|0.10189441215984493|0.0|0.0|0.052243028006923764|0.0|0.0|0.052243028006923764|0.07399637848776248|0.052243028006923764|0.0|0.0|0.0|0.0|0.0|0.0|0.0|0.0|0.0|0.0|0.0|0.0|0.10448605601384753|0.20897211202769506|0.0|0.052243028006923764|0.10448605601384753|0.0|0.040710752672128425|0.0|0.052243028006923764|0.052243028006923764|0.0|0.0|0.0|0.09099415877615394|0.0|0.052243028006923764|0.0|0.0|0.0|0.0|0.0|0.0|0.10448605601384753|0.052243028006923764|0.04549707938807697|0.0|0.02917847733733309|0.052243028006923764|0.10448605601384753|0.0|0.20897211202769506|0.0|0.0|0.0|0.0|0.0|0.0|0.0|0.0|0.0|0.0|0.052243028006923764|0.0|0.0|0.0|0.0|0.052243028006923764|0.0|0.052243028006923764|0.0|0.0|0.0|0.0|0.0|0.0|0.0|0.04549707938807697|0.10448605601384753|0.17507086402399855|0.0|0.0|0.052243028006923764|0.0|0.10448605601384753|0.0|0.0|0.0|0.0|0.0|0.0|0.052243028006923764|0.0|0.20897211202769506|0.04549707938807697|0.052243028006923764|0.0|0.052243028006923764|0.0|0.0|0.0|0.04549707938807697
2017_039341|Military Service Assurances|Ao alistado para o serviço militar, salvo por motivo de justa causa para demissão, fica assegurada estabilidade no emprego desde o alistamento até 30 (trinta) dias depois de sua desincorporação ou dispensa. |alist servic milit salv motiv just caus demissã fic assegur estabil empreg desd alist trint dias desincorpor dispens|0.0|0.0|0.0|0.0|0.0|0.0|0.0|0.0|0.0|0.0|0.3711017564834896|0.0|0.0|0.0|0.0|0.0|0.0|0.0|0.0|0.0|0.0|0.0|0.0|0.0|0.0|0.0|0.0|0.0|0.0|0.0|0.1996786382734379|0.0|0.0|0.0|0.0|0.0|0.0|0.0|0.0|0.0|0.0|0.0|0.0|0.0|0.0|0.0|0.0|0.0|0.0|0.0|0.0|0.0|0.2588865698804253|0.0|0.0|0.0|0.0|0.0|0.0|0.0|0.0|0.0|0.0|0.0|0.0|0.0|0.0|0.0|0.0|0.0|0.0|0.0|0.0|0.0|0.0|0.0|0.0|0.0|0.0|0.0|0.0|0.0|0.0|0.0|0.0|0.0|0.0|0.0|0.0|0.0|0.0|0.0|0.0|0.0|0.0|0.0|0.2893236319460276|0.0|0.0|0.0|0.0|0.15185814272830012|0.0|0.0|0.0|0.3322222615191058|0.0|0.0|0.0|0.0|0.0|0.0|0.0|0.0|0.0|0.17308931073426903|0.0|0.0|0.0|0.2352777503839378|0.0|0.0|0.0|0.0|0.0|0.0|0.0|0.0|0.0|0.0|0.1263429466347574|0.0|0.0|0.0|0.0|0.0|0.0|0.0|0.0|0.0|0.2352777503839378|0.0|0.0|0.0|0.0|0.0|0.0|0.0|0.0|0.0|0.0|0.0|0.0|0.0|0.0|0.0|0.0|0.0|0.0|0.1996786382734379|0.0|0.0|0.0|0.0|0.0|0.0|0.0|0.0|0.0|0.0|0.0|0.0|0.0|0.0|0.0|0.0|0.0|0.0|0.0|0.0|0.0|0.0|0.0|0.0|0.0|0.0|0.0|0.0|0.0|0.0|0.0|0.0|0.0|0.0|0.0|0.0|0.0|0.0|0.0|0.0|0.0|0.0|0.0|0.0|0.0|0.0|0.0|0.0|0.0|0.0|0.2893236319460276|0.0|0.0|0.0|0.0|0.0|0.0|0.0|0.0|0.0|0.0|0.0|0.0|0.0|0.0|0.1855508782417448|0.0|0.0|0.0|0.0|0.2588865698804253|0.0|0.0|0.0|0.0|0.0|0.0|0.0|0.0|0.0|0.0|0.0|0.0|0.0|0.0|0.0|0.0|0.0|0.0|0.0|0.0|0.0|0.0|0.0|0.0|0.0|0.0|0.0|0.0|0.0|0.0|0.0|0.0|0.0|0.0|0.0|0.0|0.0|0.0|0.0|0.0|0.0|0.0|0.0|0.0|0.0|0.0|0.0|0.0|0.0|0.0|0.0|0.0|0.0|0.0|0.0|0.0|0.0|0.0|0.0|0.0|0.0|0.0|0.0|0.0|0.0|0.0|0.0|0.0|0.0|0.0|0.0|0.0|0.0|0.0|0.0|0.0|0.0|0.0|0.0|0.0|0.0|0.0|0.0|0.0|0.0|0.0|0.0|0.0|0.0|0.0|0.0|0.0|0.0|0.0|0.2893236319460276|0.0|0.0|0.0|0.0|0.0|0.0|0.0|0.0|0.0|0.0|0.0|0.0|0.0|0.1619420587452573|0.0|0.0|0.0|0.0|0.0|0.0|0.0|0.0|0.0|0.0|0.0|0.0|0.0|0.0|0.0|0.0|0.0|0.0|0.0|0.0|0.0|0.0|0.2159879403073472|0.0|0.0|0.0|0.0|0.0|0.0|0.0|0.0|0.0|0.0|0.0|0.0|0.0|0.0|0.0|0.0|0.0|0.0
2012_032527|Qualification / Vocational Training|O CRMV-SC poderá oferecer aos seus funcionários no decorrer do ano, possibilidades de realização de reciclagem e aprimoramento profissional, com cursos, palestras, seminários, etc., em áreas afins com seus serviços no CRMV-SC e com aprovação prévia da Diretoria, custeando os referidos eventos.|crmvsc pod oferec funcionári decorr ano possibil realiz reciclag aprimor profissional curs palestr seminári etc áre afins servic crmvsc aprov prév diretor cust refer event|0.0|0.0|0.0|0.0|0.0|0.0|0.0|0.0|0.20626600928441566|0.0|0.0|0.0|0.0|0.0|0.17963164382874502|0.0|0.0|0.0|0.0|0.0|0.0|0.0|0.0|0.17963164382874502|0.20626600928441566|0.0|0.0|0.0|0.0|0.0|0.0|0.0|0.0|0.0|0.0|0.0|0.0|0.0|0.0|0.0|0.0|0.0|0.0|0.0|0.0|0.0|0.0|0.0|0.0|0.0|0.0|0.0|0.0|0.0|0.0|0.0|0.0|0.0|0.0|0.0|0.0|0.0|0.0|0.0|0.0|0.0|0.0|0.0|0.0|0.0|0.0|0.0|0.0|0.0|0.0|0.0|0.0|0.0|0.0|0.0|0.0|0.0|0.0|0.0|0.0|0.0|0.0|0.4125320185688313|0.0|0.0|0.0|0.20626600928441566|0.20626600928441566|0.0|0.20626600928441566|0.0|0.0|0.0|0.0|0.0|0.0|0.0|0.0|0.0|0.0|0.0|0.0|0.0|0.0|0.0|0.0|0.0|0.0|0.0|0.0|0.0|0.17963164382874502|0.0|0.0|0.0|0.0|0.0|0.0|0.0|0.0|0.0|0.0|0.0|0.0|0.0|0.0|0.0|0.0|0.0|0.0|0.0|0.0|0.0|0.0|0.0|0.0|0.0|0.20626600928441566|0.20626600928441566|0.0|0.0|0.0|0.0|0.0|0.0|0.0|0.0|0.0|0.0|0.0|0.0|0.0|0.0|0.0|0.0|0.0|0.0|0.0|0.0|0.0|0.0|0.0|0.0|0.17963164382874502|0.0|0.0|0.0|0.0|0.0|0.0|0.0|0.0|0.0|0.0|0.0|0.0|0.0|0.0|0.0|0.0|0.0|0.0|0.0|0.0|0.0|0.0|0.0|0.0|0.0|0.0|0.0|0.0|0.0|0.0|0.0|0.0|0.0|0.0|0.0|0.0|0.0|0.0|0.0|0.0|0.0|0.0|0.0|0.0|0.0|0.0|0.0|0.0|0.0|0.0|0.0|0.0|0.0|0.0|0.0|0.0|0.0|0.0|0.0|0.0|0.0|0.0|0.0|0.0|0.0|0.0|0.0|0.0|0.0|0.0|0.0|0.0|0.0|0.0|0.0|0.0|0.0|0.0|0.1607342607999656|0.0|0.0|0.0|0.0|0.0|0.20626600928441566|0.0|0.0|0.0|0.0|0.0|0.0|0.0|0.0|0.0|0.0|0.0|0.0|0.0|0.0|0.0|0.17963164382874502|0.20626600928441566|0.0|0.0|0.0|0.0|0.0|0.0|0.0|0.0|0.0|0.0|0.0|0.0|0.0|0.0|0.0|0.14607631175347605|0.0|0.0|0.0|0.0|0.0|0.0|0.0|0.0|0.0|0.20626600928441566|0.0|0.0|0.0|0.0|0.0|0.0|0.0|0.0|0.1607342607999656|0.0|0.20626600928441566|0.0|0.0|0.17963164382874502|0.0|0.0|0.0|0.0|0.0|0.0|0.0|0.0|0.0|0.0|0.0|0.0|0.0|0.0|0.0|0.0|0.0|0.0|0.0|0.0|0.0|0.0|0.0|0.20626600928441566|0.0|0.0|0.0|0.0|0.10054456326902599|0.0|0.0|0.0|0.0|0.0|0.0|0.0|0.0|0.0|0.0|0.0|0.0|0.0|0.0|0.0|0.0|0.0|0.0|0.0|0.0|0.0|0.0|0.0|0.0|0.0|0.0|0.0|0.0|0.0|0.0|0.0|0.0|0.0|0.0|0.0|0.0|0.0|0.20626600928441566|0.0|0.0|0.0
2013_073410|Function Adaptation|Na automação dos meios de produção, com a implantação de novas técnicas ou maquinários, a empresa deverá desenvolver e promover treinamento durante o período necessário e dentro da jornada de trabalho, a fim de que os funcionários adquiram melhor qualificação em seus novos todos de trabalho. |autom mei produçã implant nov técnic maquinári empres dev desenvolv promov treinament durant períod necessári dentr jorn trabalh fim funcionári adqu melhor qualific nov tod trabalh|0.0|0.0|0.0|0.0|0.0|0.0|0.0|0.21303946411509947|0.0|0.0|0.0|0.0|0.0|0.0|0.0|0.0|0.0|0.0|0.0|0.0|0.0|0.0|0.0|0.0|0.0|0.0|0.0|0.0|0.0|0.0|0.0|0.0|0.0|0.0|0.0|0.0|0.0|0.21303946411509947|0.0|0.0|0.0|0.0|0.0|0.0|0.0|0.0|0.0|0.0|0.0|0.0|0.0|0.0|0.0|0.0|0.0|0.0|0.0|0.0|0.0|0.0|0.0|0.0|0.0|0.0|0.0|0.0|0.0|0.0|0.0|0.0|0.0|0.0|0.0|0.0|0.0|0.0|0.0|0.0|0.0|0.0|0.0|0.0|0.0|0.0|0.0|0.0|0.0|0.0|0.0|0.0|0.0|0.0|0.0|0.0|0.0|0.0|0.0|0.1855304675363282|0.0|0.0|0.0|0.0|0.0|0.21303946411509947|0.0|0.0|0.0|0.0|0.0|0.0|0.0|0.1660125238499415|0.0|0.0|0.0|0.0|0.0|0.0|0.0|0.0|0.0|0.0|0.0|0.0|0.0|0.0|0.1855304675363282|0.0|0.0|0.0|0.0|0.1280450921575573|0.0|0.0|0.0|0.0|0.0|0.0|0.0|0.0|0.0|0.0|0.0|0.0|0.0|0.0|0.0|0.0|0.0|0.0|0.0|0.0|0.0|0.0|0.0|0.0|0.0|0.0|0.0|0.0|0.0|0.1660125238499415|0.0|0.0|0.0|0.0|0.0|0.0|0.1855304675363282|0.0|0.0|0.0|0.0|0.0|0.0|0.0|0.0|0.0|0.0|0.0|0.0|0.0|0.0|0.0|0.0|0.0|0.0|0.0|0.0|0.21303946411509947|0.0|0.0|0.0|0.0|0.0|0.0|0.0|0.0|0.0|0.0|0.0|0.0|0.0|0.0|0.0|0.0|0.0|0.15087323056199742|0.0|0.0|0.0|0.0|0.0|0.0|0.0|0.21303946411509947|0.0|0.21303946411509947|0.21303946411509947|0.0|0.0|0.0|0.0|0.0|0.0|0.0|0.0|0.0|0.0|0.0|0.0|0.0|0.0|0.0|0.0|0.1855304675363282|0.0|0.0|0.0|0.3710609350726564|0.0|0.0|0.0|0.0|0.0|0.0|0.0|0.0|0.0|0.0|0.0|0.0|0.0|0.0|0.0|0.0|0.0|0.0|0.0|0.0|0.0|0.0|0.0|0.0|0.0|0.1660125238499415|0.0|0.0|0.0|0.0|0.0|0.0|0.0|0.0|0.0|0.0|0.0|0.0|0.0|0.0|0.0|0.0|0.0|0.0|0.21303946411509947|0.0|0.0|0.0|0.0|0.1855304675363282|0.0|0.0|0.0|0.0|0.0|0.0|0.0|0.0|0.0|0.21303946411509947|0.0|0.0|0.0|0.0|0.0|0.0|0.0|0.0|0.0|0.0|0.0|0.0|0.0|0.0|0.0|0.0|0.0|0.0|0.0|0.0|0.0|0.0|0.0|0.0|0.0|0.0|0.0|0.0|0.0|0.0|0.0|0.0|0.0|0.0|0.0|0.0|0.0|0.0|0.0|0.0|0.0|0.0|0.0|0.0|0.0|0.0|0.0|0.0|0.0|0.0|0.0|0.0|0.0|0.0|0.0|0.0|0.1855304675363282|0.0|0.23797116716956712|0.0|0.1855304675363282|0.0|0.0|0.0|0.1855304675363282|0.0|0.0|0.0|0.0|0.0|0.0|0.0|0.0|0.0|0.0|0.0|0.0|0.0|0.0|0.0|0.0
2013_073410|Military Service Assurances|Fica garantido emprego ou salário ao empregado em idade de prestação de serviço militar, desde o alistamento até a respectiva incorporação ao serviço militar ou em tiro de guerra e nos 30 (trinta) dias após o desligamento. |fic garant empreg salári empreg idad prestaçã servic milit desd alist respect incorpor servic milit tir guerr trint dias após deslig|0.0|0.0|0.0|0.0|0.0|0.0|0.0|0.0|0.0|0.0|0.1866191549500495|0.0|0.0|0.0|0.0|0.0|0.0|0.0|0.0|0.0|0.0|0.0|0.0|0.0|0.0|0.0|0.0|0.1628744118070794|0.0|0.0|0.0|0.0|0.0|0.0|0.0|0.0|0.0|0.0|0.0|0.0|0.0|0.0|0.0|0.0|0.0|0.0|0.0|0.0|0.0|0.0|0.0|0.0|0.0|0.0|0.0|0.0|0.0|0.0|0.0|0.0|0.0|0.0|0.0|0.0|0.0|0.0|0.0|0.0|0.0|0.0|0.0|0.0|0.0|0.0|0.0|0.0|0.0|0.0|0.0|0.0|0.0|0.0|0.0|0.0|0.0|0.0|0.0|0.0|0.0|0.0|0.0|0.0|0.0|0.0|0.0|0.0|0.0|0.0|0.0|0.0|0.0|0.15273243940843598|0.0|0.0|0.0|0.0|0.2603770639988947|0.0|0.0|0.0|0.0|0.0|0.0|0.0|0.0|0.1740858421485425|0.0|0.0|0.0|0.0|0.0|0.0|0.0|0.0|0.0|0.0|0.0|0.0|0.0|0.0|0.2541406880775744|0.0|0.0|0.0|0.0|0.0|0.0|0.0|0.0|0.0|0.0|0.0|0.0|0.0|0.0|0.0|0.0|0.0|0.0|0.0|0.0|0.0|0.0|0.0|0.0|0.0|0.0|0.0|0.0|0.2008282530876324|0.0|0.0|0.0|0.0|0.0|0.0|0.0|0.0|0.0|0.0|0.0|0.0|0.0|0.23663232085592462|0.0|0.0|0.0|0.0|0.0|0.21723145307371863|0.0|0.0|0.0|0.0|0.0|0.1866191549500495|0.0|0.0|0.0|0.0|0.0|0.0|0.0|0.0|0.2603770639988947|0.0|0.0|0.0|0.0|0.0|0.0|0.0|0.0|0.0|0.0|0.0|0.0|0.0|0.0|0.0|0.0|0.0|0.0|0.0|0.0|0.0|0.0|0.0|0.0|0.0|0.0|0.0|0.0|0.0|0.0|0.373238309900099|0.0|0.0|0.0|0.0|0.0|0.0|0.0|0.0|0.0|0.0|0.0|0.0|0.0|0.0|0.0|0.0|0.0|0.0|0.0|0.0|0.0|0.0|0.0|0.0|0.0|0.0|0.0|0.0|0.0|0.0|0.0|0.0|0.0|0.0|0.0|0.0|0.0|0.0|0.0|0.0|0.0|0.0|0.0|0.0|0.0|0.0|0.0|0.0|0.0|0.0|0.0|0.21723145307371863|0.0|0.0|0.0|0.0|0.0|0.0|0.0|0.0|0.0|0.0|0.0|0.0|0.0|0.0|0.0|0.0|0.0|0.0|0.0|0.0|0.0|0.0|0.0|0.0|0.0|0.0|0.0|0.0|0.0|0.0|0.0|0.0|0.0|0.0|0.0|0.0|0.0|0.0|0.0|0.0|0.0|0.0|0.29098936212256377|0.0|0.0|0.0|0.0|0.0|0.1866191549500495|0.0|0.0|0.0|0.0|0.0|0.0|0.0|0.0|0.0|0.0|0.0|0.0|0.3257488236141588|0.0|0.0|0.0|0.0|0.0|0.0|0.0|0.0|0.0|0.0|0.0|0.0|0.0|0.0|0.0|0.21723145307371863|0.0|0.0|0.0|0.0|0.0|0.0|0.21723145307371863|0.0|0.0|0.0|0.0|0.0|0.0|0.0|0.0|0.0|0.0|0.0|0.0|0.0|0.0|0.0|0.0|0.0|0.0
2016_082062|Military Service Assurances|ESTABILIDADE DO EMPREGADO EM IDADE DE PRESTAR O SERVIÇO MILITAR: Fica assegurada estabilidade provisória ao empregado em idade de prestar serviço militar obrigatório, inclusive Tiro de Guerra, a partir do alistamento compulsório, desde que realizado no primeiro semestre do ano em que o empregado completar 18 anos, até 30 (trinta) dias após o término do mesmo ou da dispensa de incorporação, o que primeiro ocorrer.  Parágrafo único - Estão excluídos da hipótese prevista no “caput” desta cláusula, os refratários, omissos, desertores e facultativos. |estabil empreg idad prest servic milit fic assegur estabil provisór empreg idad prest servic milit obrigatóri inclusiv tir guerr part alist compulsóri desd realiz primeir semestr ano empreg complet anos trint dias após términ dispens incorpor primeir ocorr parágraf únic excluíd hipótes previst caput dest cláusul refratári omiss desertor facult|0.0|0.0|0.0|0.0|0.0|0.0|0.0|0.0|0.0|0.0|0.09224731363620646|0.0|0.0|0.0|0.1438383265624828|0.1438383265624828|0.0|0.0|0.0|0.0|0.0|0.0|0.0|0.0|0.0|0.0|0.0|0.08051010065554|0.0|0.0|0.099270982416274|0.0|0.0|0.0|0.0|0.0|0.0|0.0|0.0|0.0|0.0|0.0|0.0|0.0|0.0|0.0|0.16516554082462948|0.0|0.0|0.0|0.0|0.0|0.0|0.0|0.0|0.0|0.0|0.0|0.0|0.1438383265624828|0.0|0.0|0.0|0.1438383265624828|0.0|0.0|0.0|0.16516554082462948|0.0|0.0|0.0|0.0|0.0|0.0|0.0|0.0|0.0|0.0|0.0|0.0|0.0|0.0|0.0|0.0|0.0|0.0|0.0|0.0|0.0|0.0|0.0|0.0|0.0|0.0|0.0|0.0|0.0|0.0|0.0|0.0|0.0|0.07549684406353677|0.0|0.0|0.16516554082462948|0.0|0.0|0.0|0.1438383265624828|0.0|0.0|0.0|0.0|0.0|0.0|0.08605199870612462|0.0|0.0|0.0|0.11696921424975151|0.0|0.0|0.0|0.0|0.0|0.0|0.0|0.0|0.0|0.0|0.18843560646618743|0.0|0.0|0.0|0.0|0.0|0.0|0.0|0.0|0.0|0.23393842849950303|0.0|0.0|0.0|0.0|0.0|0.0|0.16516554082462948|0.0|0.0|0.0|0.0|0.0|0.0|0.0|0.1438383265624828|0.0|0.0|0.0|0.099270982416274|0.0|0.0|0.0|0.0|0.0|0.0|0.0|0.0|0.0|0.0|0.0|0.0|0.0|0.0|0.0|0.0|0.0|0.0|0.0|0.1073792129682713|0.0|0.0|0.1438383265624828|0.0|0.0|0.18449462727241292|0.0|0.0|0.0|0.0|0.0|0.0|0.0|0.12870642723041795|0.12870642723041795|0.0|0.0|0.0|0.0|0.0|0.0|0.0|0.0|0.0|0.0|0.0|0.0|0.0|0.0|0.0|0.0|0.0|0.0|0.0|0.0|0.0|0.0|0.0|0.0|0.0|0.0|0.0|0.0|0.0|0.0|0.18449462727241292|0.0|0.0|0.0|0.0|0.0|0.0|0.0|0.0|0.0|0.0|0.0|0.0|0.0|0.0|0.0|0.0|0.0|0.1438383265624828|0.0|0.1438383265624828|0.0|0.0|0.16516554082462948|0.0|0.0|0.0|0.0|0.0|0.0|0.0|0.12870642723041795|0.0|0.1438383265624828|0.0|0.0|0.0|0.0|0.0|0.0|0.0|0.0|0.0|0.0|0.0|0.0|0.0|0.0|0.0|0.0|0.0|0.33033108164925895|0.0|0.0|0.1073792129682713|0.2574128544608359|0.0|0.0|0.0|0.0|0.0|0.0|0.0|0.0|0.0|0.0|0.0|0.0|0.0|0.16516554082462948|0.0|0.0|0.0|0.0|0.0|0.0|0.0|0.0|0.0|0.0|0.12870642723041795|0.0|0.0|0.0|0.0|0.0|0.16516554082462948|0.0|0.0|0.0|0.0|0.0|0.0|0.0|0.0|0.0|0.0|0.0|0.0|0.0|0.0|0.0|0.0|0.0|0.0|0.0|0.0|0.0|0.16516554082462948|0.0|0.0|0.0|0.0|0.0|0.16102020131108|0.0|0.0|0.0|0.0|0.0|0.0|0.0|0.0|0.0|0.0|0.0|0.0|0.0|0.0|0.0|0.1073792129682713|0.0|0.0|0.0|0.0|0.0|0.0|0.1073792129682713|0.0|0.0|0.1438383265624828|0.0|0.0|0.0|0.0|0.0|0.0|0.0|0.0|0.0|0.0|0.0|0.0|0.0|0.0|0.1438383265624828
2015_043120|Function Consistencies/Deviations|Com a efetivação do empregado em determinada função, a ele será garantido, quando menos, o menor salário pago ao exercente da mesma;  |efetiv empreg determin funçã garant men menor salári pag exercent mesm|0.0|0.0|0.0|0.0|0.0|0.0|0.0|0.0|0.0|0.0|0.0|0.0|0.0|0.0|0.0|0.0|0.0|0.0|0.0|0.0|0.0|0.0|0.0|0.0|0.0|0.0|0.0|0.0|0.0|0.0|0.0|0.0|0.0|0.0|0.0|0.0|0.0|0.0|0.0|0.0|0.0|0.0|0.0|0.0|0.0|0.0|0.0|0.0|0.0|0.0|0.0|0.0|0.0|0.0|0.0|0.0|0.0|0.0|0.0|0.0|0.0|0.0|0.0|0.0|0.0|0.0|0.0|0.0|0.0|0.0|0.0|0.0|0.0|0.0|0.0|0.0|0.0|0.0|0.0|0.0|0.0|0.0|0.0|0.0|0.0|0.0|0.0|0.0|0.0|0.0|0.0|0.0|0.0|0.0|0.0|0.0|0.0|0.0|0.0|0.0|0.0|0.0|0.0|0.0|0.0|0.0|0.0|0.0|0.0|0.0|0.31846509310839577|0.0|0.0|0.0|0.0|0.0|0.0|0.0|0.0|0.0|0.0|0.0|0.0|0.0|0.0|0.0|0.0|0.0|0.0|0.31846509310839577|0.13906855099597587|0.0|0.0|0.0|0.0|0.0|0.0|0.0|0.0|0.0|0.0|0.0|0.0|0.0|0.0|0.0|0.0|0.0|0.0|0.36568458903868833|0.0|0.0|0.0|0.0|0.0|0.0|0.0|0.0|0.0|0.0|0.0|0.0|0.0|0.0|0.0|0.0|0.0|0.0|0.0|0.0|0.2589755637255797|0.0|0.0|0.2589755637255797|0.0|0.0|0.0|0.0|0.0|0.0|0.0|0.0|0.0|0.0|0.0|0.0|0.0|0.0|0.0|0.0|0.0|0.0|0.0|0.0|0.0|0.0|0.0|0.0|0.0|0.0|0.0|0.0|0.0|0.0|0.0|0.0|0.0|0.0|0.0|0.0|0.0|0.0|0.0|0.0|0.0|0.0|0.0|0.0|0.0|0.36568458903868833|0.2589755637255797|0.0|0.0|0.36568458903868833|0.0|0.0|0.0|0.0|0.0|0.0|0.0|0.0|0.0|0.0|0.0|0.0|0.0|0.0|0.0|0.0|0.0|0.0|0.0|0.0|0.0|0.0|0.0|0.0|0.0|0.0|0.0|0.36568458903868833|0.0|0.0|0.0|0.0|0.0|0.0|0.0|0.0|0.0|0.0|0.0|0.0|0.0|0.0|0.0|0.0|0.0|0.0|0.0|0.0|0.0|0.0|0.0|0.0|0.0|0.0|0.0|0.0|0.0|0.0|0.0|0.0|0.0|0.0|0.0|0.0|0.0|0.0|0.0|0.0|0.0|0.0|0.0|0.0|0.0|0.0|0.0|0.0|0.0|0.0|0.0|0.0|0.0|0.0|0.0|0.0|0.0|0.0|0.0|0.0|0.0|0.0|0.0|0.0|0.0|0.0|0.0|0.0|0.0|0.0|0.0|0.0|0.0|0.0|0.20424006610917006|0.0|0.0|0.0|0.0|0.0|0.0|0.0|0.0|0.0|0.0|0.0|0.0|0.0|0.0|0.0|0.0|0.0|0.0|0.0|0.0|0.0|0.0|0.0|0.0|0.0|0.0|0.0|0.0|0.0|0.0|0.0|0.0|0.0|0.0|0.0|0.0|0.0|0.0|0.0|0.0|0.0|0.0|0.0|0.0|0.0|0.0|0.0|0.0|0.0|0.0|0.0|0.0|0.0|0.0
2015_043120|Function Consistencies/Deviations|Nas substituições internas, que não tenham caráter meramente eventual ou de experiência, o empregado substituto receberá o salário do substituído, sem considerar vantagens pessoais ou inerentes ao cargo efetivo; |substituiçõ intern carát mer eventual experient empreg substitut receb salári substituíd consider vantagens pesso inerent carg efet|0.0|0.0|0.0|0.0|0.0|0.0|0.0|0.0|0.0|0.0|0.0|0.0|0.0|0.0|0.0|0.0|0.0|0.0|0.0|0.0|0.0|0.0|0.0|0.0|0.0|0.0|0.0|0.0|0.0|0.0|0.0|0.0|0.0|0.0|0.0|0.0|0.0|0.0|0.0|0.0|0.0|0.0|0.0|0.0|0.0|0.0|0.0|0.26325391615099747|0.0|0.26325391615099747|0.0|0.0|0.0|0.0|0.0|0.0|0.0|0.0|0.0|0.0|0.0|0.0|0.0|0.0|0.0|0.0|0.0|0.0|0.0|0.0|0.0|0.0|0.0|0.0|0.0|0.0|0.0|0.22926091345158517|0.0|0.0|0.0|0.0|0.0|0.0|0.0|0.0|0.0|0.0|0.0|0.0|0.0|0.0|0.0|0.0|0.0|0.0|0.0|0.0|0.0|0.0|0.0|0.0|0.0|0.0|0.0|0.0|0.0|0.0|0.0|0.0|0.0|0.0|0.0|0.0|0.0|0.0|0.0|0.0|0.0|0.0|0.0|0.0|0.0|0.0|0.0|0.0|0.0|0.0|0.26325391615099747|0.0|0.10011452973552047|0.0|0.0|0.0|0.0|0.0|0.0|0.0|0.0|0.0|0.0|0.0|0.0|0.0|0.26325391615099747|0.0|0.0|0.0|0.0|0.0|0.0|0.2051424942094117|0.0|0.0|0.0|0.0|0.0|0.0|0.0|0.0|0.0|0.0|0.0|0.0|0.0|0.0|0.0|0.0|0.0|0.0|0.0|0.0|0.0|0.0|0.0|0.0|0.0|0.0|0.0|0.0|0.0|0.0|0.0|0.0|0.0|0.0|0.0|0.0|0.0|0.0|0.0|0.0|0.0|0.0|0.0|0.0|0.0|0.0|0.26325391615099747|0.0|0.0|0.0|0.0|0.0|0.26325391615099747|0.0|0.0|0.0|0.0|0.0|0.0|0.0|0.0|0.0|0.0|0.0|0.0|0.0|0.0|0.0|0.0|0.26325391615099747|0.0|0.0|0.0|0.0|0.0|0.0|0.0|0.0|0.0|0.0|0.0|0.0|0.0|0.0|0.0|0.0|0.0|0.0|0.0|0.0|0.0|0.0|0.0|0.0|0.0|0.0|0.0|0.0|0.0|0.0|0.0|0.0|0.0|0.0|0.0|0.0|0.0|0.0|0.0|0.0|0.0|0.0|0.0|0.0|0.26325391615099747|0.0|0.0|0.0|0.0|0.0|0.0|0.0|0.0|0.0|0.0|0.0|0.0|0.0|0.0|0.0|0.0|0.0|0.0|0.0|0.0|0.0|0.0|0.0|0.0|0.0|0.0|0.0|0.0|0.0|0.0|0.0|0.0|0.0|0.0|0.0|0.0|0.0|0.0|0.0|0.2051424942094117|0.0|0.0|0.0|0.0|0.0|0.0|0.0|0.0|0.0|0.0|0.0|0.0|0.0|0.0|0.0|0.0|0.0|0.0|0.0|0.14703107226782597|0.0|0.0|0.0|0.0|0.0|0.0|0.0|0.0|0.0|0.0|0.0|0.0|0.0|0.0|0.0|0.0|0.0|0.0|0.0|0.0|0.0|0.0|0.26325391615099747|0.26325391615099747|0.26325391615099747|0.0|0.0|0.0|0.0|0.0|0.0|0.0|0.0|0.0|0.0|0.0|0.0|0.0|0.0|0.0|0.0|0.0|0.0|0.0|0.26325391615099747|0.0|0.0|0.0|0.0|0.0|0.0|0.0|0.0|0.0
2015_043120|Military Service Assurances|Garantia de emprego ao menor em idade de prestação de serviço militar ou tiro de guerra, desde o alistamento até 30 (trinta) dias após o desligamento, exceto nos casos de contrato por prazo determinado, de experiência, dispensa por justa causa, pedido de demissão ou transação; |garant empreg menor idad prestaçã servic milit tir guerr desd alist trint dias após deslig excet cas contrat praz determin experient dispens just caus ped demissã transaçã|0.0|0.0|0.0|0.0|0.0|0.0|0.0|0.0|0.0|0.0|0.14959739209210748|0.0|0.0|0.0|0.0|0.0|0.0|0.0|0.0|0.0|0.0|0.0|0.0|0.0|0.0|0.0|0.0|0.1305631635262561|0.0|0.0|0.0|0.0|0.0|0.0|0.0|0.0|0.0|0.0|0.0|0.0|0.0|0.0|0.0|0.0|0.0|0.0|0.0|0.0|0.0|0.0|0.20872310639955602|0.0|0.20872310639955602|0.0|0.0|0.0|0.0|0.0|0.0|0.0|0.0|0.0|0.0|0.0|0.0|0.0|0.0|0.0|0.0|0.0|0.0|0.0|0.0|0.0|0.0|0.0|0.0|0.0|0.0|0.0|0.0|0.18968887783370464|0.0|0.0|0.0|0.0|0.0|0.0|0.0|0.0|0.0|0.0|0.0|0.0|0.0|0.0|0.2332624950087948|0.0|0.0|0.0|0.0|0.12243316946474998|0.0|0.0|0.0|0.0|0.20872310639955602|0.0|0.0|0.0|0.2332624950087948|0.0|0.0|0.0|0.0|0.13955045500313654|0.0|0.0|0.0|0.18968887783370464|0.0|0.0|0.0|0.0|0.0|0.0|0.0|0.0|0.0|0.0|0.10186195562581718|0.0|0.0|0.0|0.0|0.0|0.0|0.0|0.0|0.0|0.0|0.0|0.0|0.0|0.0|0.0|0.26784882070700455|0.0|0.0|0.0|0.0|0.20872310639955602|0.0|0.0|0.0|0.0|0.0|0.0|0.0|0.0|0.0|0.0|0.0|0.0|0.0|0.0|0.0|0.0|0.0|0.0|0.0|0.0|0.0|0.18968887783370464|0.0|0.0|0.0|0.0|0.0|0.1741367807013463|0.0|0.0|0.0|0.0|0.0|0.14959739209210748|0.0|0.0|0.0|0.0|0.0|0.0|0.0|0.0|0.0|0.0|0.0|0.0|0.0|0.0|0.0|0.0|0.0|0.0|0.0|0.0|0.0|0.0|0.0|0.0|0.2332624950087948|0.0|0.0|0.0|0.0|0.0|0.0|0.0|0.0|0.0|0.18968887783370464|0.0|0.0|0.0|0.0|0.14959739209210748|0.0|0.0|0.0|0.0|0.0|0.0|0.0|0.0|0.0|0.0|0.0|0.0|0.0|0.0|0.0|0.0|0.0|0.0|0.0|0.0|0.0|0.0|0.0|0.0|0.0|0.0|0.0|0.0|0.0|0.0|0.0|0.0|0.0|0.0|0.26784882070700455|0.0|0.0|0.0|0.0|0.0|0.0|0.0|0.0|0.0|0.0|0.0|0.18968887783370464|0.0|0.0|0.0|0.0|0.1741367807013463|0.0|0.0|0.0|0.0|0.0|0.0|0.0|0.0|0.0|0.0|0.0|0.0|0.0|0.0|0.0|0.0|0.0|0.0|0.0|0.0|0.0|0.0|0.0|0.0|0.0|0.0|0.0|0.0|0.0|0.0|0.0|0.0|0.0|0.0|0.0|0.0|0.0|0.0|0.0|0.0|0.0|0.0|0.0|0.0|0.0|0.0|0.0|0.0|0.0|0.0|0.0|0.0|0.0|0.0|0.0|0.0|0.0|0.0|0.0|0.0|0.0|0.1305631635262561|0.0|0.0|0.0|0.0|0.0|0.0|0.0|0.0|0.0|0.0|0.0|0.0|0.0|0.0|0.0|0.1741367807013463|0.0|0.0|0.0|0.26784882070700455|0.0|0.0|0.1741367807013463|0.0|0.0|0.0|0.0|0.0|0.0|0.0|0.0|0.0|0.0|0.0|0.0|0.0|0.0|0.0|0.0|0.0|0.0
2015_043120|Apprentice Assurances|1.  É facultado ao empregado estudante ausentar-se dos serviços, sem prejuízo de sua remuneração, para a realização de exames escolares programados por estabelecimentos de ensino de primeiro (1º) e segundo (2º) graus, universitários ou de formação profissional, desde que comunique à empresa, por escrito, com 72 (setenta e duas) horas de antecedência, sujeitando-se, ainda, a apresentação de comprovantes de realização do exame em igual prazo.  2. Fica facultado á empresa, após a comunicação a que alude o item “75.1” supra adequar o horário de trabalho do empregado, mediante compensação, a fim de propiciar a ausência do mesmo, sem prejuízos dos serviços, no que deve anuir o empregado.  3. Utilizando-se, ou não, a empresa, da faculdade prevista no item “75.2” acima, será assegurada ao empregado a remuneração das horas de ausências e sua consideração no tempo de serviço.  4. Havendo necessidade de prorrogação de jornada de trabalho, o empregador se compromete a convocar, prioritariamente, o não estudante dentre os que estejam habilitados aos serviços a sem cumpridos. |facult empreg estud ausentars servic prejuíz remuner realiz exam escol program estabelec ensin primeir segund graus universitári formaçã profissional desd comuniqu empres escrit setent duas hor antecedent sujeitandos aind apresent comprov realiz exam igual praz fic facult á empres após comunic alud item supr adequ horári trabalh empreg mediant compens fim propic ausênc prejuíz servic dev anu empreg utilizandos empres faculdad previst item acim assegur empreg remuner hor ausênc consider temp servic hav necess prorrog jorn trabalh empreg compromet convoc prioritari estud dentr habilit servic cumpr|0.0|0.0|0.0|0.10657672037769059|0.0|0.09281486339769665|0.0|0.0|0.0|0.10657672037769059|0.0|0.10657672037769059|0.0|0.0|0.0|0.0|0.0|0.10657672037769059|0.0|0.10657672037769059|0.0|0.0|0.09281486339769665|0.0|0.0|0.0|0.0|0.05195092415951262|0.0|0.0|0.06405679829929868|0.0|0.0|0.0|0.0|0.10657672037769059|0.21315344075538117|0.0|0.0|0.0|0.0|0.0|0.0|0.0|0.0|0.0|0.0|0.0|0.0|0.0|0.0|0.0|0.0|0.0|0.0|0.0|0.0|0.0|0.0|0.0|0.0|0.0|0.10657672037769059|0.0|0.10657672037769059|0.0|0.08305067048042714|0.0|0.10657672037769059|0.10657672037769059|0.0|0.0|0.0|0.0|0.0|0.0|0.0|0.09281486339769665|0.0|0.0|0.0|0.0|0.0|0.0|0.09281486339769665|0.0|0.0|0.0|0.0|0.10657672037769059|0.0|0.0|0.0|0.0|0.0|0.0|0.0|0.09281486339769665|0.0|0.0|0.0|0.0487160093987221|0.0|0.0|0.0|0.0|0.0|0.0|0.0|0.0|0.0|0.08305067048042714|0.0|0.0|0.0|0.0|0.0|0.0|0.0|0.0|0.0|0.0|0.0|0.0|0.0|0.10657672037769059|0.0|0.0|0.0|0.0|0.20265374201017614|0.19217039489789606|0.10657672037769059|0.0|0.0|0.09281486339769665|0.10657672037769059|0.0|0.0|0.09281486339769665|0.0|0.21315344075538117|0.0|0.0|0.0|0.21315344075538117|0.0|0.0|0.0|0.0|0.0|0.0|0.0|0.0|0.10657672037769059|0.1856297267953933|0.0|0.0|0.0|0.06405679829929868|0.0|0.08305067048042714|0.0|0.0|0.09281486339769665|0.0|0.0|0.0|0.0|0.0|0.0|0.0|0.0|0.0|0.0|0.0|0.10657672037769059|0.0|0.0|0.0|0.09281486339769665|0.09281486339769665|0.0|0.1856297267953933|0.09281486339769665|0.0|0.10657672037769059|0.0|0.0|0.0|0.0|0.0|0.0|0.0|0.0|0.0|0.0|0.0|0.0|0.0|0.0|0.0|0.0|0.0|0.0|0.0|0.21315344075538117|0.07547697405677609|0.0|0.0|0.0|0.0|0.0|0.0|0.0|0.0|0.10657672037769059|0.0|0.0|0.0|0.0|0.0|0.0|0.0|0.0|0.0|0.0|0.0|0.0|0.0|0.0|0.0|0.0|0.0|0.10657672037769059|0.0|0.0|0.0|0.0|0.0|0.0|0.0|0.0|0.0|0.0|0.0|0.0|0.0|0.0|0.0|0.0|0.0|0.0|0.0|0.0|0.0|0.0|0.0|0.0|0.0|0.0|0.0|0.0|0.0|0.0|0.0|0.0|0.0|0.0|0.0|0.0|0.0|0.07547697405677609|0.0|0.21315344075538117|0.0|0.0|0.0|0.0|0.0692888135004332|0.08305067048042714|0.10657672037769059|0.0|0.0|0.0|0.0|0.07547697405677609|0.0|0.10657672037769059|0.0|0.0|0.10657672037769059|0.0|0.10657672037769059|0.0|0.0|0.0|0.0|0.0|0.0|0.0|0.0|0.0|0.0|0.0|0.16610134096085427|0.0|0.0|0.0|0.0|0.0|0.0|0.0|0.0|0.0|0.0|0.0|0.0|0.0|0.21315344075538117|0.0|0.0|0.0|0.0|0.0|0.0|0.0|0.0|0.0|0.10657672037769059|0.0|0.0|0.0|0.0|0.0|0.0|0.0|0.0|0.0|0.20780369663805048|0.0|0.0|0.09281486339769665|0.0|0.0|0.0|0.0|0.0|0.0|0.0|0.0|0.0|0.10657672037769059|0.10657672037769059|0.10657672037769059|0.0|0.0|0.0|0.11904924116632735|0.0|0.0|0.0|0.0|0.0|0.0|0.0|0.0|0.10657672037769059|0.10657672037769059|0.0|0.0|0.0|0.0|0.0|0.0|0.0|0.0|0.0|0.0|0.0|0.0
2012_032551|Military Service Assurances|A(s) empresa(s) concederá (ão) estabilidade ao empregado em idade de prestação do serviço militar, inclusive do Tiro de Guerra, desde a data do alistamento até 60 (sessenta) dias após o desengajamento previsto na Lei n. 4.375/64. |s empres s conced ão estabil empreg idad prestaçã servic milit inclusiv tir guerr desd dat alist sessent dias após desengaj previst lei n|0.0|0.0|0.0|0.0|0.0|0.0|0.0|0.0|0.0|0.0|0.17385087906102|0.0|0.0|0.0|0.0|0.0|0.0|0.0|0.0|0.0|0.0|0.0|0.0|0.0|0.0|0.0|0.0|0.15173072494506984|0.0|0.0|0.0|0.0|0.0|0.0|0.0|0.0|0.0|0.0|0.0|0.0|0.0|0.0|0.0|0.0|0.0|0.0|0.0|0.0|0.0|0.0|0.0|0.0|0.0|0.0|0.0|0.0|0.0|0.0|0.0|0.0|0.0|0.0|0.0|0.0|0.0|0.0|0.0|0.0|0.0|0.0|0.3112738282676722|0.0|0.0|0.0|0.0|0.0|0.0|0.0|0.0|0.0|0.0|0.0|0.0|0.0|0.0|0.0|0.0|0.0|0.0|0.0|0.0|0.0|0.0|0.2425623536643461|0.0|0.0|0.0|0.0|0.0|0.0|0.0|0.14228265506505836|0.3112738282676722|0.0|0.0|0.0|0.0|0.0|0.0|0.0|0.0|0.0|0.0|0.0|0.0|0.1621750816399464|0.0|0.0|0.0|0.0|0.0|0.0|0.0|0.0|0.0|0.0|0.0|0.0|0.0|0.0|0.11837633183818862|0.1870878064415147|0.0|0.0|0.0|0.0|0.0|0.0|0.0|0.0|0.22044219954839595|0.0|0.0|0.0|0.0|0.0|0.0|0.0|0.0|0.0|0.0|0.0|0.0|0.0|0.0|0.0|0.0|0.0|0.0|0.0|0.0|0.0|0.0|0.0|0.0|0.0|0.0|0.0|0.0|0.0|0.0|0.0|0.0|0.0|0.0|0.0|0.0|0.0|0.0|0.20236871765214626|0.0|0.0|0.0|0.0|0.0|0.17385087906102|0.0|0.0|0.0|0.0|0.0|0.0|0.0|0.2425623536643461|0.0|0.0|0.0|0.0|0.0|0.0|0.0|0.0|0.0|0.0|0.0|0.0|0.0|0.0|0.0|0.0|0.0|0.0|0.2710801922554723|0.0|0.0|0.0|0.0|0.0|0.0|0.0|0.0|0.0|0.0|0.0|0.0|0.17385087906102|0.0|0.0|0.0|0.0|0.0|0.0|0.0|0.0|0.0|0.0|0.0|0.0|0.0|0.0|0.0|0.0|0.0|0.0|0.0|0.0|0.0|0.0|0.0|0.0|0.0|0.0|0.0|0.0|0.0|0.0|0.0|0.0|0.0|0.0|0.0|0.0|0.0|0.0|0.0|0.0|0.0|0.0|0.0|0.0|0.0|0.0|0.0|0.0|0.0|0.0|0.0|0.20236871765214626|0.0|0.20236871765214626|0.0|0.0|0.0|0.0|0.0|0.0|0.0|0.0|0.0|0.0|0.0|0.0|0.0|0.0|0.0|0.0|0.0|0.0|0.0|0.0|0.0|0.0|0.0|0.0|0.0|0.0|0.0|0.0|0.0|0.0|0.0|0.0|0.0|0.0|0.0|0.0|0.0|0.0|0.0|0.0|0.0|0.0|0.0|0.0|0.0|0.0|0.0|0.0|0.0|0.0|0.0|0.0|0.0|0.0|0.0|0.0|0.0|0.0|0.0|0.15173072494506984|0.2710801922554723|0.0|0.0|0.0|0.0|0.0|0.0|0.0|0.0|0.0|0.0|0.0|0.0|0.0|0.0|0.20236871765214626|0.0|0.0|0.0|0.0|0.0|0.0|0.0|0.0|0.0|0.0|0.0|0.0|0.0|0.0|0.0|0.0|0.0|0.0|0.0|0.0|0.0|0.0|0.3112738282676722|0.0|0.0
