contract_id|title|text|clean_text|abrigo|acidental|acidente|acima|acordo|adequar|adotante|adquir|afim|alistado|alistamento|alude|ambiente|ano|anotar|anotações|antecedência|anterior|anuir|aprendiz|aprendizado|aprendizagem|aprendizes|apresentar|apresentação|aprimoramento|aprimorar|aprovação|aproveitar|apólice|artigo|assegurado|assegurar|assinante|assistir|assistência|ato|ausência|automação|auxilio|aviso|benefício|bom|brasileiro|básica|básico|candidato|caput|cargo|carreira|caráter|caso|categoria|causa|causar|cem|cesta|citar|clt|cláusula|coincidência|compatível|compensação|completar|completo|comprometar|compromisso|comprovadamente|comprovante|comprovar|compulsório|comunicação|comunique|conceder|conclusão|condicionar|condição|confirmação|conforme|considerar|consideração|constituem|constituição|continuamente|contratar|contratação|contrato|convencionar|conveniar|convocar|convênio|correspondente|ctps|cumprimento|cumprir|curso|custear|data|de|decorrer|decreto|demissão|dentre|dependente|desconto|descrita|desengajamento|desenvolver|desertor|desincorporação|desligamento|detalhar|determinar|dever|devidamente|dezembro|dia|diretoria|dirigir|disciplinar|dispensa|dispensar|dispenso|disposição|divulgar|dobro|doença|dsr|durante|educação|efetivar|efetivação|efetivo|empregada|empregado|empregador|empregar|emprego|empresa|ensino|entidade|envidar|escola|escolar|escrito|esforço|especial|esse|estabelecer|estabelecimento|estabilidade|estar|estudante|evento|exame|exceto|excluído|exercente|exercer|existente|existência|experiência|expressamente|extensivo|faculdade|facultar|facultativo|falecimento|feminino|feriado|fica|ficar|filho|formação|fornecer|fortalecer|força|funcional|funcionário|funeral|função|futuro|garantia|garantir|gestante|gozar|grau|gravidez|guerra|habilitar|havendo|hipótese|hora|horário|idade|igual|ii|impeder|impedir|implantação|in|incidir|inciso|incorporação|indenização|industrial|indústria|inerente|inexistir|inicial|iniciar|inscrição|instalação|interno|invalidez|item|jornada|jovem|junto|justa|legislação|lei|licença|manter|maquinário|mediante|meio|menor|meramente|mesma|militar|ministério|moderno|moradia|morte|motivo|mútuo|nascimento|natura|necessidade|necessário|nomenclatura|normativo|obedecer|obrigar|obrigatório|ocasião|ocorrendo|ocorrer|odontológico|oferecer|oferecir|omisso|oportunidade|oportunidades|pagamento|pagar|palestra|paragrafo|parcial|parte|particular|parto|paternidade|pedir|pensar|pequeno|perceber|permanente|permitir|período|pessoal|piso|plano|possibilidade|posteriormente|prazo|preferencialmente|prejuízo|presente|prestar|prestação|prever|previdência|prioritariamente|privado|produtivo|produção|profissional|profissão|programar|promover|promoção|propiciar|proporcionem|prorrogação|provisório|prático|prévio|quadro|qualificação|radialista|razão|reais|reajuste|realizar|realização|receber|reciclagem|reconhecir|refeição|referir|refratário|regional|registrar|registro|regulamentar|regular|reiterarão|reivindicação|remuneração|respectivo|restante|rádio|salarial|salario|salvo|salário|saúde|seguinte|seguro|seleção|semestre|seminário|senai|sentido|ser|servir|serviço|serão|sessenta|sessentar|setembro|setenta|sexo|signatário|sindicato|social|sofrer|substituir|substituição|substituto|supra|ter|tiro|total|trabalhador|trabalhadores|trabalhar|trabalhista|trabalho|transação|treinamento|tres|trinto|tv|técnica|técnico|término|unidade|universitário|vaga|vantagem|vida|vigente|visando|xviii|área|ão|último|único
2016_082054|Internship / Apprenticeship|- APRENDIZES DO SENAI  A) Será assegurado aos menores aprendizes do SENAI, durante o período de treinamento prático na empresa, um salário correspondente a 75% (setenta e cinco por cento) do Salário Normativo vigente para a categoria de acordo com a cláusula 04. Os menores aprendizes em empresa com 50 ou mais empregados em 31.08.15 receberão 100% (cem por cento) do Salário Normativo citado, nos últimos 6 (seis) meses de treinamento prático na empresa;  B) A empresa não poderá impedir o completo cumprimento do contrato de aprendizagem, inclusive no que se refere ao treinamento prático na empresa, a não ser por motivos disciplinares, escolares ou por mútuo acordo entre as partes, e, neste caso, com assistência do sindicato signatário;  C) Se efetivado na empresa, após a conclusão do aprendizado e inexistindo vaga na função para a qual recebeu treinamento, o mesmo poderá ser aproveitado em função compatível, percebendo o menor salário dessa função. Ocorrendo a existência dessas vagas elas serão, preferencialmente, dirigidas para os aprendizes;  D) As condições e prazos de inscrição para seleção de candidatos a aprendizes do SENAI, deverão ser divulgados nos quadros de avisos da empresa;  E) As parte envidarão esforços, no sentido de que no SENAI, bem como em outras escolas técnicas particulares, desde que com essas entidades mantenham convênios, sejam oferecidas oportunidades de aprendizado e formação para o sexo feminino. Reiterarão ao Conselho Regional do SENAI e as diretorias das escolas técnicas conveniadas, a reivindicação apresentada pela categoria profissional, a fim de que proporcionem instalações adequadas para aprendizes do sexo feminino.   |aprendizes senai ser assegurar pequeno aprendiz senai durante período treinamento prático empresa salário correspondente setenta salário normativo vigente categoria acordo cláusula menor aprendiz empresa empregado receber cem salário normativo citar último treinamento prático empresa b empresa impedir completo cumprimento contrato aprendizagem referir treinamento prático empresa motivo disciplinar escolar mútuo acordo parte caso assistência sindicato signatário c efetivar empresa conclusão aprendizado inexistir vaga função receber treinamento aproveitar função compatível perceber salário função ocorrendo existência de esse vaga ser preferencialmente dirigir aprendiz d condição prazo inscrição seleção candidato aprendiz senai dever divulgar quadro aviso empresa envidar esforço sentido senai escola técnico particular entidade manter convênio ser oferecir oportunidade aprendizado formação sexo feminino reiterarão regional senai diretoria escola técnico conveniar reivindicação apresentar categoria profissional proporcionem instalação adequar aprendiz sexo feminino|0.0|0.0|0.0|0.0|0.12165606451663276|0.06082803225831638|0.0|0.0|0.0|0.0|0.0|0.0|0.0|0.0|0.0|0.0|0.0|0.0|0.0|0.3492356691482568|0.13969426765930273|0.06984713382965137|0.06984713382965137|0.06984713382965137|0.0|0.0|0.0|0.0|0.06984713382965137|0.0|0.0|0.0|0.04946530808339928|0.0|0.0|0.06082803225831638|0.0|0.0|0.0|0.0|0.06082803225831638|0.0|0.0|0.0|0.0|0.0|0.06984713382965137|0.0|0.0|0.0|0.0|0.054428877855608564|0.13969426765930273|0.0|0.0|0.06984713382965137|0.0|0.06984713382965137|0.0|0.06082803225831638|0.0|0.06984713382965137|0.0|0.0|0.06984713382965137|0.0|0.0|0.0|0.0|0.0|0.0|0.0|0.0|0.0|0.06984713382965137|0.0|0.06984713382965137|0.0|0.0|0.0|0.0|0.0|0.0|0.0|0.0|0.0|0.06082803225831638|0.0|0.06984713382965137|0.0|0.06984713382965137|0.06984713382965137|0.0|0.06984713382965137|0.0|0.0|0.0|0.0|0.06984713382965137|0.0|0.0|0.0|0.0|0.0|0.0|0.0|0.0|0.0|0.0|0.0|0.0|0.0|0.0|0.06984713382965137|0.0|0.0|0.0|0.06082803225831638|0.06984713382965137|0.06984713382965137|0.0|0.0|0.0|0.0|0.06984713382965137|0.0|0.0|0.0|0.06082803225831638|0.0|0.06984713382965137|0.0|0.0|0.0|0.031926987582847115|0.0|0.0|0.0|0.31786843398991516|0.0|0.06984713382965137|0.06984713382965137|0.13969426765930273|0.06082803225831638|0.0|0.06984713382965137|0.0|0.06984713382965137|0.0|0.0|0.0|0.0|0.0|0.0|0.0|0.0|0.0|0.0|0.0|0.0|0.06984713382965137|0.0|0.0|0.0|0.0|0.0|0.0|0.0|0.13969426765930273|0.0|0.0|0.0|0.0|0.06082803225831638|0.0|0.0|0.0|0.0|0.0|0.0|0.14839592425019782|0.0|0.0|0.0|0.0|0.0|0.0|0.0|0.0|0.0|0.0|0.0|0.0|0.0|0.0|0.0|0.0|0.0|0.06984713382965137|0.0|0.0|0.0|0.0|0.0|0.0|0.0|0.0|0.0|0.06984713382965137|0.0|0.0|0.06984713382965137|0.06984713382965137|0.0|0.0|0.0|0.0|0.0|0.0|0.0|0.0|0.0|0.0|0.06984713382965137|0.0|0.0|0.0|0.06984713382965137|0.0|0.0|0.0|0.0|0.0|0.0|0.0|0.054428877855608564|0.06984713382965137|0.0|0.0|0.0|0.0|0.0|0.13969426765930273|0.0|0.0|0.0|0.0|0.06984713382965137|0.0|0.0|0.0|0.06984713382965137|0.0|0.06984713382965137|0.0|0.0|0.0|0.0|0.0|0.0|0.06082803225831638|0.06984713382965137|0.0|0.0|0.0|0.0|0.06984713382965137|0.06984713382965137|0.0|0.0|0.054428877855608564|0.0|0.0|0.0|0.0|0.0|0.04946530808339928|0.06984713382965137|0.0|0.0|0.0|0.0|0.0|0.0|0.0|0.0|0.0|0.0|0.04946530808339928|0.0|0.0|0.0|0.0|0.0|0.06984713382965137|0.0|0.0|0.20954140148895406|0.0|0.06082803225831638|0.0|0.0|0.0|0.0|0.0|0.0|0.0|0.10885775571121713|0.0|0.0|0.0|0.06082803225831638|0.0|0.06984713382965137|0.0|0.0|0.0|0.0|0.06984713382965137|0.06984713382965137|0.0|0.0|0.0|0.0|0.0|0.0|0.0|0.1560424875262631|0.0|0.0|0.0|0.06984713382965137|0.0|0.0|0.3492356691482568|0.06984713382965137|0.12594261901626316|0.0|0.0|0.0|0.0|0.0|0.0|0.06082803225831638|0.13969426765930273|0.06984713382965137|0.06082803225831638|0.0|0.0|0.0|0.0|0.0|0.0|0.0|0.0|0.0|0.0|0.0|0.0|0.0|0.0|0.0|0.24331212903326552|0.0|0.0|0.0|0.0|0.13969426765930273|0.0|0.0|0.0|0.13969426765930273|0.0|0.0|0.06082803225831638|0.0|0.0|0.0|0.0|0.06984713382965137|0.0
2016_082054|Youth Workforce|. PROMOÇÃO DO PRIMEIRO EMPREGO  A empresa, ao promover a contratação de jovens entre 18 e 24 anos de idade, sem experiência no trabalho, e sendo comprovadamente o seu primeiro emprego registrado em CTPS, será permitido o pagamento inicial do Piso Salarial da empresa, e não o menor salário da função, por um período de 06 (seis) meses, incidindo posteriormente o regular quadro de carreira existente na empresa.  |promoção emprego empresa promover contratação jovem ano idade experiência trabalho ser comprovadamente emprego registrar ctps ser permitir pagamento inicial piso salarial empresa salário função período incidir posteriormente regular quadro carreira existente empresa|0.0|0.0|0.0|0.0|0.0|0.0|0.0|0.0|0.0|0.0|0.0|0.0|0.0|0.15179014861446322|0.0|0.0|0.0|0.0|0.0|0.0|0.0|0.0|0.0|0.0|0.0|0.0|0.0|0.0|0.0|0.0|0.0|0.0|0.0|0.0|0.0|0.0|0.0|0.0|0.0|0.0|0.0|0.0|0.0|0.0|0.0|0.0|0.0|0.0|0.0|0.19478826758881268|0.0|0.0|0.0|0.0|0.0|0.0|0.0|0.0|0.0|0.0|0.0|0.0|0.0|0.0|0.0|0.0|0.0|0.19478826758881268|0.0|0.0|0.0|0.0|0.0|0.0|0.0|0.0|0.0|0.0|0.0|0.0|0.0|0.0|0.0|0.0|0.0|0.19478826758881268|0.0|0.0|0.0|0.0|0.0|0.0|0.16963598038727143|0.0|0.0|0.0|0.0|0.0|0.0|0.0|0.0|0.0|0.0|0.0|0.0|0.0|0.0|0.0|0.0|0.0|0.0|0.0|0.0|0.0|0.0|0.0|0.0|0.0|0.0|0.0|0.0|0.0|0.0|0.0|0.0|0.0|0.0|0.0|0.0|0.0|0.0|0.0|0.0|0.0|0.0|0.0|0.0|0.21758405928022756|0.379913584238766|0.0|0.0|0.0|0.0|0.0|0.0|0.0|0.0|0.0|0.0|0.0|0.0|0.0|0.0|0.0|0.0|0.0|0.0|0.0|0.0|0.19478826758881268|0.0|0.15179014861446322|0.0|0.0|0.0|0.0|0.0|0.0|0.0|0.0|0.0|0.0|0.0|0.0|0.0|0.0|0.0|0.0|0.0|0.0|0.13794784608931077|0.0|0.0|0.0|0.0|0.0|0.0|0.0|0.0|0.0|0.0|0.0|0.0|0.0|0.10879202964011378|0.0|0.0|0.0|0.0|0.0|0.0|0.19478826758881268|0.0|0.0|0.0|0.0|0.0|0.0|0.0|0.19478826758881268|0.0|0.0|0.0|0.0|0.0|0.0|0.0|0.16963598038727143|0.0|0.0|0.0|0.0|0.0|0.0|0.0|0.0|0.0|0.0|0.0|0.0|0.0|0.0|0.0|0.0|0.0|0.0|0.0|0.0|0.0|0.0|0.0|0.0|0.0|0.0|0.0|0.0|0.0|0.0|0.0|0.0|0.0|0.0|0.0|0.0|0.0|0.19478826758881268|0.0|0.0|0.0|0.0|0.0|0.0|0.0|0.0|0.0|0.0|0.0|0.0|0.0|0.19478826758881268|0.15179014861446322|0.0|0.19478826758881268|0.0|0.0|0.19478826758881268|0.0|0.0|0.0|0.0|0.0|0.0|0.0|0.0|0.0|0.0|0.0|0.0|0.0|0.0|0.0|0.16963598038727143|0.19478826758881268|0.0|0.0|0.0|0.0|0.0|0.0|0.16963598038727143|0.0|0.0|0.0|0.0|0.0|0.0|0.0|0.0|0.0|0.0|0.0|0.0|0.0|0.0|0.16963598038727143|0.0|0.0|0.19478826758881268|0.0|0.0|0.0|0.0|0.0|0.0|0.16963598038727143|0.0|0.0|0.10879202964011378|0.0|0.0|0.0|0.0|0.0|0.0|0.0|0.0|0.23415081124260748|0.0|0.0|0.0|0.0|0.0|0.0|0.0|0.0|0.0|0.0|0.0|0.0|0.0|0.0|0.0|0.0|0.0|0.0|0.0|0.0|0.0|0.0|0.0|0.11707540562130374|0.0|0.0|0.0|0.0|0.0|0.0|0.0|0.0|0.0|0.0|0.0|0.0|0.0|0.0|0.0|0.0|0.0|0.0|0.0|0.0
2016_082054|Qualification / Vocational Training|.     OPORTUNIDADES À NOVA FORÇA DE TRABALHO.  Visando fortalecer o presente e o futuro dos jovens e das indústrias brasileiras, é necessário que, se pense em aprimorar continuamente, a relação entre o moderno ambiente produtivo industrial e a nova força de trabalho. |oportunidades força trabalho visando fortalecer presente futuro jovem indústria brasileiro necessário pensar aprimorar continuamente moderno ambiente produtivo industrial força trabalho|0.0|0.0|0.0|0.0|0.0|0.0|0.0|0.0|0.0|0.0|0.0|0.0|0.2184164533269055|0.0|0.0|0.0|0.0|0.0|0.0|0.0|0.0|0.0|0.0|0.0|0.0|0.0|0.2184164533269055|0.0|0.0|0.0|0.0|0.0|0.0|0.0|0.0|0.0|0.0|0.0|0.0|0.0|0.0|0.0|0.0|0.2184164533269055|0.0|0.0|0.0|0.0|0.0|0.0|0.0|0.0|0.0|0.0|0.0|0.0|0.0|0.0|0.0|0.0|0.0|0.0|0.0|0.0|0.0|0.0|0.0|0.0|0.0|0.0|0.0|0.0|0.0|0.0|0.0|0.0|0.0|0.0|0.0|0.0|0.0|0.0|0.0|0.2184164533269055|0.0|0.0|0.0|0.0|0.0|0.0|0.0|0.0|0.0|0.0|0.0|0.0|0.0|0.0|0.0|0.0|0.0|0.0|0.0|0.0|0.0|0.0|0.0|0.0|0.0|0.0|0.0|0.0|0.0|0.0|0.0|0.0|0.0|0.0|0.0|0.0|0.0|0.0|0.0|0.0|0.0|0.0|0.0|0.0|0.0|0.0|0.0|0.0|0.0|0.0|0.0|0.0|0.0|0.0|0.0|0.0|0.0|0.0|0.0|0.0|0.0|0.0|0.0|0.0|0.0|0.0|0.0|0.0|0.0|0.0|0.0|0.0|0.0|0.0|0.0|0.0|0.0|0.0|0.0|0.0|0.0|0.0|0.0|0.0|0.0|0.0|0.0|0.0|0.0|0.0|0.0|0.2184164533269055|0.436832906653811|0.0|0.0|0.0|0.0|0.2184164533269055|0.0|0.0|0.0|0.0|0.0|0.0|0.0|0.0|0.0|0.0|0.0|0.0|0.0|0.0|0.0|0.0|0.0|0.0|0.0|0.0|0.0|0.0|0.0|0.2184164533269055|0.2184164533269055|0.0|0.0|0.0|0.0|0.0|0.0|0.0|0.0|0.0|0.0|0.19021314605576534|0.0|0.0|0.0|0.0|0.0|0.0|0.0|0.0|0.0|0.0|0.0|0.0|0.0|0.0|0.2184164533269055|0.0|0.0|0.0|0.0|0.0|0.0|0.0|0.19021314605576534|0.0|0.0|0.0|0.0|0.0|0.0|0.0|0.0|0.0|0.0|0.0|0.0|0.0|0.2184164533269055|0.0|0.0|0.0|0.0|0.0|0.0|0.0|0.0|0.0|0.0|0.2184164533269055|0.0|0.0|0.0|0.0|0.0|0.0|0.0|0.0|0.0|0.0|0.0|0.0|0.0|0.2184164533269055|0.0|0.0|0.0|0.0|0.0|0.0|0.2184164533269055|0.0|0.0|0.0|0.0|0.0|0.0|0.0|0.0|0.0|0.0|0.0|0.0|0.0|0.0|0.0|0.0|0.0|0.0|0.0|0.0|0.0|0.0|0.0|0.0|0.0|0.0|0.0|0.0|0.0|0.0|0.0|0.0|0.0|0.0|0.0|0.0|0.0|0.0|0.0|0.0|0.0|0.0|0.0|0.0|0.0|0.0|0.0|0.0|0.0|0.0|0.0|0.0|0.0|0.0|0.0|0.0|0.0|0.0|0.0|0.0|0.0|0.0|0.0|0.0|0.0|0.0|0.0|0.0|0.0|0.0|0.0|0.0|0.0|0.26255374806857884|0.0|0.0|0.0|0.0|0.0|0.0|0.0|0.0|0.0|0.0|0.0|0.0|0.0|0.0|0.2184164533269055|0.0|0.0|0.0|0.0|0.0
2016_082054|Military Service Assurances|GARANTIA AO EMPREGADO EM IDADE DE PRESTAÇÃO DE SERVIÇO MILITAR.  Serão garantidos emprego e salário ao empregado em idade de prestação do serviço militar, desde o alistamento até a incorporação e nos 30 (trinta) dias após o desligamento da unidade em que serviu, além do aviso prévio previsto na CLT;  A) A garantia de emprego será extensiva ao empregado que estiver servindo o Tiro de Guerra;  B) Havendo coincidência entre o horário da prestação do Tiro de Guerra com o Horário de Trabalho, o empregado não sofrerá desconto do DSR, e de feriados respectivos, em razão das horas não trabalhadas por esse motivo. A estes empregados não será impedida a prestação de serviços no restante da jornada;  |garantia empregado idade prestação serviço militar serão garantir emprego salário empregado idade prestação serviço militar alistamento incorporação trinto dia desligamento unidade servir aviso prévio prever clt garantia emprego ser extensivo empregado estar servir tiro guerra b havendo coincidência horário prestação tiro guerra horário trabalho empregado sofrer desconto dsr feriado respectivo razão hora trabalhar motivo empregado ser impeder prestação serviço restante jornada|0.0|0.0|0.0|0.0|0.0|0.0|0.0|0.0|0.0|0.0|0.07550921254813327|0.0|0.0|0.0|0.0|0.0|0.0|0.0|0.0|0.0|0.0|0.0|0.0|0.0|0.0|0.0|0.0|0.0|0.0|0.0|0.0|0.0|0.0|0.0|0.0|0.0|0.0|0.0|0.0|0.0|0.11773913347555087|0.0|0.0|0.0|0.0|0.0|0.0|0.0|0.0|0.0|0.0|0.0|0.0|0.0|0.0|0.0|0.0|0.0|0.11773913347555087|0.0|0.1351965649312886|0.0|0.0|0.0|0.0|0.0|0.0|0.0|0.0|0.0|0.0|0.0|0.0|0.0|0.0|0.0|0.0|0.0|0.0|0.0|0.0|0.0|0.0|0.0|0.0|0.0|0.0|0.0|0.0|0.0|0.0|0.0|0.0|0.0|0.0|0.0|0.0|0.0|0.0|0.0|0.0|0.0|0.0|0.0|0.1351965649312886|0.0|0.0|0.0|0.0|0.0|0.10535288873971092|0.0|0.0|0.0|0.0|0.0|0.07043802582823552|0.0|0.0|0.0|0.0|0.0|0.0|0.0|0.0|0.0|0.0|0.1351965649312886|0.0|0.0|0.0|0.0|0.0|0.0|0.30899042044674685|0.0|0.0|0.15101842509626653|0.0|0.0|0.0|0.0|0.0|0.0|0.0|0.0|0.0|0.0|0.0|0.0|0.0|0.11773913347555087|0.0|0.0|0.0|0.0|0.0|0.0|0.0|0.0|0.0|0.0|0.0|0.1351965649312886|0.0|0.0|0.0|0.0|0.0|0.11773913347555087|0.0|0.0|0.0|0.0|0.0|0.0|0.0|0.0|0.0|0.0|0.0|0.0|0.23547826695110174|0.10535288873971092|0.0|0.0|0.0|0.0|0.17579091456794646|0.0|0.11773913347555087|0.0|0.11773913347555087|0.23547826695110174|0.15101842509626653|0.0|0.0|0.1351965649312886|0.0|0.0|0.0|0.0|0.0|0.10535288873971092|0.0|0.0|0.0|0.0|0.0|0.0|0.0|0.0|0.0|0.0|0.0|0.0|0.09574537091892099|0.0|0.0|0.0|0.0|0.0|0.0|0.0|0.0|0.0|0.0|0.0|0.0|0.0|0.15101842509626653|0.0|0.0|0.0|0.0|0.10535288873971092|0.0|0.0|0.0|0.0|0.0|0.0|0.0|0.0|0.0|0.0|0.0|0.0|0.0|0.0|0.0|0.0|0.0|0.0|0.0|0.0|0.0|0.0|0.0|0.0|0.0|0.0|0.0|0.0|0.0|0.0|0.0|0.0|0.0|0.0|0.0|0.0|0.0|0.0|0.0|0.0|0.0|0.0|0.0|0.0|0.0|0.3515818291358929|0.08789545728397323|0.0|0.0|0.0|0.0|0.0|0.0|0.0|0.0|0.0|0.0|0.0|0.0|0.0|0.0|0.0|0.10535288873971092|0.0|0.0|0.0|0.1351965649312886|0.0|0.0|0.0|0.0|0.0|0.0|0.0|0.0|0.0|0.0|0.0|0.0|0.0|0.0|0.0|0.0|0.0|0.0|0.11773913347555087|0.1351965649312886|0.0|0.0|0.0|0.0|0.07550921254813327|0.0|0.0|0.0|0.0|0.0|0.0|0.0|0.0|0.16251689974829472|0.2703931298625772|0.19770508418203|0.1351965649312886|0.0|0.0|0.0|0.0|0.0|0.0|0.0|0.0|0.1351965649312886|0.0|0.0|0.0|0.0|0.0|0.17579091456794646|0.0|0.0|0.0|0.1351965649312886|0.0|0.08125844987414736|0.0|0.0|0.0|0.08789545728397323|0.0|0.0|0.0|0.0|0.1351965649312886|0.0|0.0|0.0|0.0|0.0|0.0|0.0|0.0|0.0|0.0|0.0
2012_002993|Military Service Assurances| Fica assegurado ao empregado em idade de prestação do Serviço Militar obrigatório o emprego, desde o alistamento prévio (em data anterior a data de dispensa) até (60) sessenta dias após o término do compromisso, salvo a hipótese de dispensa, devidamente assistido pelo Sindicato dos Trabalhadores.|ficar assegurado empregado idade prestação serviço militar obrigatório emprego alistamento prévio data anterior data dispensa sessentar dia término compromisso salvo hipótese dispenso devidamente assistir sindicato trabalhadores|0.0|0.0|0.0|0.0|0.0|0.0|0.0|0.0|0.0|0.0|0.13285506630124488|0.0|0.0|0.0|0.0|0.0|0.0|0.2378722806332715|0.0|0.0|0.0|0.0|0.0|0.0|0.0|0.0|0.0|0.0|0.0|0.0|0.0|0.20715671447605552|0.0|0.0|0.2378722806332715|0.0|0.0|0.0|0.0|0.0|0.0|0.0|0.0|0.0|0.0|0.0|0.0|0.0|0.0|0.0|0.0|0.0|0.0|0.0|0.0|0.0|0.0|0.0|0.0|0.0|0.0|0.0|0.0|0.0|0.0|0.0|0.2378722806332715|0.0|0.0|0.0|0.0|0.0|0.0|0.0|0.0|0.0|0.0|0.0|0.0|0.0|0.0|0.0|0.0|0.0|0.0|0.0|0.0|0.0|0.0|0.0|0.0|0.0|0.0|0.0|0.0|0.0|0.0|0.37072734693451637|0.0|0.0|0.0|0.0|0.0|0.0|0.0|0.0|0.0|0.0|0.0|0.0|0.0|0.0|0.0|0.0|0.20715671447605552|0.0|0.12393254115282624|0.0|0.0|0.0|0.20715671447605552|0.0|0.20715671447605552|0.0|0.0|0.0|0.0|0.0|0.0|0.0|0.0|0.0|0.0|0.0|0.10873095191857339|0.0|0.0|0.13285506630124488|0.0|0.0|0.0|0.0|0.0|0.0|0.0|0.0|0.0|0.0|0.0|0.0|0.0|0.0|0.0|0.0|0.0|0.0|0.0|0.0|0.0|0.0|0.0|0.0|0.0|0.0|0.0|0.0|0.0|0.0|0.0|0.0|0.0|0.15464810731004222|0.0|0.0|0.0|0.0|0.0|0.0|0.0|0.0|0.0|0.0|0.0|0.0|0.0|0.0|0.0|0.0|0.0|0.0|0.0|0.20715671447605552|0.0|0.0|0.13285506630124488|0.0|0.0|0.0|0.0|0.0|0.0|0.0|0.0|0.0|0.0|0.0|0.0|0.0|0.0|0.0|0.0|0.0|0.0|0.0|0.0|0.0|0.0|0.0|0.0|0.0|0.0|0.0|0.0|0.0|0.0|0.0|0.0|0.0|0.0|0.0|0.13285506630124488|0.0|0.0|0.0|0.0|0.0|0.0|0.0|0.0|0.0|0.0|0.0|0.0|0.0|0.0|0.20715671447605552|0.0|0.0|0.0|0.0|0.0|0.0|0.0|0.0|0.0|0.0|0.0|0.0|0.0|0.0|0.0|0.0|0.0|0.0|0.0|0.0|0.0|0.0|0.0|0.0|0.0|0.0|0.0|0.0|0.0|0.0|0.0|0.0|0.0|0.0|0.0|0.15464810731004222|0.0|0.0|0.0|0.0|0.0|0.0|0.0|0.0|0.0|0.0|0.0|0.0|0.0|0.0|0.0|0.0|0.18536367346725818|0.0|0.0|0.0|0.0|0.0|0.0|0.0|0.0|0.0|0.0|0.0|0.0|0.0|0.0|0.0|0.0|0.0|0.0|0.0|0.0|0.0|0.0|0.0|0.0|0.0|0.0|0.0|0.20715671447605552|0.0|0.0|0.0|0.0|0.0|0.0|0.0|0.0|0.0|0.0|0.0|0.1159510704311013|0.0|0.0|0.2378722806332715|0.0|0.0|0.0|0.0|0.20715671447605552|0.0|0.0|0.0|0.0|0.0|0.0|0.0|0.0|0.0|0.0|0.2378722806332715|0.0|0.0|0.0|0.0|0.0|0.0|0.0|0.0|0.0|0.0|0.20715671447605552|0.0|0.0|0.0|0.0|0.0|0.0|0.0|0.0|0.0|0.0|0.0|0.0
2012_042451|Qualification / Vocational Training|"REGISTRO PROFISSIONAL  A empresa obriga - se a somente contratar para exercer qualquer das funções descritas no decreto nº 84.134/79, Radialista Profissional devidamente registrados  no Ministério do Trabalho, art. 6º da  Lei nº 6.615 de 16 de Dezembro de 1.978, radialistas profissionais .  LICENÇA PARA EMPREGADO(A) ADOTANTE  Fica assegurado a licença para a empregado ( a ) adotante conforme a  legislação vigente .  ESTABILIDADE PARA GESTANTE  As empregadas gestantes gozarão de licença de 120 ( cento e vinte ) dias  conforme esta previsto no artigo 7º XVIII. A estabilidade no emprego, inicia – se  desde a confirmação da gravidez até 5 ( cinco )meses após o parto conforme expressamente previsto no artigo 10 II , b do ato das   disposições da constituição trabalhista.  ANOTAÇÕES NA CTPS A empresa obriga - se anotar na CTPS a função exercida pelo empregado obedecendo a nomenclatura  das funções reconhecidas pela legislação e decretos    que regulamentaram a profissão.  LICENÇA PATERNIDADE Fica assegurado aos trabalhadores em rádio e TV, a licença de 05 ( cinco ) dias, pela ocasião do nascimento do seu filho ( a ). O empregado comprovará o nascimento no prazo de 05 ( cinco ) dias.  AUXILIO FUNERAL No caso de falecimento do empregado a empresa fornecerá aos dependentes habilitados junto a Previdência Social. Uma assistência funeral no valor de R$ 3.000,00 ( TRES MIL REAIS ). SALARIO ""In Natura"" Não Constituem salário "" in natura "" , previsto no art. 458 e parágrafo e incisos da CLT , os seguintes benefícios quando oferecido pela empresa : refeição , abrigo após jornada de trabalho , seguro de vida em grupo , auxilio funeral , auxilio educação , plano de saúde , plano odontológico  , previdência privada , cesta básica e moradia . SEGURO DE VIDA A Empresa fornecerá a todos os seus empregados seguro de vida em grupo na seguinte forma como e detalhe a baixo: MORTE POR QUALQUER CAUSA (Básica)                                        R$ 50.000,00 INDENIZAÇÃO ESPECIAL POR MORTE ACIDENTAL                       R$ 50.000,00 INVALIDEZ PERMANENTE TOTAL OU PARCIAL POR ACIDENTE  R$ 50.000,00 INVALIDEZ FUNCIONAL PERMANENTE TOTAL POR DOENÇA      R$ 50.000,00  PARAGRAFO ÚNICO: Fica convencionado entre as partes que o reajuste da apólice de seguro de vida não condicionada ao reajuste salarial DIA DO RADIALISTA A empresa assinante deste acordo estabelecem o dia 21 de setembro  ( Dia do Radialista ) como feriado para os trabalhadores em Rádio e TV, aqueles que forem convocados para o trabalho nesta data receberão em dobro. "|registro profissional empresa obrigar contratar exercer função descrita decreto radialista profissional devidamente registrar ministério trabalho lei dezembro radialista profissional licença adotante ficar assegurar licença empregado adotante conforme legislação vigente estabilidade gestante empregada gestante gozar licença dia conforme prever artigo xviii estabilidade emprego iniciar confirmação gravidez parto conforme expressamente prever artigo ii b ato disposição constituição trabalhista anotações ctps empresa obrigar anotar ctps função exercer empregado obedecer nomenclatura função reconhecir legislação decreto regulamentar profissão licença paternidade ficar assegurar trabalhador rádio tv licença dia ocasião nascimento filho empregado comprovar nascimento prazo dia auxilio funeral caso falecimento empregado empresa fornecer dependente habilitar junto previdência social assistência funeral tres reais salario in natura constituem salário in natura prever inciso clt seguinte benefício oferecer empresa refeição abrigo jornada trabalho seguro vida auxilio funeral auxilio educação plano saúde plano odontológico previdência privado cesta básico moradia seguro vida empresa fornecer empregado seguro vida seguinte detalhar morte causa básica indenização especial morte acidental invalidez permanente total parcial acidente invalidez funcional permanente total doença paragrafo único ficar convencionar parte reajuste apólice seguro vida condicionar reajuste salarial dia radialista empresa assinante acordo estabelecer dia setembro dia radialista feriado trabalhador rádio tv ser convocar trabalho data receber dobro|0.05544180614817348|0.05544180614817348|0.05544180614817348|0.0|0.04828281116108974|0.0|0.11088361229634695|0.0|0.0|0.0|0.0|0.0|0.0|0.0|0.05544180614817348|0.05544180614817348|0.0|0.0|0.0|0.0|0.0|0.0|0.0|0.0|0.0|0.0|0.0|0.0|0.0|0.05544180614817348|0.11088361229634695|0.0|0.07852708826987782|0.05544180614817348|0.0|0.04828281116108974|0.05544180614817348|0.0|0.0|0.16632541844452042|0.0|0.05544180614817348|0.0|0.0|0.05544180614817348|0.05544180614817348|0.0|0.0|0.0|0.0|0.0|0.04320342338302537|0.0|0.04828281116108974|0.0|0.0|0.05544180614817348|0.0|0.04828281116108974|0.0|0.0|0.0|0.0|0.0|0.0|0.0|0.0|0.0|0.0|0.05544180614817348|0.0|0.0|0.0|0.0|0.0|0.05544180614817348|0.0|0.05544180614817348|0.16632541844452042|0.0|0.0|0.05544180614817348|0.05544180614817348|0.0|0.05544180614817348|0.0|0.0|0.05544180614817348|0.0|0.04828281116108974|0.0|0.0|0.09656562232217948|0.0|0.0|0.0|0.0|0.04320342338302537|0.0|0.0|0.11088361229634695|0.0|0.0|0.05544180614817348|0.0|0.05544180614817348|0.0|0.0|0.0|0.0|0.0|0.05544180614817348|0.0|0.0|0.04828281116108974|0.05544180614817348|0.17331260045314742|0.0|0.0|0.0|0.0|0.0|0.0|0.05544180614817348|0.0|0.05544180614817348|0.05544180614817348|0.0|0.0|0.05544180614817348|0.0|0.0|0.0|0.05544180614817348|0.12671170307291238|0.0|0.0|0.03096504061787727|0.21626657037564986|0.0|0.0|0.0|0.0|0.0|0.0|0.0|0.05544180614817348|0.0|0.05544180614817348|0.0|0.07852708826987782|0.0|0.0|0.0|0.0|0.0|0.0|0.0|0.11088361229634695|0.0|0.0|0.0|0.05544180614817348|0.0|0.0|0.0|0.0|0.05544180614817348|0.0|0.04828281116108974|0.0|0.10813328518782493|0.05544180614817348|0.0|0.11088361229634695|0.0|0.0|0.05544180614817348|0.0|0.16632541844452042|0.11779063240481674|0.0|0.0|0.0|0.11088361229634695|0.05544180614817348|0.0|0.05544180614817348|0.0|0.04828281116108974|0.0|0.0|0.0|0.0|0.0|0.0|0.05544180614817348|0.0|0.0|0.0|0.11088361229634695|0.0|0.05544180614817348|0.0|0.05544180614817348|0.0|0.0|0.0|0.0|0.0|0.05544180614817348|0.0|0.0|0.0|0.11088361229634695|0.0|0.03926354413493891|0.0|0.05544180614817348|0.0|0.11088361229634695|0.04828281116108974|0.2772090307408674|0.0|0.0|0.0|0.0|0.0|0.0|0.0|0.0|0.05544180614817348|0.0|0.05544180614817348|0.11088361229634695|0.0|0.0|0.11088361229634695|0.11088361229634695|0.0|0.0|0.05544180614817348|0.0|0.05544180614817348|0.11088361229634695|0.0|0.05544180614817348|0.0|0.0|0.05544180614817348|0.04828281116108974|0.0|0.0|0.0|0.0|0.0|0.0|0.0|0.05544180614817348|0.05544180614817348|0.04828281116108974|0.0|0.05544180614817348|0.05544180614817348|0.0|0.0|0.0|0.0|0.11088361229634695|0.0|0.0|0.0|0.0|0.11088361229634695|0.0|0.0|0.03926354413493891|0.0|0.0|0.0|0.0|0.0|0.10813328518782493|0.11088361229634695|0.0|0.05544180614817348|0.0|0.0|0.11779063240481674|0.05544180614817348|0.0|0.0|0.0|0.0|0.0|0.0|0.0|0.0|0.0|0.0|0.0|0.2217672245926939|0.0|0.05544180614817348|0.11088361229634695|0.0|0.0|0.04320342338302537|0.0|0.05544180614817348|0.05544180614817348|0.0|0.0|0.0|0.04828281116108974|0.05544180614817348|0.05544180614817348|0.0|0.0|0.0|0.0|0.0|0.0|0.11088361229634695|0.04828281116108974|0.05544180614817348|0.0|0.03096504061787727|0.05544180614817348|0.11088361229634695|0.2217672245926939|0.0|0.0|0.0|0.0|0.0|0.0333227048195581|0.0|0.0|0.0|0.0|0.0|0.05544180614817348|0.0|0.0|0.0|0.0|0.05544180614817348|0.0|0.0|0.0|0.0|0.0|0.0|0.0|0.11088361229634695|0.11088361229634695|0.0|0.0|0.05544180614817348|0.0999681144586743|0.0|0.0|0.05544180614817348|0.0|0.11088361229634695|0.0|0.0|0.0|0.0|0.0|0.0|0.0|0.2217672245926939|0.04828281116108974|0.0|0.05544180614817348|0.0|0.0|0.0|0.04828281116108974
2017_039341|Military Service Assurances|Ao alistado para o serviço militar, salvo por motivo de justa causa para demissão, fica assegurada estabilidade no emprego desde o alistamento até 30 (trinta) dias depois de sua desincorporação ou dispensa. |alistado serviço militar salvo motivo justa causar demissão ficar assegurado estabilidade emprego alistamento trinto dia desincorporação dispenso|0.0|0.0|0.0|0.0|0.0|0.0|0.0|0.0|0.0|0.3132489261715154|0.1749539994509535|0.0|0.0|0.0|0.0|0.0|0.0|0.0|0.0|0.0|0.0|0.0|0.0|0.0|0.0|0.0|0.0|0.0|0.0|0.0|0.0|0.27280025308576095|0.0|0.0|0.0|0.0|0.0|0.0|0.0|0.0|0.0|0.0|0.0|0.0|0.0|0.0|0.0|0.0|0.0|0.0|0.0|0.0|0.0|0.0|0.3132489261715154|0.0|0.0|0.0|0.0|0.0|0.0|0.0|0.0|0.0|0.0|0.0|0.0|0.0|0.0|0.0|0.0|0.0|0.0|0.0|0.0|0.0|0.0|0.0|0.0|0.0|0.0|0.0|0.0|0.0|0.0|0.0|0.0|0.0|0.0|0.0|0.0|0.0|0.0|0.0|0.0|0.0|0.0|0.0|0.0|0.0|0.0|0.27280025308576095|0.0|0.0|0.0|0.0|0.0|0.0|0.0|0.3132489261715154|0.0|0.0|0.0|0.0|0.0|0.0|0.1632041166397255|0.0|0.0|0.0|0.0|0.0|0.27280025308576095|0.0|0.0|0.0|0.0|0.0|0.0|0.0|0.0|0.0|0.0|0.0|0.0|0.0|0.0|0.1749539994509535|0.0|0.0|0.0|0.0|0.0|0.0|0.0|0.0|0.0|0.0|0.0|0.0|0.22184095166536552|0.0|0.0|0.0|0.0|0.0|0.0|0.0|0.0|0.0|0.0|0.0|0.0|0.0|0.0|0.0|0.0|0.0|0.0|0.0|0.0|0.20365278972548|0.0|0.0|0.0|0.0|0.0|0.0|0.0|0.0|0.0|0.0|0.0|0.0|0.0|0.0|0.0|0.0|0.0|0.0|0.0|0.0|0.0|0.0|0.0|0.0|0.0|0.0|0.0|0.0|0.0|0.0|0.0|0.0|0.0|0.0|0.0|0.0|0.0|0.0|0.0|0.0|0.0|0.0|0.0|0.0|0.0|0.0|0.0|0.27280025308576095|0.0|0.0|0.0|0.0|0.0|0.0|0.0|0.0|0.0|0.0|0.1749539994509535|0.0|0.0|0.0|0.0|0.24410146281123446|0.0|0.0|0.0|0.0|0.0|0.0|0.0|0.0|0.0|0.0|0.0|0.0|0.0|0.0|0.0|0.0|0.0|0.0|0.0|0.0|0.0|0.0|0.0|0.0|0.0|0.0|0.0|0.0|0.0|0.0|0.0|0.0|0.0|0.0|0.0|0.0|0.0|0.0|0.0|0.0|0.0|0.0|0.0|0.0|0.0|0.0|0.0|0.0|0.0|0.0|0.0|0.0|0.0|0.0|0.0|0.0|0.0|0.0|0.0|0.0|0.0|0.0|0.0|0.0|0.0|0.0|0.0|0.0|0.0|0.0|0.0|0.0|0.0|0.0|0.0|0.0|0.0|0.0|0.0|0.0|0.0|0.0|0.0|0.0|0.0|0.0|0.0|0.0|0.0|0.0|0.27280025308576095|0.0|0.0|0.0|0.0|0.0|0.0|0.0|0.0|0.0|0.0|0.0|0.15269348830508456|0.0|0.0|0.0|0.0|0.0|0.0|0.0|0.0|0.0|0.0|0.0|0.0|0.0|0.0|0.0|0.0|0.0|0.0|0.0|0.0|0.0|0.0|0.0|0.0|0.0|0.20365278972548|0.0|0.0|0.0|0.0|0.0|0.0|0.0|0.0|0.0|0.0|0.0|0.0|0.0|0.0|0.0|0.0
2012_032527|Qualification / Vocational Training|O CRMV-SC poderá oferecer aos seus funcionários no decorrer do ano, possibilidades de realização de reciclagem e aprimoramento profissional, com cursos, palestras, seminários, etc., em áreas afins com seus serviços no CRMV-SC e com aprovação prévia da Diretoria, custeando os referidos eventos.|oferecer funcionário decorrer ano possibilidade realização reciclagem aprimoramento profissional curso palestra seminário área afim serviço aprovação prévio diretoria custear referir evento|0.0|0.0|0.0|0.0|0.0|0.0|0.0|0.0|0.23738485061573594|0.0|0.0|0.0|0.0|0.1849838401450734|0.0|0.0|0.0|0.0|0.0|0.0|0.0|0.0|0.0|0.0|0.0|0.23738485061573594|0.0|0.23738485061573594|0.0|0.0|0.0|0.0|0.0|0.0|0.0|0.0|0.0|0.0|0.0|0.0|0.0|0.0|0.0|0.0|0.0|0.0|0.0|0.0|0.0|0.0|0.0|0.0|0.0|0.0|0.0|0.0|0.0|0.0|0.0|0.0|0.0|0.0|0.0|0.0|0.0|0.0|0.0|0.0|0.0|0.0|0.0|0.0|0.0|0.0|0.0|0.0|0.0|0.0|0.0|0.0|0.0|0.0|0.0|0.0|0.0|0.0|0.0|0.0|0.0|0.0|0.0|0.0|0.0|0.0|0.0|0.23738485061573594|0.23738485061573594|0.0|0.0|0.23738485061573594|0.0|0.0|0.0|0.0|0.0|0.0|0.0|0.0|0.0|0.0|0.0|0.0|0.0|0.0|0.0|0.0|0.0|0.2067322244905017|0.0|0.0|0.0|0.0|0.0|0.0|0.0|0.0|0.0|0.0|0.0|0.0|0.0|0.0|0.0|0.0|0.0|0.0|0.0|0.0|0.0|0.0|0.0|0.0|0.0|0.0|0.0|0.0|0.0|0.0|0.0|0.0|0.0|0.0|0.0|0.23738485061573594|0.0|0.0|0.0|0.0|0.0|0.0|0.0|0.0|0.0|0.0|0.0|0.0|0.0|0.0|0.0|0.0|0.0|0.0|0.0|0.0|0.0|0.0|0.0|0.0|0.2067322244905017|0.0|0.0|0.0|0.0|0.0|0.0|0.0|0.0|0.0|0.0|0.0|0.0|0.0|0.0|0.0|0.0|0.0|0.0|0.0|0.0|0.0|0.0|0.0|0.0|0.0|0.0|0.0|0.0|0.0|0.0|0.0|0.0|0.0|0.0|0.0|0.0|0.0|0.0|0.0|0.0|0.0|0.0|0.0|0.0|0.0|0.0|0.0|0.0|0.0|0.0|0.0|0.0|0.0|0.0|0.0|0.0|0.0|0.0|0.0|0.0|0.0|0.0|0.0|0.0|0.0|0.0|0.0|0.0|0.0|0.0|0.0|0.2067322244905017|0.0|0.0|0.0|0.0|0.0|0.0|0.23738485061573594|0.0|0.0|0.0|0.0|0.0|0.0|0.0|0.0|0.0|0.0|0.0|0.0|0.0|0.0|0.0|0.0|0.23738485061573594|0.0|0.0|0.0|0.0|0.0|0.0|0.0|0.0|0.0|0.0|0.0|0.0|0.0|0.1681144826740803|0.0|0.0|0.0|0.0|0.0|0.0|0.0|0.0|0.0|0.1849838401450734|0.0|0.0|0.0|0.0|0.0|0.0|0.0|0.2067322244905017|0.0|0.23738485061573594|0.0|0.0|0.2067322244905017|0.0|0.0|0.0|0.0|0.0|0.0|0.0|0.0|0.0|0.0|0.0|0.0|0.0|0.0|0.0|0.0|0.0|0.0|0.0|0.0|0.0|0.23738485061573594|0.0|0.0|0.0|0.0|0.11571347220341778|0.0|0.0|0.0|0.0|0.0|0.0|0.0|0.0|0.0|0.0|0.0|0.0|0.0|0.0|0.0|0.0|0.0|0.0|0.0|0.0|0.0|0.0|0.0|0.0|0.0|0.0|0.0|0.0|0.0|0.0|0.0|0.0|0.0|0.0|0.0|0.0|0.0|0.0|0.23738485061573594|0.0|0.0|0.0
2013_073410|Function Adaptation|Na automação dos meios de produção, com a implantação de novas técnicas ou maquinários, a empresa deverá desenvolver e promover treinamento durante o período necessário e dentro da jornada de trabalho, a fim de que os funcionários adquiram melhor qualificação em seus novos todos de trabalho. |automação meio produção implantação técnica maquinário empresa desenvolver promover treinamento durante período necessário jornada trabalho funcionário adquir bom qualificação trabalho|0.0|0.0|0.0|0.0|0.0|0.0|0.0|0.24420371494240897|0.0|0.0|0.0|0.0|0.0|0.0|0.0|0.0|0.0|0.0|0.0|0.0|0.0|0.0|0.0|0.0|0.0|0.0|0.0|0.0|0.0|0.0|0.0|0.0|0.0|0.0|0.0|0.0|0.0|0.0|0.24420371494240897|0.0|0.0|0.0|0.24420371494240897|0.0|0.0|0.0|0.0|0.0|0.0|0.0|0.0|0.0|0.0|0.0|0.0|0.0|0.0|0.0|0.0|0.0|0.0|0.0|0.0|0.0|0.0|0.0|0.0|0.0|0.0|0.0|0.0|0.0|0.0|0.0|0.0|0.0|0.0|0.0|0.0|0.0|0.0|0.0|0.0|0.0|0.0|0.0|0.0|0.0|0.0|0.0|0.0|0.0|0.0|0.0|0.0|0.0|0.0|0.0|0.0|0.0|0.0|0.0|0.0|0.0|0.0|0.0|0.0|0.24420371494240897|0.0|0.0|0.0|0.0|0.0|0.0|0.0|0.0|0.0|0.0|0.0|0.0|0.0|0.0|0.0|0.0|0.0|0.0|0.0|0.0|0.21267059413412293|0.0|0.0|0.0|0.0|0.0|0.0|0.0|0.0|0.0|0.15876436806080843|0.0|0.0|0.0|0.0|0.0|0.0|0.0|0.0|0.0|0.0|0.0|0.0|0.0|0.0|0.0|0.0|0.0|0.0|0.0|0.0|0.0|0.0|0.0|0.0|0.0|0.0|0.0|0.0|0.0|0.0|0.0|0.0|0.0|0.0|0.0|0.0|0.0|0.0|0.0|0.21267059413412293|0.0|0.0|0.0|0.0|0.0|0.0|0.0|0.0|0.0|0.0|0.0|0.0|0.0|0.0|0.0|0.0|0.0|0.0|0.0|0.0|0.24420371494240897|0.0|0.0|0.0|0.0|0.0|0.0|0.0|0.0|0.0|0.0|0.0|0.0|0.0|0.0|0.0|0.0|0.17294356020674487|0.0|0.0|0.0|0.0|0.0|0.0|0.0|0.24420371494240897|0.0|0.24420371494240897|0.0|0.0|0.0|0.0|0.0|0.0|0.0|0.0|0.0|0.0|0.0|0.0|0.0|0.21267059413412293|0.0|0.0|0.0|0.0|0.0|0.0|0.0|0.0|0.0|0.0|0.0|0.0|0.0|0.0|0.0|0.0|0.0|0.0|0.0|0.0|0.0|0.0|0.0|0.0|0.0|0.0|0.0|0.0|0.0|0.19029748886909445|0.0|0.0|0.0|0.0|0.0|0.0|0.0|0.0|0.0|0.0|0.0|0.0|0.0|0.0|0.0|0.0|0.24420371494240897|0.0|0.0|0.0|0.21267059413412293|0.0|0.0|0.0|0.0|0.0|0.0|0.0|0.0|0.24420371494240897|0.0|0.0|0.0|0.0|0.0|0.0|0.0|0.0|0.0|0.0|0.0|0.0|0.0|0.0|0.0|0.0|0.0|0.0|0.0|0.0|0.0|0.0|0.0|0.0|0.0|0.0|0.0|0.0|0.0|0.0|0.0|0.0|0.0|0.0|0.0|0.0|0.0|0.0|0.0|0.0|0.0|0.0|0.0|0.0|0.0|0.0|0.0|0.0|0.0|0.0|0.0|0.0|0.0|0.0|0.0|0.0|0.0|0.0|0.0|0.29355206383850807|0.0|0.21267059413412293|0.0|0.0|0.0|0.24420371494240897|0.0|0.0|0.0|0.0|0.0|0.0|0.0|0.0|0.0|0.0|0.0|0.0|0.0|0.0
2013_073410|Military Service Assurances|Fica garantido emprego ou salário ao empregado em idade de prestação de serviço militar, desde o alistamento até a respectiva incorporação ao serviço militar ou em tiro de guerra e nos 30 (trinta) dias após o desligamento. |ficar garantir emprego salário empregado idade prestação serviço militar alistamento respectivo incorporação serviço militar tiro guerra trinto dia desligamento|0.0|0.0|0.0|0.0|0.0|0.0|0.0|0.0|0.0|0.0|0.1902327014431969|0.0|0.0|0.0|0.0|0.0|0.0|0.0|0.0|0.0|0.0|0.0|0.0|0.0|0.0|0.0|0.0|0.0|0.0|0.0|0.0|0.0|0.0|0.0|0.0|0.0|0.0|0.0|0.0|0.0|0.0|0.0|0.0|0.0|0.0|0.0|0.0|0.0|0.0|0.0|0.0|0.0|0.0|0.0|0.0|0.0|0.0|0.0|0.0|0.0|0.0|0.0|0.0|0.0|0.0|0.0|0.0|0.0|0.0|0.0|0.0|0.0|0.0|0.0|0.0|0.0|0.0|0.0|0.0|0.0|0.0|0.0|0.0|0.0|0.0|0.0|0.0|0.0|0.0|0.0|0.0|0.0|0.0|0.0|0.0|0.0|0.0|0.0|0.0|0.0|0.0|0.0|0.0|0.0|0.0|0.0|0.0|0.0|0.0|0.0|0.26541880061355816|0.0|0.0|0.0|0.0|0.0|0.1774567034332314|0.0|0.0|0.0|0.0|0.0|0.0|0.0|0.0|0.0|0.0|0.0|0.0|0.0|0.0|0.0|0.0|0.0|0.15568983020233346|0.0|0.0|0.1902327014431969|0.0|0.0|0.0|0.0|0.0|0.0|0.0|0.0|0.0|0.0|0.0|0.0|0.0|0.0|0.0|0.0|0.0|0.0|0.0|0.0|0.0|0.0|0.0|0.0|0.0|0.0|0.0|0.0|0.0|0.0|0.0|0.0|0.0|0.2214377520233948|0.0|0.0|0.0|0.0|0.0|0.0|0.0|0.0|0.0|0.0|0.0|0.26541880061355816|0.0|0.0|0.0|0.0|0.2214377520233948|0.0|0.0|0.0|0.0|0.0|0.1902327014431969|0.0|0.0|0.0|0.0|0.0|0.0|0.0|0.0|0.26541880061355816|0.0|0.0|0.0|0.0|0.0|0.0|0.0|0.0|0.0|0.0|0.0|0.0|0.0|0.0|0.0|0.0|0.0|0.0|0.0|0.0|0.0|0.0|0.0|0.0|0.0|0.0|0.3804654028863938|0.0|0.0|0.0|0.0|0.0|0.0|0.0|0.0|0.0|0.0|0.0|0.0|0.0|0.0|0.0|0.0|0.0|0.0|0.0|0.0|0.0|0.0|0.0|0.0|0.0|0.0|0.0|0.0|0.0|0.0|0.0|0.0|0.0|0.0|0.0|0.0|0.0|0.0|0.0|0.0|0.0|0.0|0.0|0.0|0.0|0.0|0.0|0.0|0.0|0.0|0.2214377520233948|0.0|0.0|0.0|0.0|0.0|0.0|0.0|0.0|0.0|0.0|0.0|0.0|0.0|0.0|0.0|0.0|0.0|0.0|0.0|0.0|0.0|0.0|0.0|0.0|0.0|0.0|0.0|0.0|0.0|0.0|0.0|0.0|0.0|0.0|0.0|0.0|0.0|0.0|0.0|0.29662385119375606|0.0|0.0|0.0|0.0|0.0|0.1902327014431969|0.0|0.0|0.0|0.0|0.0|0.0|0.0|0.0|0.0|0.0|0.33205636755054035|0.0|0.0|0.0|0.0|0.0|0.0|0.0|0.0|0.0|0.0|0.0|0.0|0.0|0.0|0.0|0.2214377520233948|0.0|0.0|0.0|0.0|0.0|0.0|0.0|0.0|0.0|0.2214377520233948|0.0|0.0|0.0|0.0|0.0|0.0|0.0|0.0|0.0|0.0|0.0|0.0|0.0|0.0|0.0|0.0
2016_082062|Military Service Assurances|ESTABILIDADE DO EMPREGADO EM IDADE DE PRESTAR O SERVIÇO MILITAR: Fica assegurada estabilidade provisória ao empregado em idade de prestar serviço militar obrigatório, inclusive Tiro de Guerra, a partir do alistamento compulsório, desde que realizado no primeiro semestre do ano em que o empregado completar 18 anos, até 30 (trinta) dias após o término do mesmo ou da dispensa de incorporação, o que primeiro ocorrer.  Parágrafo único - Estão excluídos da hipótese prevista no “caput” desta cláusula, os refratários, omissos, desertores e facultativos. |estabilidade empregado idade prestar serviço militar fica assegurar estabilidade provisório empregado idade prestar serviço militar obrigatório tiro guerra alistamento compulsório realizar semestre ano empregado completar ano trinto dia término dispensa incorporação ocorrer único excluído hipótese prever caput cláusula refratário omisso desertor facultativo|0.0|0.0|0.0|0.0|0.0|0.0|0.0|0.0|0.0|0.0|0.09482036008540766|0.0|0.0|0.26459284924920706|0.0|0.0|0.0|0.0|0.0|0.0|0.0|0.0|0.0|0.0|0.0|0.0|0.0|0.0|0.0|0.0|0.0|0.0|0.12023182656362436|0.0|0.0|0.0|0.0|0.0|0.0|0.0|0.0|0.0|0.0|0.0|0.0|0.0|0.0|0.1697724891637994|0.0|0.0|0.0|0.0|0.0|0.0|0.0|0.0|0.0|0.0|0.0|0.14785039673376393|0.0|0.0|0.0|0.1697724891637994|0.0|0.0|0.0|0.0|0.0|0.0|0.1697724891637994|0.0|0.0|0.0|0.0|0.0|0.0|0.0|0.0|0.0|0.0|0.0|0.0|0.0|0.0|0.0|0.0|0.0|0.0|0.0|0.0|0.0|0.0|0.0|0.0|0.0|0.0|0.0|0.0|0.0|0.0|0.0|0.0|0.0|0.0|0.0|0.0|0.0|0.1697724891637994|0.0|0.0|0.0|0.0|0.0|0.0|0.0|0.08845223976453259|0.0|0.0|0.0|0.14785039673376393|0.0|0.0|0.0|0.0|0.0|0.0|0.0|0.0|0.0|0.0|0.0|0.0|0.0|0.23280801328202722|0.0|0.0|0.0|0.0|0.0|0.0|0.0|0.0|0.0|0.0|0.0|0.0|0.0|0.0|0.0|0.2404636531272487|0.0|0.0|0.0|0.0|0.0|0.1697724891637994|0.0|0.0|0.0|0.0|0.0|0.0|0.0|0.0|0.0|0.1697724891637994|0.0|0.0|0.0|0.1697724891637994|0.0|0.0|0.0|0.0|0.0|0.0|0.0|0.0|0.0|0.0|0.0|0.0|0.0|0.0|0.0|0.0|0.0|0.11037433219456808|0.0|0.0|0.14785039673376393|0.0|0.0|0.18964072017081532|0.0|0.0|0.0|0.0|0.0|0.0|0.0|0.0|0.13229642462460353|0.0|0.0|0.0|0.0|0.0|0.0|0.0|0.0|0.0|0.0|0.0|0.0|0.0|0.0|0.0|0.0|0.0|0.0|0.0|0.0|0.0|0.0|0.0|0.0|0.0|0.0|0.18964072017081532|0.0|0.0|0.0|0.0|0.0|0.0|0.0|0.0|0.0|0.0|0.0|0.0|0.0|0.0|0.14785039673376393|0.0|0.0|0.1697724891637994|0.0|0.0|0.0|0.1697724891637994|0.0|0.0|0.0|0.0|0.0|0.0|0.0|0.0|0.0|0.0|0.0|0.0|0.0|0.0|0.0|0.0|0.0|0.0|0.0|0.0|0.0|0.0|0.0|0.0|0.0|0.0|0.0|0.3395449783275988|0.0|0.11037433219456808|0.0|0.0|0.0|0.0|0.0|0.0|0.0|0.0|0.0|0.0|0.0|0.0|0.0|0.1697724891637994|0.0|0.0|0.0|0.0|0.0|0.0|0.0|0.0|0.1697724891637994|0.0|0.0|0.0|0.0|0.0|0.0|0.1697724891637994|0.0|0.0|0.0|0.0|0.0|0.0|0.0|0.0|0.0|0.0|0.0|0.0|0.0|0.0|0.0|0.0|0.0|0.0|0.0|0.1697724891637994|0.0|0.0|0.0|0.0|0.0|0.16551152404885697|0.0|0.0|0.0|0.0|0.0|0.0|0.0|0.0|0.0|0.0|0.0|0.0|0.0|0.0|0.0|0.11037433219456808|0.0|0.0|0.0|0.0|0.0|0.0|0.0|0.0|0.0|0.11037433219456808|0.0|0.0|0.0|0.14785039673376393|0.0|0.0|0.0|0.0|0.0|0.0|0.0|0.0|0.0|0.0|0.0|0.14785039673376393
2015_043120|Function Consistencies/Deviations|Com a efetivação do empregado em determinada função, a ele será garantido, quando menos, o menor salário pago ao exercente da mesma;  |efetivação empregado determinar função ser garantir salário pagar exercente mesma|0.0|0.0|0.0|0.0|0.0|0.0|0.0|0.0|0.0|0.0|0.0|0.0|0.0|0.0|0.0|0.0|0.0|0.0|0.0|0.0|0.0|0.0|0.0|0.0|0.0|0.0|0.0|0.0|0.0|0.0|0.0|0.0|0.0|0.0|0.0|0.0|0.0|0.0|0.0|0.0|0.0|0.0|0.0|0.0|0.0|0.0|0.0|0.0|0.0|0.0|0.0|0.0|0.0|0.0|0.0|0.0|0.0|0.0|0.0|0.0|0.0|0.0|0.0|0.0|0.0|0.0|0.0|0.0|0.0|0.0|0.0|0.0|0.0|0.0|0.0|0.0|0.0|0.0|0.0|0.0|0.0|0.0|0.0|0.0|0.0|0.0|0.0|0.0|0.0|0.0|0.0|0.0|0.0|0.0|0.0|0.0|0.0|0.0|0.0|0.0|0.0|0.0|0.0|0.0|0.0|0.0|0.0|0.0|0.0|0.0|0.0|0.0|0.33521617575094564|0.0|0.0|0.0|0.0|0.0|0.0|0.0|0.0|0.0|0.0|0.0|0.0|0.0|0.0|0.0|0.0|0.0|0.0|0.38491939029211486|0.0|0.0|0.17594589670959979|0.0|0.0|0.0|0.0|0.0|0.0|0.0|0.0|0.0|0.0|0.0|0.0|0.0|0.0|0.0|0.0|0.0|0.0|0.0|0.0|0.0|0.0|0.38491939029211486|0.0|0.0|0.0|0.0|0.0|0.0|0.0|0.0|0.0|0.0|0.0|0.0|0.0|0.0|0.0|0.0|0.0|0.0|0.0|0.0|0.0|0.0|0.27259753098116074|0.0|0.0|0.29995118381752234|0.0|0.0|0.0|0.0|0.0|0.0|0.0|0.0|0.0|0.0|0.0|0.0|0.0|0.0|0.0|0.0|0.0|0.0|0.0|0.0|0.0|0.0|0.0|0.0|0.0|0.0|0.0|0.0|0.0|0.0|0.0|0.0|0.0|0.0|0.0|0.0|0.0|0.0|0.0|0.0|0.0|0.0|0.0|0.0|0.0|0.38491939029211486|0.0|0.0|0.0|0.0|0.0|0.0|0.0|0.0|0.0|0.0|0.0|0.0|0.0|0.0|0.0|0.0|0.0|0.0|0.0|0.0|0.0|0.0|0.0|0.0|0.0|0.0|0.38491939029211486|0.0|0.0|0.0|0.0|0.0|0.0|0.0|0.0|0.0|0.0|0.0|0.0|0.0|0.0|0.0|0.0|0.0|0.0|0.0|0.0|0.0|0.0|0.0|0.0|0.0|0.0|0.0|0.0|0.0|0.0|0.0|0.0|0.0|0.0|0.0|0.0|0.0|0.0|0.0|0.0|0.0|0.0|0.0|0.0|0.0|0.0|0.0|0.0|0.0|0.0|0.0|0.0|0.0|0.0|0.0|0.0|0.0|0.0|0.0|0.0|0.0|0.0|0.0|0.0|0.0|0.0|0.0|0.0|0.0|0.0|0.2149829773429299|0.0|0.0|0.0|0.0|0.0|0.0|0.0|0.0|0.23135168410185333|0.0|0.0|0.0|0.0|0.0|0.0|0.0|0.0|0.0|0.0|0.0|0.0|0.0|0.0|0.0|0.0|0.0|0.0|0.0|0.0|0.0|0.0|0.0|0.0|0.0|0.0|0.0|0.0|0.0|0.0|0.0|0.0|0.0|0.0|0.0|0.0|0.0|0.0|0.0|0.0|0.0|0.0|0.0|0.0
2015_043120|Function Consistencies/Deviations|Nas substituições internas, que não tenham caráter meramente eventual ou de experiência, o empregado substituto receberá o salário do substituído, sem considerar vantagens pessoais ou inerentes ao cargo efetivo; |substituição interno ter caráter meramente experiência empregado substituto receber salário substituir considerar vantagem pessoal inerente cargo efetivo|0.0|0.0|0.0|0.0|0.0|0.0|0.0|0.0|0.0|0.0|0.0|0.0|0.0|0.0|0.0|0.0|0.0|0.0|0.0|0.0|0.0|0.0|0.0|0.0|0.0|0.0|0.0|0.0|0.0|0.0|0.0|0.0|0.0|0.0|0.0|0.0|0.0|0.0|0.0|0.0|0.0|0.0|0.0|0.0|0.0|0.0|0.0|0.0|0.26050713444859247|0.0|0.26050713444859247|0.0|0.0|0.0|0.0|0.0|0.0|0.0|0.0|0.0|0.0|0.0|0.0|0.0|0.0|0.0|0.0|0.0|0.0|0.0|0.0|0.0|0.0|0.0|0.0|0.0|0.0|0.0|0.0|0.26050713444859247|0.0|0.0|0.0|0.0|0.0|0.0|0.0|0.0|0.0|0.0|0.0|0.0|0.0|0.0|0.0|0.0|0.0|0.0|0.0|0.0|0.0|0.0|0.0|0.0|0.0|0.0|0.0|0.0|0.0|0.0|0.0|0.0|0.0|0.0|0.0|0.0|0.0|0.0|0.0|0.0|0.0|0.0|0.0|0.0|0.0|0.0|0.0|0.0|0.0|0.0|0.0|0.0|0.26050713444859247|0.0|0.11907729910676006|0.0|0.0|0.0|0.0|0.0|0.0|0.0|0.0|0.0|0.0|0.0|0.0|0.0|0.0|0.0|0.0|0.0|0.0|0.0|0.0|0.0|0.0|0.0|0.0|0.0|0.0|0.20300204495145296|0.0|0.0|0.0|0.0|0.0|0.0|0.0|0.0|0.0|0.0|0.0|0.0|0.0|0.0|0.0|0.0|0.0|0.0|0.0|0.0|0.0|0.0|0.0|0.0|0.0|0.0|0.0|0.0|0.0|0.0|0.0|0.0|0.0|0.0|0.0|0.0|0.0|0.0|0.0|0.0|0.0|0.0|0.0|0.0|0.0|0.26050713444859247|0.0|0.0|0.0|0.0|0.0|0.26050713444859247|0.0|0.0|0.0|0.0|0.0|0.0|0.0|0.0|0.0|0.0|0.0|0.0|0.0|0.0|0.26050713444859247|0.0|0.0|0.0|0.0|0.0|0.0|0.0|0.0|0.0|0.0|0.0|0.0|0.0|0.0|0.0|0.0|0.0|0.0|0.0|0.0|0.0|0.0|0.0|0.0|0.0|0.0|0.0|0.0|0.0|0.0|0.0|0.0|0.0|0.0|0.0|0.0|0.0|0.0|0.0|0.0|0.0|0.0|0.26050713444859247|0.0|0.0|0.0|0.0|0.0|0.0|0.0|0.0|0.0|0.0|0.0|0.0|0.0|0.0|0.0|0.0|0.0|0.0|0.0|0.0|0.0|0.0|0.0|0.0|0.0|0.0|0.0|0.0|0.0|0.0|0.0|0.0|0.0|0.0|0.0|0.20300204495145296|0.0|0.0|0.0|0.0|0.0|0.0|0.0|0.0|0.0|0.0|0.0|0.0|0.0|0.0|0.0|0.0|0.0|0.0|0.0|0.14549695545431351|0.0|0.0|0.0|0.0|0.0|0.0|0.0|0.0|0.0|0.0|0.0|0.0|0.0|0.0|0.0|0.0|0.0|0.0|0.0|0.0|0.0|0.26050713444859247|0.26050713444859247|0.26050713444859247|0.0|0.26050713444859247|0.0|0.0|0.0|0.0|0.0|0.0|0.0|0.0|0.0|0.0|0.0|0.0|0.0|0.0|0.0|0.0|0.0|0.0|0.26050713444859247|0.0|0.0|0.0|0.0|0.0|0.0|0.0|0.0
2015_043120|Military Service Assurances|Garantia de emprego ao menor em idade de prestação de serviço militar ou tiro de guerra, desde o alistamento até 30 (trinta) dias após o desligamento, exceto nos casos de contrato por prazo determinado, de experiência, dispensa por justa causa, pedido de demissão ou transação; |garantia emprego idade prestação serviço militar tiro guerra alistamento trinto dia desligamento exceto caso contrato prazo determinar experiência dispensar justa causa pedir demissão transação|0.0|0.0|0.0|0.0|0.0|0.0|0.0|0.0|0.0|0.0|0.14758540459066938|0.0|0.0|0.0|0.0|0.0|0.0|0.0|0.0|0.0|0.0|0.0|0.0|0.0|0.0|0.0|0.0|0.0|0.0|0.0|0.0|0.0|0.0|0.0|0.0|0.0|0.0|0.0|0.0|0.0|0.0|0.0|0.0|0.0|0.0|0.0|0.0|0.0|0.0|0.0|0.0|0.20591591654507863|0.0|0.23012526635829134|0.0|0.0|0.0|0.0|0.0|0.0|0.0|0.0|0.0|0.0|0.0|0.0|0.0|0.0|0.0|0.0|0.0|0.0|0.0|0.0|0.0|0.0|0.0|0.0|0.0|0.0|0.0|0.0|0.0|0.0|0.0|0.0|0.23012526635829134|0.0|0.0|0.0|0.0|0.0|0.0|0.0|0.0|0.0|0.0|0.0|0.0|0.0|0.0|0.23012526635829134|0.0|0.0|0.0|0.0|0.0|0.0|0.0|0.0|0.20591591654507863|0.0|0.23012526635829134|0.0|0.0|0.0|0.13767359226268558|0.0|0.0|0.0|0.0|0.2642464284994879|0.0|0.0|0.0|0.0|0.0|0.0|0.0|0.0|0.0|0.0|0.0|0.0|0.0|0.0|0.0|0.14758540459066938|0.0|0.0|0.0|0.0|0.0|0.0|0.0|0.0|0.0|0.0|0.0|0.0|0.0|0.0|0.0|0.0|0.0|0.2642464284994879|0.0|0.0|0.0|0.0|0.0|0.20591591654507863|0.0|0.0|0.0|0.0|0.0|0.0|0.0|0.0|0.0|0.0|0.0|0.0|0.0|0.0|0.0|0.0|0.0|0.0|0.0|0.0|0.23012526635829134|0.0|0.0|0.0|0.0|0.0|0.17179475440388212|0.0|0.0|0.0|0.0|0.0|0.14758540459066938|0.0|0.0|0.0|0.0|0.0|0.0|0.0|0.0|0.0|0.0|0.0|0.0|0.0|0.0|0.0|0.0|0.0|0.0|0.0|0.0|0.0|0.0|0.0|0.0|0.23012526635829134|0.0|0.0|0.0|0.0|0.0|0.0|0.0|0.0|0.0|0.0|0.14758540459066938|0.0|0.0|0.0|0.0|0.0|0.0|0.0|0.0|0.0|0.0|0.0|0.0|0.0|0.0|0.0|0.0|0.0|0.0|0.0|0.0|0.0|0.0|0.0|0.0|0.0|0.0|0.0|0.0|0.0|0.0|0.0|0.0|0.0|0.2642464284994879|0.0|0.0|0.0|0.0|0.0|0.0|0.0|0.0|0.0|0.0|0.0|0.18713768595779115|0.0|0.0|0.0|0.0|0.17179475440388212|0.0|0.0|0.0|0.0|0.0|0.0|0.0|0.0|0.0|0.0|0.0|0.0|0.0|0.0|0.0|0.0|0.0|0.0|0.0|0.0|0.0|0.0|0.0|0.0|0.0|0.0|0.0|0.0|0.0|0.0|0.0|0.0|0.0|0.0|0.0|0.0|0.0|0.0|0.0|0.0|0.0|0.0|0.0|0.0|0.0|0.0|0.0|0.0|0.0|0.0|0.0|0.0|0.0|0.0|0.0|0.0|0.1288071740033819|0.0|0.0|0.0|0.0|0.0|0.0|0.0|0.0|0.0|0.0|0.0|0.0|0.0|0.0|0.0|0.17179475440388212|0.0|0.0|0.0|0.0|0.0|0.0|0.2642464284994879|0.0|0.0|0.17179475440388212|0.0|0.0|0.0|0.0|0.0|0.0|0.0|0.0|0.0|0.0|0.0|0.0|0.0|0.0|0.0|0.0
2015_043120|Apprentice Assurances|1.  É facultado ao empregado estudante ausentar-se dos serviços, sem prejuízo de sua remuneração, para a realização de exames escolares programados por estabelecimentos de ensino de primeiro (1º) e segundo (2º) graus, universitários ou de formação profissional, desde que comunique à empresa, por escrito, com 72 (setenta e duas) horas de antecedência, sujeitando-se, ainda, a apresentação de comprovantes de realização do exame em igual prazo.  2. Fica facultado á empresa, após a comunicação a que alude o item “75.1” supra adequar o horário de trabalho do empregado, mediante compensação, a fim de propiciar a ausência do mesmo, sem prejuízos dos serviços, no que deve anuir o empregado.  3. Utilizando-se, ou não, a empresa, da faculdade prevista no item “75.2” acima, será assegurada ao empregado a remuneração das horas de ausências e sua consideração no tempo de serviço.  4. Havendo necessidade de prorrogação de jornada de trabalho, o empregador se compromete a convocar, prioritariamente, o não estudante dentre os que estejam habilitados aos serviços a sem cumpridos. |facultar empregado estudante serviço prejuízo remuneração realização exame escolar programar estabelecimento ensino grau universitário formação profissional comunique empresa escrito setenta hora antecedência apresentação comprovante realização exame igual prazo ficar facultar á empresa comunicação alude item supra adequar horário trabalho empregado mediante compensação propiciar ausência prejuízo serviço anuir empregado empresa faculdade prever item acima ser assegurar empregar remuneração hora ausência consideração serviço havendo necessidade prorrogação jornada trabalho empregador comprometar convocar prioritariamente estudante dentre estar habilitar serviço cumprir|0.0|0.0|0.0|0.10908485423969208|0.0|0.09499913122804299|0.0|0.0|0.0|0.0|0.0|0.10908485423969208|0.0|0.0|0.0|0.0|0.10908485423969208|0.0|0.10908485423969208|0.0|0.0|0.0|0.0|0.0|0.10908485423969208|0.0|0.0|0.0|0.0|0.0|0.0|0.0|0.07725321894179728|0.0|0.0|0.0|0.0|0.21816970847938416|0.0|0.0|0.0|0.0|0.0|0.0|0.0|0.0|0.0|0.0|0.0|0.0|0.0|0.0|0.0|0.0|0.0|0.0|0.0|0.0|0.0|0.0|0.0|0.0|0.10908485423969208|0.0|0.0|0.10908485423969208|0.0|0.0|0.10908485423969208|0.0|0.0|0.10908485423969208|0.10908485423969208|0.0|0.0|0.0|0.0|0.0|0.0|0.0|0.10908485423969208|0.0|0.0|0.0|0.0|0.0|0.0|0.0|0.0|0.09499913122804299|0.0|0.0|0.0|0.0|0.10908485423969208|0.0|0.0|0.0|0.0|0.0|0.0|0.0|0.10908485423969208|0.0|0.0|0.0|0.0|0.0|0.0|0.0|0.0|0.0|0.0|0.0|0.0|0.0|0.0|0.0|0.0|0.0|0.0|0.0|0.0|0.0|0.0|0.0|0.0|0.0|0.0|0.0|0.0|0.0|0.0|0.0|0.14958741737125567|0.10908485423969208|0.10908485423969208|0.0|0.21275828607833958|0.10908485423969208|0.0|0.0|0.0|0.09499913122804299|0.10908485423969208|0.0|0.0|0.0|0.0|0.10908485423969208|0.0|0.09499913122804299|0.21816970847938416|0.0|0.21816970847938416|0.0|0.0|0.0|0.0|0.0|0.0|0.0|0.0|0.0|0.10908485423969208|0.21816970847938416|0.0|0.0|0.0|0.0|0.0|0.07091942869277985|0.0|0.09499913122804299|0.0|0.0|0.0|0.0|0.0|0.0|0.0|0.0|0.0|0.0|0.0|0.0|0.10908485423969208|0.0|0.0|0.09499913122804299|0.09499913122804299|0.0|0.18999826245608598|0.09499913122804299|0.0|0.10908485423969208|0.0|0.0|0.0|0.0|0.0|0.0|0.0|0.0|0.0|0.0|0.0|0.0|0.0|0.0|0.0|0.0|0.0|0.0|0.0|0.21816970847938416|0.07725321894179728|0.0|0.0|0.0|0.0|0.0|0.0|0.0|0.0|0.10908485423969208|0.0|0.0|0.0|0.0|0.0|0.0|0.0|0.0|0.0|0.0|0.0|0.0|0.0|0.10908485423969208|0.0|0.0|0.0|0.0|0.0|0.0|0.0|0.0|0.0|0.0|0.0|0.0|0.0|0.0|0.0|0.0|0.0|0.0|0.0|0.0|0.0|0.0|0.0|0.0|0.0|0.0|0.0|0.0|0.0|0.0|0.0|0.0|0.0|0.0|0.0|0.0|0.07725321894179728|0.0|0.21816970847938416|0.0|0.0|0.0|0.07091942869277985|0.0|0.10908485423969208|0.0|0.0|0.0|0.07725321894179728|0.0|0.10908485423969208|0.0|0.0|0.10908485423969208|0.0|0.10908485423969208|0.0|0.0|0.0|0.0|0.0|0.0|0.0|0.0|0.0|0.0|0.18999826245608598|0.0|0.0|0.0|0.0|0.0|0.0|0.0|0.0|0.0|0.0|0.0|0.0|0.0|0.21816970847938416|0.0|0.0|0.0|0.0|0.0|0.0|0.0|0.0|0.0|0.0|0.0|0.0|0.0|0.0|0.0|0.06556428534090127|0.0|0.21269406562613655|0.0|0.0|0.0|0.0|0.09499913122804299|0.0|0.0|0.0|0.0|0.0|0.0|0.0|0.0|0.10908485423969208|0.0|0.0|0.0|0.0|0.0|0.0|0.0|0.13112857068180253|0.0|0.0|0.0|0.0|0.0|0.0|0.0|0.0|0.0|0.10908485423969208|0.0|0.0|0.0|0.0|0.0|0.0|0.0|0.0|0.0|0.0
2012_032551|Military Service Assurances|A(s) empresa(s) concederá (ão) estabilidade ao empregado em idade de prestação do serviço militar, inclusive do Tiro de Guerra, desde a data do alistamento até 60 (sessenta) dias após o desengajamento previsto na Lei n. 4.375/64. |conceder ão estabilidade empregado idade prestação serviço militar tiro guerra data alistamento sessenta dia desengajamento prever lei|0.0|0.0|0.0|0.0|0.0|0.0|0.0|0.0|0.0|0.0|0.1840198401284845|0.0|0.0|0.0|0.0|0.0|0.0|0.0|0.0|0.0|0.0|0.0|0.0|0.0|0.0|0.0|0.0|0.0|0.0|0.0|0.0|0.0|0.0|0.0|0.0|0.0|0.0|0.0|0.0|0.0|0.0|0.0|0.0|0.0|0.0|0.0|0.0|0.0|0.0|0.0|0.0|0.0|0.0|0.0|0.0|0.0|0.0|0.0|0.0|0.0|0.0|0.0|0.0|0.0|0.0|0.0|0.0|0.0|0.0|0.0|0.0|0.0|0.0|0.3294809921202264|0.0|0.0|0.0|0.0|0.0|0.0|0.0|0.0|0.0|0.0|0.0|0.0|0.0|0.0|0.0|0.0|0.0|0.0|0.0|0.0|0.0|0.0|0.0|0.25675041612435545|0.0|0.0|0.0|0.0|0.0|0.0|0.0|0.0|0.3294809921202264|0.0|0.0|0.0|0.0|0.0|0.0|0.0|0.0|0.0|0.1716610968974859|0.0|0.0|0.0|0.0|0.0|0.0|0.0|0.0|0.0|0.0|0.0|0.0|0.0|0.0|0.0|0.0|0.0|0.15060511387427855|0.0|0.0|0.0|0.0|0.0|0.0|0.0|0.0|0.0|0.0|0.0|0.0|0.0|0.0|0.0|0.23333640035394418|0.0|0.0|0.0|0.0|0.0|0.0|0.0|0.0|0.0|0.0|0.0|0.0|0.0|0.0|0.0|0.0|0.0|0.0|0.0|0.0|0.0|0.0|0.0|0.0|0.0|0.0|0.0|0.0|0.0|0.0|0.0|0.0|0.0|0.0|0.0|0.0|0.0|0.2142057565109207|0.0|0.0|0.0|0.0|0.0|0.1840198401284845|0.0|0.0|0.0|0.0|0.0|0.0|0.0|0.0|0.0|0.0|0.0|0.0|0.0|0.0|0.0|0.0|0.0|0.0|0.0|0.0|0.0|0.0|0.0|0.0|0.0|0.0|0.2869363325067916|0.0|0.0|0.0|0.0|0.0|0.0|0.0|0.0|0.1840198401284845|0.0|0.0|0.0|0.0|0.0|0.0|0.0|0.0|0.0|0.0|0.0|0.0|0.0|0.0|0.0|0.0|0.0|0.0|0.0|0.0|0.0|0.0|0.0|0.0|0.0|0.0|0.0|0.0|0.0|0.0|0.0|0.0|0.0|0.0|0.0|0.0|0.0|0.0|0.0|0.0|0.0|0.0|0.0|0.0|0.0|0.0|0.0|0.0|0.0|0.0|0.2142057565109207|0.2142057565109207|0.0|0.0|0.0|0.0|0.0|0.0|0.0|0.0|0.0|0.0|0.0|0.0|0.0|0.0|0.0|0.0|0.0|0.0|0.0|0.0|0.0|0.0|0.0|0.0|0.0|0.0|0.0|0.0|0.0|0.0|0.0|0.0|0.0|0.0|0.0|0.0|0.0|0.0|0.0|0.0|0.0|0.0|0.0|0.0|0.0|0.0|0.0|0.0|0.0|0.0|0.0|0.0|0.0|0.0|0.0|0.16060582435807322|0.0|0.3294809921202264|0.0|0.0|0.0|0.0|0.0|0.0|0.0|0.0|0.0|0.0|0.0|0.0|0.0|0.2142057565109207|0.0|0.0|0.0|0.0|0.0|0.0|0.0|0.0|0.0|0.0|0.0|0.0|0.0|0.0|0.0|0.0|0.0|0.0|0.0|0.0|0.0|0.0|0.0|0.3294809921202264|0.0|0.0
